Ortschaftsname;PLZ;Zusatzziffer;Gemeindename;BFS-Nr;Kantonskürzel;E;N;Sprache
Lausanne 25;1000;25;Lausanne;5586;VD;6.682260992495471;46.55958931108374;fr
Lausanne 26;1000;26;Lausanne;5586;VD;6.6959324311008706;46.55456986340046;fr
Lausanne 27;1000;27;Lausanne;5586;VD;6.681671853412999;46.542070161244645;fr
Lausanne;1003;00;Lausanne;5586;VD;6.631876774550748;46.52057732324408;fr
Lausanne;1004;00;Lausanne;5586;VD;6.618649236897379;46.52829108998057;fr
Lausanne;1005;00;Lausanne;5586;VD;6.642754046837759;46.520897051430794;fr
Lausanne;1006;00;Lausanne;5586;VD;6.63380325519935;46.51285438218869;fr
Lausanne;1007;00;Lausanne;5586;VD;6.613567838308965;46.51791773655359;fr
Prilly;1008;00;Prilly;5589;VD;6.604532947343865;46.536752484570144;fr
Jouxtens-Mézery;1008;02;Jouxtens-Mézery;5585;VD;6.595169304656273;46.54951172858354;fr
Pully;1009;00;Pully;5590;VD;6.660716168506341;46.51250239616721;fr
Lausanne;1010;00;Lausanne;5586;VD;6.652379107626194;46.537426940722995;fr
Lausanne;1011;00;Lausanne;5586;VD;6.64395153843156;46.525430465313775;fr
Lausanne;1012;00;Lausanne;5586;VD;6.6547023906150145;46.52644984796048;fr
Lausanne;1015;00;Ecublens (VD);5635;VD;6.56669125545918;46.519618240446924;fr
Lausanne;1015;00;Saint-Sulpice (VD);5648;VD;6.584587844328571;46.519403529867574;fr
Lausanne;1015;00;Chavannes-près-Renens;5627;VD;6.58431074292634;46.52291893205492;fr
Lausanne;1018;00;Lausanne;5586;VD;6.629509086433683;46.53509811967605;fr
Renens VD;1020;00;Renens (VD);5591;VD;6.589418766285273;46.53790883975534;fr
Chavannes-près-Renens;1022;00;Chavannes-près-Renens;5627;VD;6.575188429377248;46.531846016696534;fr
Crissier;1023;00;Crissier;5583;VD;6.577516066829996;46.55347241724606;fr
Crissier;1023;00;Lausanne;5586;VD;6.589569651957258;46.55900585995713;fr
Ecublens VD;1024;00;Ecublens (VD);5635;VD;6.559866424467999;46.52498127281;fr
St-Sulpice VD;1025;00;Saint-Sulpice (VD);5648;VD;6.562371227449561;46.51277485899914;fr
Denges;1026;02;Denges;5632;VD;6.539660546810544;46.52051380316917;fr
Echandens;1026;03;Echandens;5633;VD;6.541886769233885;46.53558204093775;fr
Lonay;1027;00;Lonay;5638;VD;6.519071456162349;46.526511205768344;fr
Préverenges;1028;00;Préverenges;5643;VD;6.528776936705016;46.51595592831658;fr
Villars-Ste-Croix;1029;00;Villars-Sainte-Croix;5651;VD;6.563546824226358;46.56734559848087;fr
Bussigny;1030;00;Bussigny;5624;VD;6.555076527220439;46.55169866667129;fr
Mex VD;1031;00;Mex (VD);5489;VD;6.561135058562692;46.57689887894324;fr
Mex VD;1031;00;Vufflens-la-Ville;5503;VD;6.550752943803952;46.56563596919536;fr
Romanel-sur-Lausanne;1032;00;Romanel-sur-Lausanne;5592;VD;6.6038937217511595;46.56294441932535;fr
Romanel-sur-Lausanne;1032;00;Lausanne;5586;VD;6.611641538798493;46.571153897454664;fr
Cheseaux-sur-Lausanne;1033;00;Cheseaux-sur-Lausanne;5582;VD;6.605139119138724;46.58535381560857;fr
Cheseaux-sur-Lausanne;1033;00;Lausanne;5586;VD;6.608524892024692;46.579000394017896;fr
Cheseaux-sur-Lausanne;1033;00;Crissier;5583;VD;6.586711130737487;46.573216292106444;fr
Boussens;1034;00;Boussens;5473;VD;6.584396780262785;46.6032458824742;fr
Bournens;1035;00;Bournens;5472;VD;6.562771019634267;46.603926876386176;fr
Sullens;1036;00;Sullens;5501;VD;6.566576356173655;46.59218022717493;fr
Etagnières;1037;00;Etagnières;5521;VD;6.613076138773061;46.60046219456636;fr
Bercher;1038;00;Bercher;5512;VD;6.70823336015071;46.69122593581566;fr
Bercher;1038;00;Montanaire;5693;VD;6.718069777955311;46.695723612645175;fr
Bercher;1038;00;Boulens;5661;VD;6.717694742573653;46.6954153778425;fr
Echallens;1040;00;Echallens;5518;VD;6.634803290238614;46.64102811050633;fr
Villars-le-Terroir;1040;02;Villars-le-Terroir;5537;VD;6.639080311572197;46.65560479023315;fr
St-Barthélemy VD;1040;03;Saint-Barthélemy (VD);5535;VD;6.60197796701749;46.63610436262268;fr
Dommartin;1041;21;Montilliez;5540;VD;6.7014298044072715;46.64862242229935;fr
Montaubion-Chardonney;1041;22;Jorat-Menthue;5804;VD;6.71204660616066;46.64597399807561;fr
Naz;1041;26;Montilliez;5540;VD;6.695550656202952;46.65815581661537;fr
Poliez-le-Grand;1041;31;Montilliez;5540;VD;6.664025181312497;46.63713779033568;fr
Poliez-Pittet;1041;32;Poliez-Pittet;5533;VD;6.683092371329503;46.62788333130655;fr
Bottens;1041;33;Bottens;5514;VD;6.66072081255787;46.61631651184051;fr
Assens;1042;00;Assens;5511;VD;6.623622613213966;46.61251207093423;fr
Bioley-Orjulaz;1042;03;Assens;5511;VD;6.597417547461544;46.62034560057727;fr
Bettens;1042;04;Bettens;5471;VD;6.5767296730171925;46.626469872001266;fr
Sugnens;1043;00;Montilliez;5540;VD;6.672146065921565;46.65570651358955;fr
Fey;1044;00;Fey;5522;VD;6.682602397765216;46.67495584218276;fr
Ogens;1045;00;Ogens;5680;VD;6.724016200504792;46.71069422633154;fr
Ogens;1045;00;Bioley-Magnoux;5903;VD;6.730947350856542;46.719670393634;fr
Rueyres;1046;00;Rueyres;5534;VD;6.694534216509404;46.69393490251864;fr
Oppens;1047;00;Oppens;5923;VD;6.693940472331957;46.7141897507765;fr
Le Mont-sur-Lausanne;1052;00;Le Mont-sur-Lausanne;5587;VD;6.634456135165543;46.553935058642494;fr
Cugy VD;1053;00;Cugy (VD);5516;VD;6.641567897565577;46.584544773874875;fr
Cugy VD;1053;00;Lausanne;5586;VD;6.658595803346203;46.591724868711104;fr
Bretigny-sur-Morrens;1053;02;Bretigny-sur-Morrens;5515;VD;6.642176850626609;46.59633384407513;fr
Morrens VD;1054;00;Morrens (VD);5527;VD;6.627340843158674;46.590957178021746;fr
Froideville;1055;00;Froideville;5523;VD;6.681665782803761;46.60112882411146;fr
Villars-Tiercelin;1058;00;Jorat-Menthue;5804;VD;6.7054843480136865;46.62615882169103;fr
Peney-le-Jorat;1059;00;Jorat-Menthue;5804;VD;6.728909707660281;46.63211887949835;fr
Peney-le-Jorat;1059;00;Hermenches;5673;VD;6.7410011576661;46.63928250118014;fr
Villars-Mendraz;1061;00;Jorat-Menthue;5804;VD;6.728762061924316;46.646313488900795;fr
Sottens;1062;00;Jorat-Menthue;5804;VD;6.741914296036963;46.65554365876065;fr
Chapelle-sur-Moudon;1063;00;Montanaire;5693;VD;6.736231541869608;46.66955125818471;fr
Martherenges;1063;02;Montanaire;5693;VD;6.753407418605504;46.66098402971616;fr
Boulens;1063;03;Boulens;5661;VD;6.719830374241433;46.68135934598894;fr
Peyres-Possens;1063;04;Montanaire;5693;VD;6.707252357631969;46.66140723210443;fr
Peyres-Possens;1063;04;Jorat-Menthue;5804;VD;6.7187368266823215;46.66048196572256;fr
Epalinges;1066;00;Epalinges;5584;VD;6.667981542179694;46.54945371018914;fr
Les Monts-de-Pully;1068;00;Pully;5590;VD;6.689960948766216;46.53661959840326;fr
Puidoux;1070;00;Puidoux;5607;VD;6.77703282323339;46.49794753198385;fr
Puidoux;1070;00;Bourg-en-Lavaux;5613;VD;6.754742563582638;46.50425635687299;fr
Chexbres;1071;00;Chexbres;5601;VD;6.778748751946148;46.48223264960818;fr
Chexbres;1071;00;Rivaz;5609;VD;6.779045286265032;46.47927471437275;fr
Rivaz;1071;01;Rivaz;5609;VD;6.779163449499992;46.47599188678675;fr
Rivaz;1071;01;Puidoux;5607;VD;6.777288355317762;46.47492843460778;fr
St-Saphorin (Lavaux);1071;02;Saint-Saphorin (Lavaux);5610;VD;6.7945006944140225;46.47615207445402;fr
Forel (Lavaux);1072;00;Forel (Lavaux);5604;VD;6.763436715179077;46.53624402553723;fr
Savigny;1073;00;Savigny;5611;VD;6.722721089112828;46.54149994050534;fr
Mollie-Margot;1073;02;Savigny;5611;VD;6.746730010451172;46.555169776779714;fr
Ferlens VD;1076;00;Jorat-Mézières;5806;VD;6.786183402670596;46.58813048637782;fr
Servion;1077;00;Servion;5799;VD;6.781575671111012;46.57326070684698;fr
Essertes;1078;00;Oron;5805;VD;6.786675187656863;46.561460514878846;fr
Les Cullayes;1080;00;Servion;5799;VD;6.754310309120769;46.573396494199805;fr
Les Cullayes;1080;00;Forel (Lavaux);5604;VD;6.759800346343573;46.56524317260549;fr
Montpreveyres;1081;00;Montpreveyres;5792;VD;6.738873411761369;46.580813999274795;fr
Corcelles-le-Jorat;1082;00;Corcelles-le-Jorat;5785;VD;6.73895861400672;46.60645289800993;fr
Mézières VD;1083;00;Jorat-Mézières;5806;VD;6.77126693848518;46.5946377889789;fr
Carrouge VD;1084;00;Jorat-Mézières;5806;VD;6.773208826229314;46.60331221860431;fr
Carrouge VD;1084;00;Vulliens;5803;VD;6.789654345415109;46.600060908436184;fr
Vulliens;1085;00;Vulliens;5803;VD;6.79288649004046;46.622254116257906;fr
Vulliens;1085;00;Rue;2097;FR;6.8046555807904605;46.644036327086965;fr
Ropraz;1088;00;Ropraz;5798;VD;6.753550959055372;46.61165150403361;fr
La Croix (Lutry);1090;00;Lutry;5606;VD;6.699459769837244;46.51693566362185;fr
La Croix (Lutry);1090;00;Savigny;5611;VD;6.716122429779132;46.51823949770408;fr
Grandvaux;1091;00;Bourg-en-Lavaux;5613;VD;6.720380757306086;46.499833777885975;fr
Grandvaux;1091;00;Forel (Lavaux);5604;VD;6.739889420168393;46.513404648568766;fr
Aran;1091;01;Bourg-en-Lavaux;5613;VD;6.712856457756879;46.50331229244865;fr
Aran;1091;01;Savigny;5611;VD;6.720083108888324;46.518309638606134;fr
Chenaux;1091;03;Bourg-en-Lavaux;5613;VD;6.728808229480355;46.494957056229566;fr
Belmont-sur-Lausanne;1092;00;Belmont-sur-Lausanne;5581;VD;6.681730997675723;46.522027436168884;fr
Belmont-sur-Lausanne;1092;00;Lutry;5606;VD;6.692433217484396;46.5246801962021;fr
La Conversion;1093;00;Lutry;5606;VD;6.6856708682340065;46.514254111043115;fr
Paudex;1094;00;Paudex;5588;VD;6.673026128618732;46.50724251620907;fr
Lutry;1095;00;Lutry;5606;VD;6.68801632490201;46.505813402529526;fr
Lutry;1095;00;Bourg-en-Lavaux;5613;VD;6.706901822700388;46.50144783489919;fr
Lutry;1095;00;Paudex;5588;VD;6.675585701147447;46.50867214389593;fr
Cully;1096;00;Bourg-en-Lavaux;5613;VD;6.728191893298381;46.48932171255854;fr
Cully;1096;00;Puidoux;5607;VD;6.75444189634131;46.48477830808047;fr
Villette (Lavaux);1096;02;Bourg-en-Lavaux;5613;VD;6.7090812148052095;46.49440901623422;fr
Riex;1097;00;Bourg-en-Lavaux;5613;VD;6.737340148158341;46.494965175363674;fr
Epesses;1098;00;Bourg-en-Lavaux;5613;VD;6.747239262460234;46.4919583574712;fr
Epesses;1098;00;Puidoux;5607;VD;6.756753872710835;46.486303560678856;fr
Morges;1110;00;Morges;5642;VD;6.4957221335301565;46.51337397438497;fr
Echichens;1112;00;Echichens;5634;VD;6.498127673400098;46.52790489211668;fr
St-Saphorin-sur-Morges;1113;00;Echichens;5634;VD;6.489230446399372;46.546902859596706;fr
Colombier VD;1114;00;Echichens;5634;VD;6.472956656882598;46.556454569568025;fr
Vullierens;1115;00;Vullierens;5654;VD;6.4834100175464755;46.574481516360706;fr
Cottens VD;1116;00;Hautemorges;5656;VD;6.454556150707667;46.57216603337012;fr
Grancy;1117;00;Grancy;5485;VD;6.464457578606176;46.59168332896234;fr
Bremblens;1121;00;Bremblens;5622;VD;6.517296190046364;46.54578469157531;fr
Romanel-sur-Morges;1122;00;Romanel-sur-Morges;5645;VD;6.509539434709804;46.55557232743188;fr
Aclens;1123;00;Aclens;5621;VD;6.512100579254399;46.56744126691289;fr
Gollion;1124;00;Gollion;5484;VD;6.5085433254800344;46.58464892037343;fr
Monnaz;1125;00;Echichens;5634;VD;6.4801190566095865;46.52836595131962;fr
Vaux-sur-Morges;1126;00;Vaux-sur-Morges;5650;VD;6.463746899073292;46.53563942551367;fr
Clarmont;1127;00;Clarmont;5629;VD;6.449682841163207;46.54692506837034;fr
Reverolle;1128;00;Hautemorges;5656;VD;6.438103352265547;46.54133584403995;fr
Tolochenaz;1131;00;Tolochenaz;5649;VD;6.477010011114422;46.50310508137571;fr
Lully VD;1132;00;Lully (VD);5639;VD;6.463301016615323;46.50544401895806;fr
Vufflens-le-Château;1134;00;Vufflens-le-Château;5653;VD;6.468793240315687;46.5268483074503;fr
Chigny;1134;02;Chigny;5628;VD;6.47901827553669;46.51694937172612;fr
Denens;1135;00;Denens;5631;VD;6.454965761462219;46.51815580426977;fr
Bussy-Chardonney;1136;00;Hautemorges;5656;VD;6.442501472354221;46.52977826737104;fr
Sévery;1141;00;Hautemorges;5656;VD;6.439223213735217;46.57525282220194;fr
Pampigny;1142;00;Hautemorges;5656;VD;6.4274542764531715;46.58021358694439;fr
Apples;1143;00;Hautemorges;5656;VD;6.431241915912406;46.5534202060855;fr
Ballens;1144;00;Ballens;5423;VD;6.374537032806721;46.553622633595886;fr
Bière;1145;00;Bière;5425;VD;6.334991257347193;46.536034860739726;fr
Bière;1145;00;Saint-Livres;5435;VD;6.3619125068432;46.52749490195131;fr
Mollens VD;1146;00;Mollens (VD);5431;VD;6.36238386041228;46.57715070194295;fr
Montricher;1147;00;Montricher;5492;VD;6.376896840355885;46.60011112992882;fr
L'Isle;1148;00;L'Isle;5486;VD;6.411489372776204;46.619753174619646;fr
Mauraz;1148;02;Mauraz;5488;VD;6.422134836393398;46.605661684778084;fr
Villars-Bozon;1148;03;L'Isle;5486;VD;6.407186253592833;46.60648060941936;fr
Cuarnens;1148;04;Cuarnens;5479;VD;6.438279701214233;46.624787100449126;fr
Mont-la-Ville;1148;05;Mont-la-Ville;5491;VD;6.408120352885812;46.645758022328444;fr
La Praz;1148;06;La Praz;5758;VD;6.426766421126806;46.66706667639798;fr
Chavannes-le-Veyron;1148;07;Chavannes-le-Veyron;5475;VD;6.4509431349805135;46.606383511994544;fr
Chavannes-le-Veyron;1148;07;La Chaux (Cossonay);5474;VD;6.458619372150796;46.609211817735414;fr
Moiry VD;1148;08;Moiry;5490;VD;6.4536008943968;46.64886888882803;fr
La Coudre;1148;09;L'Isle;5486;VD;6.402813596419056;46.63844079125453;fr
Berolle;1149;00;Berolle;5424;VD;6.337345577927415;46.55933161722467;fr
St-Prex;1162;00;Saint-Prex;5646;VD;6.452051336905267;46.48147048698853;fr
St-Prex;1162;00;Lully (VD);5639;VD;6.471226512557545;46.494302506181185;fr
Etoy;1163;00;Etoy;5636;VD;6.417457882882884;46.484420890938004;fr
Buchillon;1164;00;Buchillon;5623;VD;6.418918865541149;46.4697879344361;fr
Allaman;1165;00;Allaman;5851;VD;6.394444890170601;46.47022188148068;fr
Perroy;1166;00;Perroy;5860;VD;6.3613819944754395;46.46777136228771;fr
Perroy;1166;00;Féchy;5427;VD;6.377087734050057;46.467595651510926;fr
Lussy-sur-Morges;1167;00;Lussy-sur-Morges;5640;VD;6.449960451853298;46.50253067035196;fr
Villars-sous-Yens;1168;00;Villars-sous-Yens;5652;VD;6.4297342099662504;46.51054824524117;fr
Yens;1169;00;Yens;5655;VD;6.4193480582888505;46.52027943378842;fr
Aubonne;1170;00;Aubonne;5422;VD;6.389658749570291;46.493451438700504;fr
Aubonne;1170;00;Lavigny;5637;VD;6.404541371440097;46.48833421904498;fr
Bougy-Villars;1172;00;Bougy-Villars;5426;VD;6.3549126162050085;46.48004387305957;fr
Bougy-Villars;1172;00;Aubonne;5422;VD;6.350041752209933;46.48523316824226;fr
Féchy;1173;00;Féchy;5427;VD;6.37159713606241;46.48060695122471;fr
Montherod;1174;00;Aubonne;5422;VD;6.365073163611898;46.49960886345744;fr
Pizy;1174;02;Aubonne;5422;VD;6.352335420548129;46.49165165966004;fr
Lavigny;1175;00;Lavigny;5637;VD;6.404272105233314;46.50173639195368;fr
St-Livres;1176;00;Saint-Livres;5435;VD;6.386992268872846;46.50799194811198;fr
Rolle;1180;00;Rolle;5861;VD;6.335282563443216;46.457894072353376;fr
Rolle;1180;00;Essertines-sur-Rolle;5856;VD;6.320089268330712;46.472454492695796;fr
Rolle;1180;00;Gilly;5857;VD;6.318514798493401;46.451638944932824;fr
Tartegnin;1180;02;Tartegnin;5862;VD;6.315573875957662;46.46666106268404;fr
Tartegnin;1180;02;Essertines-sur-Rolle;5856;VD;6.317778089175612;46.466475957461526;fr
Gilly;1182;00;Gilly;5857;VD;6.2976215018892265;46.45790805486696;fr
Bursins;1183;00;Bursins;5853;VD;6.289187423292089;46.45231692391328;fr
Bursins;1183;00;Gilly;5857;VD;6.2925982549095;46.452909253886126;fr
Luins;1184;00;Luins;5858;VD;6.2715728208245185;46.44279841167096;fr
Vinzel;1184;01;Vinzel;5863;VD;6.280489956235255;46.44755914046465;fr
Mont-sur-Rolle;1185;00;Mont-sur-Rolle;5859;VD;6.3393780600105725;46.46904455237284;fr
Mont-sur-Rolle;1185;00;Essertines-sur-Rolle;5856;VD;6.324466720807901;46.46412182656535;fr
Essertines-sur-Rolle;1186;00;Essertines-sur-Rolle;5856;VD;6.316936684615456;46.49137005523141;fr
Essertines-sur-Rolle;1186;00;Gilly;5857;VD;6.2999405359952325;46.47762486921927;fr
St-Oyens;1187;00;Saint-Oyens;5436;VD;6.30634178437422;46.49782326104085;fr
Gimel;1188;00;Gimel;5428;VD;6.306890086838252;46.5114674985421;fr
St-George;1188;02;Saint-George;5434;VD;6.262935685447881;46.51392645224787;fr
Saubraz;1189;00;Saubraz;5437;VD;6.329973474524031;46.51435837389706;fr
Dully;1195;02;Dully;5855;VD;6.298919404282177;46.43088639627332;fr
Bursinel;1195;03;Bursinel;5852;VD;6.307234137237513;46.44020921288112;fr
Bursinel;1195;03;Gilly;5857;VD;6.309376259842153;46.447319871950924;fr
Gland;1196;00;Gland;5721;VD;6.27030862859685;46.42116648474839;fr
Prangins;1197;00;Prangins;5725;VD;6.248206333754201;46.39628547698668;fr
Genève;1201;00;Genève;6621;GE;6.143913585005156;46.209796675319325;fr
Genève;1202;00;Genève;6621;GE;6.136809927924694;46.21638160383738;fr
Genève;1202;00;Pregny-Chambésy;6634;GE;6.134273744574574;46.23242070242084;fr
Genève;1203;00;Genève;6621;GE;6.123348633705739;46.20814631993318;fr
Genève;1204;00;Genève;6621;GE;6.146544876041146;46.20213455236521;fr
Genève;1205;00;Genève;6621;GE;6.142320027911114;46.19564435669251;fr
Genève;1206;00;Genève;6621;GE;6.156046190668091;46.19153677465124;fr
Genève;1207;00;Genève;6621;GE;6.160022319807109;46.20315179542601;fr
Genève;1208;00;Genève;6621;GE;6.167070435516665;46.198193254757854;fr
Genève;1209;00;Genève;6621;GE;6.123840384802509;46.2215753847273;fr
Genève;1209;00;Vernier;6643;GE;6.114993422019409;46.21813412612013;fr
Genève;1209;00;Le Grand-Saconnex;6623;GE;6.124416516570141;46.226161504351005;fr
Grand-Lancy;1212;00;Lancy;6628;GE;6.119437095623698;46.1786808858911;fr
Grand-Lancy;1212;00;Onex;6631;GE;6.106892215995973;46.17634719365217;fr
Grand-Lancy;1212;00;Plan-les-Ouates;6633;GE;6.1008365559592574;46.17437163851772;fr
Petit-Lancy;1213;00;Lancy;6628;GE;6.117414364919193;46.1915767130457;fr
Petit-Lancy;1213;00;Genève;6621;GE;6.119352207133015;46.19874291144972;fr
Onex;1213;03;Onex;6631;GE;6.102554966056704;46.1826207076013;fr
Onex;1213;03;Lancy;6628;GE;6.110371491952584;46.18343278849323;fr
Vernier;1214;00;Vernier;6643;GE;6.08048884373176;46.213027740918086;fr
Vernier;1214;00;Satigny;6638;GE;6.066805219647821;46.21243036597109;fr
Vernier;1214;00;Meyrin;6630;GE;6.0705766415939495;46.21978240737312;fr
Genève;1215;00;Le Grand-Saconnex;6623;GE;6.111281152690926;46.23534658160377;fr
Genève;1215;00;Meyrin;6630;GE;6.100038747869523;46.226459825514254;fr
Cointrin;1216;00;Meyrin;6630;GE;6.106340245764163;46.224285154394885;fr
Cointrin;1216;00;Vernier;6643;GE;6.112766235608607;46.22283135231467;fr
Cointrin;1216;00;Le Grand-Saconnex;6623;GE;6.114084119811813;46.224070404260374;fr
Meyrin;1217;00;Meyrin;6630;GE;6.077061388082977;46.230350585332246;fr
Le Grand-Saconnex;1218;00;Le Grand-Saconnex;6623;GE;6.118705058757114;46.22968461557259;fr
Le Grand-Saconnex;1218;00;Genève;6621;GE;6.132181889817313;46.23099300094014;fr
Le Lignon;1219;00;Vernier;6643;GE;6.099525806864397;46.204654203063086;fr
Aïre;1219;10;Vernier;6643;GE;6.098690194508093;46.198598354616855;fr
Châtelaine;1219;12;Vernier;6643;GE;6.109704726114952;46.21338458671346;fr
Les Avanchets;1220;00;Vernier;6643;GE;6.1090065920069225;46.22073582888652;fr
Vésenaz;1222;00;Collonge-Bellerive;6616;GE;6.20277202742294;46.24177431153723;fr
Cologny;1223;00;Cologny;6617;GE;6.187278071522392;46.218077119482814;fr
Chêne-Bougeries;1224;00;Chêne-Bougeries;6612;GE;6.185741570159738;46.19982365473639;fr
Chêne-Bourg;1225;00;Chêne-Bourg;6613;GE;6.1979238610042335;46.197412222009646;fr
Thônex;1226;00;Thônex;6640;GE;6.2073916923366514;46.195824577748006;fr
Carouge GE;1227;00;Carouge (GE);6608;GE;6.140635093017259;46.182642558197735;fr
Carouge GE;1227;00;Genève;6621;GE;6.130889605716918;46.18916736974397;fr
Les Acacias;1227;04;Genève;6621;GE;6.135484178503923;46.19166096564335;fr
Les Acacias;1227;04;Lancy;6628;GE;6.1264083209905955;46.18928853872911;fr
Les Acacias;1227;04;Carouge (GE);6608;GE;6.139028537553044;46.18860653481211;fr
Plan-les-Ouates;1228;00;Plan-les-Ouates;6633;GE;6.118885538144511;46.16777923194125;fr
Plan-les-Ouates;1228;00;Lancy;6628;GE;6.137408809632673;46.16860631568489;fr
Plan-les-Ouates;1228;00;Confignon;6618;GE;6.103313367872587;46.170717800839384;fr
Conches;1231;00;Chêne-Bougeries;6612;GE;6.175974903415918;46.187434180415316;fr
Confignon;1232;00;Confignon;6618;GE;6.085756774785484;46.17631153552776;fr
Confignon;1232;00;Bernex;6607;GE;6.075646461827152;46.1694060892478;fr
Bernex;1233;00;Bernex;6607;GE;6.072052523174581;46.17225960697857;fr
Vessy;1234;00;Veyrier;6645;GE;6.157984621322417;46.17192780080876;fr
Cartigny;1236;00;Cartigny;6609;GE;6.022111140721984;46.173937538415394;fr
Cartigny;1236;00;Bernex;6607;GE;6.045966318312236;46.17242627851873;fr
Cartigny;1236;00;Avusy;6604;GE;6.019786405783642;46.16226611497127;fr
Cartigny;1236;00;Laconnex;6627;GE;6.020945085209937;46.16301844958674;fr
Avully;1237;00;Avully;6603;GE;5.996531626858758;46.168619918461225;fr
Avully;1237;00;Chancy;6611;GE;5.976514055118465;46.15982085409423;fr
Collex;1239;00;Collex-Bossy;6615;GE;6.122555379643341;46.27198795527991;fr
Puplinge;1241;00;Puplinge;6636;GE;6.231764226776226;46.20969093369709;fr
Satigny;1242;00;Satigny;6638;GE;6.038517564575221;46.21480003825331;fr
Presinge;1243;00;Presinge;6635;GE;6.255155752413145;46.21559759604852;fr
Choulex;1244;00;Choulex;6614;GE;6.221865749844974;46.225238860706554;fr
Collonge-Bellerive;1245;00;Collonge-Bellerive;6616;GE;6.203237767559542;46.25779359745906;fr
Corsier GE;1246;00;Corsier (GE);6619;GE;6.221387113519927;46.263406698668334;fr
Anières;1247;00;Anières;6602;GE;6.227281205699516;46.27889040937505;fr
Hermance;1248;00;Hermance;6625;GE;6.2441305443420925;46.299789154774615;fr
Gy;1251;00;Gy;6624;GE;6.256813500808057;46.25202434696522;fr
Meinier;1252;00;Meinier;6629;GE;6.232152026966034;46.244197328672676;fr
Vandoeuvres;1253;00;Vandoeuvres;6642;GE;6.202886667939965;46.215631073732794;fr
Jussy;1254;00;Jussy;6626;GE;6.262683260891498;46.23428130521658;fr
Jussy;1254;00;Gy;6624;GE;6.277272553094259;46.24625065377156;fr
Veyrier;1255;00;Veyrier;6645;GE;6.178439040971495;46.16717406729906;fr
Troinex;1256;00;Troinex;6641;GE;6.14626892927712;46.16466865603674;fr
La Croix-de-Rozon;1257;00;Bardonnex;6605;GE;6.12207250323382;46.14737565350959;fr
La Croix-de-Rozon;1257;00;Plan-les-Ouates;6633;GE;6.138024475792344;46.157217049997186;fr
Perly;1258;00;Perly-Certoux;6632;GE;6.090654809926594;46.15634305940196;fr
Perly;1258;00;Bardonnex;6605;GE;6.097387097112968;46.15318448160838;fr
Nyon;1260;00;Nyon;5724;VD;6.232227901221796;46.38506839849735;fr
Nyon;1260;00;Prangins;5725;VD;6.239189562130398;46.392420700222175;fr
Marchissy;1261;32;Marchissy;5430;VD;6.245899648180917;46.488692974577084;fr
Le Vaud;1261;33;Le Vaud;5731;VD;6.237233127810451;46.477166727959855;fr
Longirod;1261;35;Longirod;5429;VD;6.258280108954725;46.495569975452305;fr
Eysins;1262;00;Eysins;5716;VD;6.206909174604447;46.380774185413934;fr
Crassier;1263;00;Crassier;5714;VD;6.16588539890819;46.373986570587626;fr
St-Cergue;1264;00;Saint-Cergue;5727;VD;6.155458708613774;46.448227714458866;fr
St-Cergue;1264;00;Arzier-Le Muids;5702;VD;6.143216929167851;46.464831599102645;fr
La Cure;1265;00;Saint-Cergue;5727;VD;6.07623218653064;46.462615899431064;fr
Duillier;1266;00;Duillier;5715;VD;6.235591650617285;46.41041189905433;fr
Vich;1267;01;Vich;5732;VD;6.251288306216242;46.42832797418307;fr
Coinsins;1267;02;Coinsins;5710;VD;6.234301104513222;46.42458596951383;fr
Begnins;1268;00;Begnins;5704;VD;6.247584339515604;46.44174810830871;fr
Burtigny;1268;02;Burtigny;5854;VD;6.258146302225559;46.46707622993371;fr
Burtigny;1268;02;Bursins;5853;VD;6.278727379892269;46.457536348091;fr
Burtigny;1268;02;Vinzel;5863;VD;6.272948279776837;46.456892281327356;fr
Bassins;1269;00;Bassins;5703;VD;6.229322928840508;46.46750116500474;fr
Trélex;1270;00;Trélex;5730;VD;6.202747691528935;46.41676981737596;fr
Givrins;1271;00;Givrins;5720;VD;6.200259443228118;46.43058864558972;fr
Genolier;1272;00;Genolier;5718;VD;6.214812020851424;46.43725141270003;fr
Genolier;1272;00;Givrins;5720;VD;6.199471246157581;46.437741444094875;fr
Arzier-Le Muids;1273;00;Arzier-Le Muids;5702;VD;6.209556649565266;46.45608766915333;fr
Signy;1274;01;Signy-Avenex;5728;VD;6.1988755622647655;46.39042997136025;fr
Grens;1274;03;Grens;5722;VD;6.191319085380227;46.39448548512197;fr
Chéserex;1275;00;Chéserex;5709;VD;6.173333453605783;46.40016082817251;fr
Chéserex;1275;00;La Rippe;5726;VD;6.147843450034135;46.39857757759297;fr
Gingins;1276;00;Gingins;5719;VD;6.176913917024053;46.41114988718111;fr
Gingins;1276;00;Saint-Cergue;5727;VD;6.174921997759075;46.42517168746321;fr
Gingins;1276;00;Chéserex;5709;VD;6.099642819022386;46.425188632340046;fr
Borex;1277;00;Borex;5706;VD;6.176989841900769;46.38051662532886;fr
Arnex-sur-Nyon;1277;01;Arnex-sur-Nyon;5701;VD;6.19229551001314;46.375207155640084;fr
La Rippe;1278;00;La Rippe;5726;VD;6.151259828713653;46.38395160635714;fr
Chavannes-de-Bogis;1279;00;Chavannes-de-Bogis;5707;VD;6.162787831152264;46.34266972057253;fr
Bogis-Bossey;1279;02;Bogis-Bossey;5705;VD;6.165799984212091;46.35270812306739;fr
Russin;1281;00;Russin;6637;GE;6.015484950510742;46.18911315003022;fr
Russin;1281;00;Satigny;6638;GE;6.000325746983414;46.20733796820707;fr
La Plaine;1283;00;Dardagny;6620;GE;6.003889388011343;46.17786382982908;fr
Dardagny;1283;01;Dardagny;6620;GE;5.99418034817155;46.19524829547545;fr
Chancy;1284;00;Chancy;6611;GE;5.973373871363928;46.1495173063088;fr
Athenaz (Avusy);1285;00;Avusy;6604;GE;6.004322233266158;46.148664778530396;fr
Athenaz (Avusy);1285;00;Chancy;6611;GE;5.991525870251542;46.15379151600093;fr
Soral;1286;00;Soral;6639;GE;6.0425460411385785;46.14269385926242;fr
Soral;1286;00;Bernex;6607;GE;6.052461259137634;46.15588886591724;fr
Laconnex;1287;00;Laconnex;6627;GE;6.036397026608442;46.15579814689671;fr
Aire-la-Ville;1288;00;Aire-la-Ville;6601;GE;6.043227184746205;46.18935179544766;fr
Versoix;1290;00;Versoix;6644;GE;6.1601496879124955;46.28372869209532;fr
Versoix;1290;00;Collex-Bossy;6615;GE;6.138306008604786;46.27847715838455;fr
Versoix;1290;00;Mies;5723;VD;6.157927146486457;46.29873722534017;fr
Chavannes-des-Bois;1290;02;Chavannes-des-Bois;5708;VD;6.13301459526733;46.31561822784932;fr
Commugny;1291;00;Commugny;5711;VD;6.176357366229799;46.32169747397756;fr
Chambésy;1292;00;Pregny-Chambésy;6634;GE;6.140528737310767;46.244107738043596;fr
Chambésy;1292;00;Genève;6621;GE;6.14684390569328;46.22773395202116;fr
Bellevue;1293;00;Bellevue;6606;GE;6.145927724715606;46.25536175420302;fr
Genthod;1294;00;Genthod;6622;GE;6.151397720507755;46.26480793595712;fr
Mies;1295;01;Mies;5723;VD;6.171169815593433;46.303061030409815;fr
Tannay;1295;02;Tannay;5729;VD;6.177689392665495;46.31019643603322;fr
Coppet;1296;00;Coppet;5712;VD;6.189580982195649;46.3215114484193;fr
Coppet;1296;00;Founex;5717;VD;6.198115111624112;46.326238401907474;fr
Founex;1297;00;Founex;5717;VD;6.193177235228511;46.33342685623938;fr
Founex;1297;00;Coppet;5712;VD;6.187859139304584;46.3284645022757;fr
Céligny;1298;00;Céligny;6610;GE;6.199012600937551;46.3497571135306;fr
Crans VD;1299;00;Crans (VD);5713;VD;6.2110732031134335;46.36107157837837;fr
Vufflens-la-Ville;1302;00;Vufflens-la-Ville;5503;VD;6.537759277170802;46.57829918945387;fr
Penthaz;1303;00;Penthaz;5496;VD;6.538665139247745;46.597531164806774;fr
Cossonay-Ville;1304;00;Cossonay;5477;VD;6.5063217878482495;46.612806797905435;fr
Dizy;1304;02;Dizy;5481;VD;6.496062308030074;46.63514069272961;fr
Allens;1304;03;Cossonay;5477;VD;6.509061311287505;46.600036657564026;fr
Senarclens;1304;04;Senarclens;5499;VD;6.488530850793965;46.59930008384817;fr
Penthalaz;1305;00;Penthalaz;5495;VD;6.52568114133684;46.61054398900085;fr
Daillens;1306;00;Daillens;5480;VD;6.548928261021178;46.620983949925126;fr
Daillens;1306;00;Bettens;5471;VD;6.560986471984841;46.61895461283784;fr
Lussery-Villars;1307;00;Lussery-Villars;5487;VD;6.526614451669056;46.632565072693296;fr
La Chaux (Cossonay);1308;00;La Chaux (Cossonay);5474;VD;6.473228164220544;46.61643487942204;fr
Eclépens;1312;00;Eclépens;5482;VD;6.5327569516095245;46.651739956121425;fr
Ferreyres;1313;00;Ferreyres;5483;VD;6.484913046601889;46.65854577886973;fr
La Sarraz;1315;00;La Sarraz;5498;VD;6.509846317553746;46.658338268558296;fr
Chevilly;1316;00;Chevilly;5476;VD;6.4765189381574935;46.64275872666414;fr
Chevilly;1316;00;La Chaux (Cossonay);5474;VD;6.4669190699508174;46.63401373886824;fr
Orny;1317;00;Orny;5493;VD;6.526290866793152;46.66791728326404;fr
Pompaples;1318;00;Pompaples;5497;VD;6.510531317184573;46.66712409785476;fr
Arnex-sur-Orbe;1321;00;Arnex-sur-Orbe;5743;VD;6.5188524503929655;46.693352400651264;fr
Croy;1322;00;Croy;5752;VD;6.47694671684281;46.694229541446006;fr
Romainmôtier;1323;00;Romainmôtier-Envy;5761;VD;6.464460627736901;46.694222327397306;fr
Premier;1324;00;Premier;5759;VD;6.444806019268168;46.705045792389456;fr
Vaulion;1325;00;Vaulion;5765;VD;6.387263100724305;46.68775988696821;fr
Vaulion;1325;00;Mont-la-Ville;5491;VD;6.3685603310812935;46.663142525084936;fr
Juriens;1326;00;Juriens;5754;VD;6.44818988932316;46.690276523934536;fr
Bretonnières;1329;00;Bretonnières;5748;VD;6.472987311302277;46.71307896742586;fr
Vallorbe;1337;00;Vallorbe;5764;VD;6.381450750604979;46.713489451895185;fr
Ballaigues;1338;00;Ballaigues;5744;VD;6.413866969801479;46.73039281297698;fr
L'Orient;1341;00;Le Chenit;5872;VD;6.239447208629541;46.60174873742704;fr
Le Pont;1342;00;L'Abbaye;5871;VD;6.336620856840175;46.66981200867242;fr
Les Charbonnières;1343;00;Le Lieu;5873;VD;6.3151189447984;46.66734148913338;fr
L'Abbaye;1344;00;L'Abbaye;5871;VD;6.31961690968094;46.649590860709274;fr
Le Lieu;1345;00;Le Lieu;5873;VD;6.276775435917881;46.64553574757463;fr
Le Séchey;1345;01;Le Lieu;5873;VD;6.299255490962197;46.65984263568752;fr
Les Bioux;1346;00;L'Abbaye;5871;VD;6.269504898598279;46.61995605773584;fr
Le Sentier;1347;00;Le Chenit;5872;VD;6.229449014824605;46.606402022343765;fr
Le Solliat;1347;01;Le Chenit;5872;VD;6.232810152015596;46.61839423515923;fr
Le Brassus;1348;00;Le Chenit;5872;VD;6.209358648362052;46.58520628509544;fr
Orbe;1350;00;Orbe;5757;VD;6.532905044722402;46.72460050613647;fr
Agiez;1352;00;Agiez;5742;VD;6.508149694121814;46.719561044366706;fr
Bofflens;1353;00;Bofflens;5747;VD;6.498735236819344;46.704361256830616;fr
Montcherand;1354;00;Montcherand;5756;VD;6.509202217582419;46.733612536909924;fr
L'Abergement;1355;00;L'Abergement;5741;VD;6.488466356656219;46.75424044880383;fr
Sergey;1355;02;Sergey;5762;VD;6.5001227729291475;46.750828573764764;fr
Les Clées;1356;00;Les Clées;5750;VD;6.4617015057580005;46.731748695265125;fr
La Russille;1356;02;Les Clées;5750;VD;6.479492923913679;46.736289998650676;fr
Lignerolle;1357;00;Lignerolle;5755;VD;6.456849179778248;46.74170170474905;fr
Lignerolle;1357;00;L'Abergement;5741;VD;6.460062156535921;46.76220454706997;fr
Valeyres-sous-Rances;1358;00;Valeyres-sous-Rances;5763;VD;6.523936875780599;46.75274946782427;fr
Bavois;1372;00;Bavois;5746;VD;6.566280247967776;46.683191405722624;fr
Bavois;1372;00;Orny;5493;VD;6.549562314425194;46.66570856553703;fr
Chavornay;1373;00;Chavornay;5749;VD;6.570866544440086;46.70604042631767;fr
Corcelles-sur-Chavornay;1374;00;Chavornay;5749;VD;6.5995731455700355;46.70338590231426;fr
Penthéréaz;1375;00;Penthéréaz;5531;VD;6.603714049898726;46.682572619011545;fr
Goumoens-la-Ville;1376;00;Goumoëns;5541;VD;6.605147052291965;46.65922046127285;fr
Eclagnens;1376;02;Goumoëns;5541;VD;6.5917573458617715;46.65155587939222;fr
Goumoens-le-Jux;1376;03;Goumoëns;5541;VD;6.587469606797999;46.66580059777162;fr
Oulens-sous-Echallens;1377;00;Oulens-sous-Echallens;5529;VD;6.577659425689951;46.64348850219537;fr
Yverdon-les-Bains;1400;00;Yverdon-les-Bains;5938;VD;6.640508090438231;46.778040463214666;fr
Cheseaux-Noréaz;1400;05;Cheseaux-Noréaz;5909;VD;6.670438550895735;46.78105280822293;fr
Cheseaux-Noréaz;1400;05;Cuarny;5911;VD;6.673049295304515;46.775196093785276;fr
Cuarny;1404;00;Cuarny;5911;VD;6.689143471001087;46.77036435923701;fr
Villars-Epeney;1404;02;Villars-Epeney;5935;VD;6.696577714492274;46.781927645346684;fr
Pomy;1405;00;Pomy;5926;VD;6.668149948599912;46.760724740281475;fr
Cronay;1406;00;Cronay;5910;VD;6.697083683648015;46.75662570725412;fr
Donneloye;1407;00;Donneloye;5913;VD;6.715724876778135;46.744781079773055;fr
Gossens;1407;02;Donneloye;5913;VD;6.701371480392527;46.740784884910944;fr
Mézery-près-Donneloye;1407;03;Donneloye;5913;VD;6.727331809536746;46.74879431900856;fr
Bioley-Magnoux;1407;04;Bioley-Magnoux;5903;VD;6.710966889329777;46.72598546796128;fr
Prahins;1408;00;Donneloye;5913;VD;6.739959394662217;46.73481203804297;fr
Chanéaz;1409;00;Montanaire;5693;VD;6.74287104719647;46.729207485956834;fr
Thierrens;1410;00;Montanaire;5693;VD;6.755247784212497;46.70339250407089;fr
Correvon;1410;02;Montanaire;5693;VD;6.737733495669918;46.715844170606395;fr
Denezy;1410;03;Montanaire;5693;VD;6.784702867784392;46.72109835276198;fr
Prévondavaux;1410;04;Prévondavaux;2038;FR;6.794455137103821;46.728143664927906;fr
St-Cierges;1410;05;Montanaire;5693;VD;6.734982318122794;46.68916352152448;fr
Valeyres-sous-Ursins;1412;00;Valeyres-sous-Ursins;5934;VD;6.654785854030892;46.74536758127255;fr
Ursins;1412;02;Ursins;5932;VD;6.668632514890426;46.735233706036034;fr
Orzens;1413;00;Orzens;5925;VD;6.682744596274193;46.723525657071455;fr
Molondin;1415;00;Molondin;5921;VD;6.749366899464408;46.76034542925202;fr
Démoret;1415;02;Démoret;5912;VD;6.756641440992163;46.74720140876791;fr
Pailly;1416;00;Pailly;5530;VD;6.673879541355457;46.70021206043378;fr
Essertines-sur-Yverdon;1417;00;Essertines-sur-Yverdon;5520;VD;6.6405793413132805;46.71586127889239;fr
Epautheyres;1417;02;Essertines-sur-Yverdon;5520;VD;6.64259718707106;46.738626089011746;fr
Vuarrens;1418;00;Vuarrens;5539;VD;6.647546222528929;46.687671647327065;fr
Fiez;1420;00;Fiez;5556;VD;6.624322389057884;46.82826682127815;fr
Fontaines-sur-Grandson;1421;00;Fontaines-sur-Grandson;5557;VD;6.619259251796091;46.83540025154349;fr
Grandevent;1421;02;Grandevent;5560;VD;6.606219795407937;46.839398986622626;fr
Grandson;1422;00;Grandson;5561;VD;6.638530734889479;46.80621961629447;fr
Villars-Burquin;1423;00;Tévenon;5571;VD;6.628226433617164;46.84750967572366;fr
Fontanezier;1423;02;Tévenon;5571;VD;6.6534566877896735;46.85443285713436;fr
Fontanezier;1423;02;Bonvillars;5551;VD;6.665627498319416;46.860687007722596;fr
Romairon;1423;03;Tévenon;5571;VD;6.641605456675423;46.850689440860116;fr
Vaugondry;1423;04;Tévenon;5571;VD;6.63682646198171;46.84670681863477;fr
Champagne;1424;00;Champagne;5553;VD;6.657506658511329;46.832025186505845;fr
Onnens VD;1425;00;Onnens (VD);5565;VD;6.688595139063281;46.83880967958126;fr
Concise;1426;00;Concise;5554;VD;6.720666082730908;46.85310324683911;fr
Corcelles-près-Concise;1426;01;Corcelles-près-Concise;5555;VD;6.7088720924981216;46.845795897425525;fr
Bonvillars;1427;00;Bonvillars;5551;VD;6.670915555690397;46.83846720892633;fr
Provence;1428;01;Provence;5566;VD;6.720078302393821;46.89214073271367;fr
Mutrux;1428;02;Mutrux;5563;VD;6.726921456434664;46.88274715608883;fr
Giez;1429;00;Giez;5559;VD;6.616846171547542;46.812326548805416;fr
Orges;1430;00;Orges;5924;VD;6.587817097658342;46.808560335809936;fr
Vugelles-La Mothe;1431;00;Vugelles-La Mothe;5937;VD;6.574137098469802;46.82250008453567;fr
Novalles;1431;02;Novalles;5564;VD;6.5959781208021555;46.82872670464301;fr
Belmont-sur-Yverdon;1432;00;Belmont-sur-Yverdon;5902;VD;6.624170534130033;46.74487393412605;fr
Gressy;1432;02;Yverdon-les-Bains;5938;VD;6.638563579357035;46.75118310327818;fr
Suchy;1433;00;Suchy;5929;VD;6.599065972448247;46.723344256891366;fr
Ependes VD;1434;00;Ependes (VD);5914;VD;6.608134235990601;46.74351671455031;fr
Essert-Pittet;1435;00;Chavornay;5749;VD;6.582634164220517;46.727557997288095;fr
Treycovagnes;1436;00;Treycovagnes;5931;VD;6.611652999894943;46.775981617596116;fr
Chamblon;1436;02;Chamblon;5904;VD;6.606030828089925;46.77798276228824;fr
Suscévaz;1437;00;Suscévaz;5930;VD;6.579974047941472;46.76475433374647;fr
Mathod;1438;00;Mathod;5919;VD;6.56416976454318;46.76654131317693;fr
Rances;1439;00;Rances;5760;VD;6.530947417816845;46.76235931119617;fr
Valeyres-sous-Montagny;1441;00;Valeyres-sous-Montagny;5933;VD;6.611099154532021;46.79836838156486;fr
Montagny-près-Yverdon;1442;00;Montagny-près-Yverdon;5922;VD;6.613533435855131;46.7916840876651;fr
Champvent;1443;00;Champvent;5905;VD;6.572430082101506;46.78285109038109;fr
Champvent;1443;00;Vuiteboeuf;5766;VD;6.572754128383542;46.79607758435038;fr
Essert-sous-Champvent;1443;02;Champvent;5905;VD;6.584818250815427;46.792786084663355;fr
Villars-sous-Champvent;1443;03;Champvent;5905;VD;6.585859522711455;46.784940434634805;fr
Vuiteboeuf;1445;00;Vuiteboeuf;5766;VD;6.553013670176932;46.8064242631001;fr
Vuiteboeuf;1445;00;Sainte-Croix;5568;VD;6.551762073491188;46.81240583699638;fr
Baulmes;1446;00;Baulmes;5745;VD;6.522046308029477;46.78998682339818;fr
Ste-Croix;1450;00;Sainte-Croix;5568;VD;6.502818069654375;46.822405207858985;fr
La Sagne (Ste-Croix);1450;02;Sainte-Croix;5568;VD;6.49805720090235;46.815115281779306;fr
Le Château-de-Ste-Croix;1450;03;Sainte-Croix;5568;VD;6.531497096714693;46.81906542720079;fr
Les Rasses;1452;00;Bullet;5552;VD;6.5400104612121615;46.829541104040274;fr
Les Rasses;1452;00;Sainte-Croix;5568;VD;6.52949501384604;46.827415730620075;fr
Bullet;1453;00;Bullet;5552;VD;6.55414699156886;46.83151370809483;fr
Bullet;1453;00;Fiez;5556;VD;6.5603284494125536;46.867940800769055;fr
Mauborget;1453;02;Mauborget;5562;VD;6.615783389012021;46.85608361477901;fr
Mauborget;1453;02;Tévenon;5571;VD;6.629555007726677;46.872473403906746;fr
Mauborget;1453;02;Fontaines-sur-Grandson;5557;VD;6.589128360172774;46.86820366704798;fr
Mauborget;1453;02;Grandevent;5560;VD;6.5953118152387;46.84863859953226;fr
L'Auberson;1454;00;Sainte-Croix;5568;VD;6.462205006287038;46.819438044078;fr
L'Auberson;1454;00;Baulmes;5745;VD;6.447578048995828;46.80673540932176;fr
La Vraconnaz;1454;02;Sainte-Croix;5568;VD;6.484081207251208;46.840619846542765;fr
Yvonand;1462;00;Yvonand;5939;VD;6.743566271034908;46.798982941568255;fr
Rovray;1463;00;Rovray;5928;VD;6.767528954536353;46.78714421894676;fr
Chavannes-le-Chêne;1464;00;Chavannes-le-Chêne;5907;VD;6.77865936032839;46.77661225398776;fr
Chêne-Pâquier;1464;02;Chêne-Pâquier;5908;VD;6.768507958524922;46.770588836963114;fr
Cheyres;1468;00;Cheyres-Châbles;2055;FR;6.788435724110289;46.81817457352559;fr
Estavayer-le-Lac;1470;00;Estavayer;2054;FR;6.847874167358931;46.84812947065964;fr
Estavayer-le-Lac;1470;00;Lully (FR);2025;FR;6.848926186764658;46.83829374831484;fr
Lully FR;1470;02;Lully (FR);2025;FR;6.845073218844159;46.83345212660463;fr
Seiry;1470;03;Lully (FR);2025;FR;6.831716807628664;46.81369042728199;fr
Bollion;1470;04;Lully (FR);2025;FR;6.82676794357513;46.81793690425101;fr
Font;1473;00;Estavayer;2054;FR;6.821940591922904;46.83664878529029;fr
Châtillon FR;1473;02;Châtillon (FR);2008;FR;6.831183364714469;46.83190372020081;fr
Châbles FR;1474;00;Cheyres-Châbles;2055;FR;6.807122641578334;46.822597495604974;fr
Autavaux;1475;00;Estavayer;2054;FR;6.879463952421835;46.864057853516925;fr
Forel FR;1475;02;Estavayer;2054;FR;6.8906111016078295;46.87312543507021;fr
Montbrelloz;1475;03;Estavayer;2054;FR;6.884656287679934;46.855285551306125;fr
Cugy FR;1482;00;Cugy (FR);2011;FR;6.890192785664885;46.81393273900874;fr
Montet (Broye);1483;00;Les Montets;2050;FR;6.8685104411518365;46.81611125436388;fr
Frasses;1483;02;Les Montets;2050;FR;6.86408708213569;46.82661389600251;fr
Vesin;1483;03;Cugy (FR);2011;FR;6.871784585670787;46.80882315300199;fr
Aumont;1484;00;Les Montets;2050;FR;6.850467953606234;46.79925176806665;fr
Granges-de-Vesin;1484;02;Les Montets;2050;FR;6.842450850821237;46.8110843534908;fr
Nuvilly;1485;00;Nuvilly;2035;FR;6.8340486583950755;46.783450451687514;fr
Nuvilly;1485;00;Valbroye;5831;VD;6.8406151439968585;46.775883764898644;fr
Vuissens;1486;00;Estavayer;2054;FR;6.764583310526067;46.736903545030266;fr
Murist;1489;00;Estavayer;2054;FR;6.810751739149303;46.793525575960615;fr
Vucherens;1509;00;Vucherens;5692;VD;6.777468957658376;46.62526002803114;fr
Moudon;1510;00;Moudon;5678;VD;6.79732351458581;46.669660269086116;fr
Moudon;1510;00;Chavannes-sur-Moudon;5665;VD;6.822593048954346;46.67001586380886;fr
Syens;1510;02;Syens;5688;VD;6.779593201391753;46.64589985685136;fr
Chavannes-sur-Moudon;1512;00;Chavannes-sur-Moudon;5665;VD;6.809719178820278;46.65673056084865;fr
Hermenches;1513;00;Hermenches;5673;VD;6.758769526902009;46.64090146831948;fr
Hermenches;1513;00;Corcelles-le-Jorat;5785;VD;6.7448532528370295;46.623104479326784;fr
Rossenges;1513;02;Rossenges;5684;VD;6.775764411858177;46.65346109311609;fr
Bussy-sur-Moudon;1514;00;Bussy-sur-Moudon;5663;VD;6.809861524284045;46.685967693473515;fr
Villars-le-Comte;1515;00;Villars-le-Comte;5690;VD;6.799045584393211;46.71064579880493;fr
Neyruz-sur-Moudon;1515;01;Montanaire;5693;VD;6.787664791224649;46.69790620754092;fr
Curtilles;1521;00;Curtilles;5669;VD;6.849020124408404;46.69956307347996;fr
Lucens;1522;00;Lucens;5675;VD;6.836849645499952;46.707523555109226;fr
Oulens-sur-Lucens;1522;09;Lucens;5675;VD;6.808554188732303;46.703862056037785;fr
Granges-près-Marnand;1523;00;Valbroye;5831;VD;6.887145039895266;46.76235517333648;fr
Marnand;1524;00;Valbroye;5831;VD;6.899567188753319;46.75719717752552;fr
Henniez;1525;00;Henniez;5819;VD;6.883232706121664;46.74190702495616;fr
Seigneux;1525;02;Valbroye;5831;VD;6.8758375536632;46.72832321486341;fr
Seigneux;1525;02;Surpierre;2044;FR;6.863221685518929;46.72822705222023;fr
Forel-sur-Lucens;1526;00;Lucens;5675;VD;6.822312737345583;46.72765918751262;fr
Cremin;1526;02;Lucens;5675;VD;6.842488657803535;46.72617439055051;fr
Villeneuve FR;1527;00;Surpierre;2044;FR;6.868744542478282;46.74708890287394;fr
Surpierre;1528;00;Surpierre;2044;FR;6.858926909860284;46.746112789450365;fr
Praratoud;1528;02;Surpierre;2044;FR;6.846179561691579;46.73551321571744;fr
Cheiry;1529;00;Surpierre;2044;FR;6.836746243206342;46.75070246230472;fr
Payerne;1530;00;Payerne;5822;VD;6.938149913393811;46.82092702087525;fr
Fétigny;1532;00;Fétigny-Ménières;2056;FR;6.9143221945780455;46.79711660130801;fr
Ménières;1533;00;Fétigny-Ménières;2056;FR;6.880633475281843;46.78308538883476;fr
Sassel;1534;00;Valbroye;5831;VD;6.857487882856077;46.776357889185675;fr
Sassel;1534;00;Les Montets;2050;FR;6.861561662988021;46.787191358885565;fr
Chapelle (Broye);1534;02;Surpierre;2044;FR;6.850590880053936;46.768856100931984;fr
Combremont-le-Grand;1535;00;Valbroye;5831;VD;6.818805908820842;46.76181488918367;fr
Combremont-le-Petit;1536;00;Valbroye;5831;VD;6.808314290096143;46.7489384204258;fr
Champtauroz;1537;00;Champtauroz;5812;VD;6.7891721442389175;46.760489348582055;fr
Treytorrens (Payerne);1538;00;Treytorrens (Payerne);5828;VD;6.800307163572261;46.771913874550705;fr
Bussy FR;1541;00;Estavayer;2054;FR;6.886403848959663;46.83581866632934;fr
Morens FR;1541;02;Estavayer;2054;FR;6.906077286263294;46.84396323598082;fr
Sévaz;1541;03;Sévaz;2043;FR;6.873571002618279;46.838292559668005;fr
Rueyres-les-Prés;1542;00;Estavayer;2054;FR;6.9151693070105615;46.85942363817643;fr
Grandcour;1543;00;Grandcour;5817;VD;6.929108590826432;46.87195448702311;fr
Gletterens;1544;00;Gletterens;2022;FR;6.935540278398144;46.90087641875435;fr
Chevroux;1545;00;Chevroux;5813;VD;6.904351724849827;46.88958035955351;fr
Vers-chez-Perrin;1551;00;Payerne;5822;VD;6.944985183157878;46.7986928501127;fr
Trey;1552;00;Trey;5827;VD;6.922170477541545;46.77100225480798;fr
Châtonnaye;1553;00;Châtonnaye;2068;FR;6.938390669826955;46.75285855204479;fr
Sédeilles;1554;00;Villarzel;5830;VD;6.93329105068066;46.7481763007022;fr
Rossens VD;1554;02;Villarzel;5830;VD;6.923411608661594;46.73575402477585;fr
Villarzel;1555;00;Villarzel;5830;VD;6.912760564574704;46.747876422317155;fr
Corcelles-près-Payerne;1562;00;Corcelles-près-Payerne;5816;VD;6.960623364855645;46.83134132824492;fr
Corcelles-près-Payerne;1562;00;Montagny (FR);2029;FR;6.964944706215491;46.827338372542165;fr
Corcelles-près-Payerne;1562;00;Payerne;5822;VD;6.946188119945815;46.8432439236152;fr
Dompierre FR;1563;00;Belmont-Broye;2053;FR;6.989613827408334;46.85201385660776;fr
Domdidier;1564;00;Belmont-Broye;2053;FR;7.014923803567833;46.864848246673915;fr
Domdidier;1564;00;Avenches;5451;VD;7.011493798514843;46.875602974713864;fr
Missy;1565;00;Missy;5821;VD;6.969089037155778;46.87948428620367;fr
Vallon;1565;02;Vallon;2045;FR;6.953382623718844;46.88128063613378;fr
St-Aubin FR;1566;00;Saint-Aubin (FR);2041;FR;6.98095886122783;46.89056989610751;fr
Les Friques;1566;02;Saint-Aubin (FR);2041;FR;6.988599030851706;46.90267210798955;fr
Delley;1567;00;Delley-Portalban;2051;FR;6.967714951691696;46.91197906427579;fr
Portalban;1568;00;Delley-Portalban;2051;FR;6.955777565053797;46.918378907395656;fr
Avenches;1580;00;Avenches;5451;VD;7.040746024530629;46.88098905612799;fr
Avenches;1580;00;Belmont-Broye;2053;FR;7.032637190987859;46.8742139344352;fr
Oleyres;1580;02;Avenches;5451;VD;7.0379419517592945;46.85419090737987;fr
Oleyres;1580;02;Belmont-Broye;2053;FR;7.036351744692983;46.85991539419014;fr
Donatyre;1580;03;Avenches;5451;VD;7.0584402036793445;46.87594002639569;fr
Villarepos;1583;00;Courtepin;2254;FR;7.076699154116529;46.88388837789829;fr
Villars-le-Grand;1584;00;Vully-les-Lacs;5464;VD;6.990489735819473;46.905719987998275;fr
Salavaux;1585;00;Vully-les-Lacs;5464;VD;7.0264587672996175;46.916901834803646;fr
Bellerive VD;1585;02;Vully-les-Lacs;5464;VD;7.024983092622413;46.92439861361544;fr
Cotterd;1585;03;Vully-les-Lacs;5464;VD;7.029186910543938;46.924098929791604;fr
Vallamand;1586;00;Vully-les-Lacs;5464;VD;7.039074133742231;46.929306272673266;fr
Montmagny;1587;00;Vully-les-Lacs;5464;VD;7.0102243993588615;46.92614326130508;fr
Constantine;1587;01;Vully-les-Lacs;5464;VD;7.011103244368388;46.91802375438122;fr
Cudrefin;1588;00;Cudrefin;5456;VD;7.022273045643961;46.9538124445504;fr
Chabrey;1589;00;Vully-les-Lacs;5464;VD;6.980143038088791;46.92614338890463;fr
Faoug;1595;00;Faoug;5458;VD;7.075859725600396;46.90712070259371;fr
Clavaleyres;1595;02;Murten;2275;FR;7.091120883570327;46.899612126874814;de
Palézieux;1607;00;Oron;5805;VD;6.840429253750069;46.54186676369949;fr
Palézieux-Village;1607;01;Oron;5805;VD;6.831563661643277;46.553496288984725;fr
Les Tavernes;1607;03;Oron;5805;VD;6.810856807763075;46.55232210523161;fr
Les Thioleyres;1607;04;Oron;5805;VD;6.813135397827637;46.53910175776487;fr
Les Thioleyres;1607;04;Puidoux;5607;VD;6.808466063333227;46.53706083865581;fr
Oron-le-Châtel;1608;00;Oron;5805;VD;6.840958680054988;46.575316097064274;fr
Bussigny-sur-Oron;1608;02;Oron;5805;VD;6.859890805430217;46.568901230964066;fr
Chesalles-sur-Oron;1608;03;Oron;5805;VD;6.853314387389805;46.57634303522297;fr
Chapelle (Glâne);1608;04;Rue;2097;FR;6.837510860396785;46.587379295335516;fr
St-Martin FR;1609;00;Saint-Martin (FR);2335;FR;6.87380073099154;46.575862100403306;fr
Besencens;1609;02;Saint-Martin (FR);2335;FR;6.867042528721188;46.58578662793798;fr
Fiaugères;1609;03;Saint-Martin (FR);2335;FR;6.891420948882954;46.586545457985686;fr
Oron-la-Ville;1610;00;Oron;5805;VD;6.826129498597603;46.570433266644216;fr
Châtillens;1610;01;Oron;5805;VD;6.813861380862496;46.56763166103747;fr
Vuibroye;1610;02;Oron;5805;VD;6.806205445321326;46.570926728826514;fr
Le Crêt-près-Semsales;1611;00;La Verrerie;2338;FR;6.916175557415914;46.606461757764095;fr
Ecoteaux;1612;00;Oron;5805;VD;6.860639301350852;46.54650543843613;fr
Maracon;1613;00;Maracon;5790;VD;6.871835081919726;46.55186046707968;fr
Granges (Veveyse);1614;00;Granges (Veveyse);2328;FR;6.829625002871034;46.52536483590072;fr
Bossonnens;1615;00;Bossonnens;2323;FR;6.8511145716735005;46.525559164375125;fr
Attalens;1616;00;Attalens;2321;FR;6.8511392405211655;46.50890796920886;fr
Remaufens;1617;00;Remaufens;2333;FR;6.880119828772899;46.529978746734045;fr
Tatroz;1617;02;Attalens;2321;FR;6.868621275092452;46.52526169259252;fr
Châtel-St-Denis;1618;00;Châtel-Saint-Denis;2325;FR;6.903739215519553;46.527204963472116;fr
Châtel-St-Denis;1618;00;Remaufens;2333;FR;6.889408007917646;46.527928086280646;fr
Les Paccots;1619;00;Châtel-Saint-Denis;2325;FR;6.951516722512383;46.518901301935514;fr
Semsales;1623;00;Semsales;2336;FR;6.929834609884603;46.572618789836255;fr
La Verrerie;1624;00;La Verrerie;2338;FR;6.920142763442853;46.58889323948511;fr
Grattavache;1624;02;La Verrerie;2338;FR;6.918735388511232;46.59547169878124;fr
Progens;1624;03;La Verrerie;2338;FR;6.911975384496663;46.584789553066464;fr
Sâles (Gruyère);1625;00;Sâles;2152;FR;6.970188729681336;46.63333373252094;fr
Maules;1625;02;Sâles;2152;FR;6.990989341973544;46.638347249058974;fr
Romanens;1626;00;Sâles;2152;FR;6.973619967468323;46.65187894620114;fr
Rueyres-Treyfayes;1626;03;Sâles;2152;FR;6.9563469247001954;46.649297146238176;fr
Vaulruz;1627;00;Vaulruz;2155;FR;6.98789270888987;46.62133315611618;fr
Vaulruz;1627;00;Sâles;2152;FR;6.956547126596965;46.60647842141871;fr
Vaulruz;1627;00;Semsales;2336;FR;6.957450172810186;46.60035616378042;fr
Vuadens;1628;00;Vuadens;2160;FR;7.01876112023251;46.61582920430736;fr
Vuadens;1628;00;Riaz;2148;FR;7.0273560455363375;46.628877397902215;fr
Vuadens;1628;00;Echarlens;2131;FR;7.03134357716865;46.631689421306845;fr
Vuadens;1628;00;Vaulruz;2155;FR;6.979862012531182;46.59385509461682;fr
Bulle;1630;00;Bulle;2125;FR;7.056612668226027;46.620541691865945;fr
Bulle;1630;00;Vuadens;2160;FR;7.032506835247758;46.61076067779394;fr
Bulle;1630;00;Semsales;2336;FR;6.989994832647803;46.57269270240574;fr
Bulle;1630;00;Vaulruz;2155;FR;6.988352324734605;46.58037753518124;fr
Riaz;1632;00;Riaz;2148;FR;7.058028471834924;46.640057997679556;fr
Marsens;1633;00;Marsens;2140;FR;7.059376146156396;46.656407565294636;fr
Vuippens;1633;02;Marsens;2140;FR;7.076716800534026;46.659702567144684;fr
La Roche FR;1634;00;La Roche;2149;FR;7.141061196348341;46.69556584613822;fr
La Roche FR;1634;00;Hauteville;2137;FR;7.13728297711459;46.67687210841284;fr
La Tour-de-Trême;1635;00;Bulle;2125;FR;7.058809975181954;46.608872708119826;fr
La Tour-de-Trême;1635;00;Gruyères;2135;FR;7.0141874893358995;46.584894014484135;fr
La Tour-de-Trême;1635;00;Le Pâquier (FR);2145;FR;7.039115973562876;46.60845425606926;fr
Broc;1636;00;Broc;2124;FR;7.101205335913908;46.604859718413664;fr
Broc;1636;00;Gruyères;2135;FR;7.153636074736384;46.59487453078952;fr
Charmey (Gruyère);1637;00;Val-de-Charmey;2163;FR;7.167259215296687;46.620905265243714;fr
Charmey (Gruyère);1637;00;Jaun;2138;FR;7.200843635373557;46.578494473921126;fr
Morlon;1638;00;Morlon;2143;FR;7.083270203765022;46.624892218704495;fr
Sorens;1642;00;Sorens;2153;FR;7.052938380537871;46.67057199024841;fr
Gumefens;1643;00;Pont-en-Ogoz;2122;FR;7.076231999234154;46.6773773920499;fr
Avry-devant-Pont;1644;00;Pont-en-Ogoz;2122;FR;7.086837089736016;46.68651426084256;fr
Le Bry;1645;00;Pont-en-Ogoz;2122;FR;7.0847039085824175;46.700801610229504;fr
Echarlens;1646;00;Echarlens;2131;FR;7.075041160890855;46.64664457508066;fr
Echarlens;1646;00;Corbières;2129;FR;7.090153724900371;46.66083306039378;fr
Corbières;1647;00;Corbières;2129;FR;7.105333478087975;46.65912448686539;fr
Corbières;1647;00;Hauteville;2137;FR;7.122884958652473;46.662736905798695;fr
Hauteville;1648;00;Hauteville;2137;FR;7.112274721531291;46.673609563723765;fr
Pont-la-Ville;1649;00;Pont-la-Ville;2147;FR;7.113586921507406;46.696525047055296;fr
Villarvolard;1651;00;Corbières;2129;FR;7.1090394448944885;46.64493125164197;fr
Botterens;1652;00;Botterens;2123;FR;7.113458593503667;46.618272003852;fr
Villarbeney;1652;02;Botterens;2123;FR;7.110771832332818;46.628564256677734;fr
Crésuz;1653;02;Crésuz;2130;FR;7.141749599059909;46.620607470566846;fr
Châtel-sur-Montsalvens;1653;03;Châtel-sur-Montsalvens;2128;FR;7.12660584873742;46.6136671874371;fr
Châtel-sur-Montsalvens;1653;03;Broc;2124;FR;7.117395789602632;46.61043903691129;fr
Cerniat FR;1654;00;Val-de-Charmey;2163;FR;7.170663469686689;46.642556746527106;fr
Jaun;1656;00;Jaun;2138;FR;7.282874817948531;46.60990575053926;de
Im Fang;1656;01;Jaun;2138;FR;7.237867663795671;46.59933700853641;de
Abländschen;1657;00;Saanen;843;BE;7.289022549811641;46.57254642155008;de
Abländschen;1657;00;Boltigen;791;BE;7.291177193596303;46.566936006508364;de
Abländschen;1657;00;Jaun;2138;FR;7.298908097487055;46.58331780122275;de
Rossinière;1658;00;Rossinière;5842;VD;7.082977525216658;46.46749395907812;fr
La Tine;1658;02;Rossinière;5842;VD;7.051072931366096;46.47042975705608;fr
Rougemont;1659;00;Rougemont;5843;VD;7.2089022271760275;46.49067778856629;fr
Rougemont;1659;00;Château-d'Oex;5841;VD;7.179394795168099;46.47586110877717;fr
Flendruz;1659;02;Château-d'Oex;5841;VD;7.1749590164771755;46.48562913645386;fr
Flendruz;1659;02;Rougemont;5843;VD;7.186471001303207;46.52735275805585;fr
Château-d'Oex;1660;00;Château-d'Oex;5841;VD;7.136287104783642;46.47502543715244;fr
Les Moulins;1660;02;Château-d'Oex;5841;VD;7.108982842808333;46.460043312618595;fr
L'Etivaz;1660;03;Château-d'Oex;5841;VD;7.149737342918228;46.423965127442685;fr
La Lécherette;1660;04;Château-d'Oex;5841;VD;7.10453938847468;46.42500101385326;fr
La Lécherette;1660;04;Ormont-Dessous;5410;VD;7.054792807704089;46.415973299585005;fr
Le Pâquier-Montbarry;1661;00;Le Pâquier (FR);2145;FR;7.055081541844544;46.593531556590975;fr
Le Pâquier-Montbarry;1661;00;Bulle;2125;FR;7.037958897290833;46.5990496996345;fr
Le Pâquier-Montbarry;1661;00;Gruyères;2135;FR;7.0690800739045665;46.592129719321065;fr
Gruyères;1663;00;Gruyères;2135;FR;7.081708136094479;46.58278768648288;fr
Pringy;1663;02;Gruyères;2135;FR;7.068819977530498;46.58058743322193;fr
Epagny;1663;03;Gruyères;2135;FR;7.085144789315005;46.59192004575261;fr
Moléson-sur-Gruyères;1663;04;Gruyères;2135;FR;7.036797592556184;46.565752560852424;fr
Moléson-sur-Gruyères;1663;04;Bas-Intyamon;2162;FR;7.044165758767756;46.56231508895013;fr
Estavannens;1665;00;Bas-Intyamon;2162;FR;7.103131879995537;46.56376431523527;fr
Grandvillard;1666;00;Grandvillard;2134;FR;7.085488369444077;46.53947637467313;fr
Villars-sous-Mont;1666;02;Bas-Intyamon;2162;FR;7.068927431144967;46.54017919274041;fr
Enney;1667;00;Bas-Intyamon;2162;FR;7.081379775539304;46.565398031362186;fr
Albeuve;1669;00;Haut-Intyamon;2121;FR;7.054653838562789;46.516167181150344;fr
Lessoc;1669;02;Haut-Intyamon;2121;FR;7.062787298361669;46.50647909664673;fr
Les Sciernes-d'Albeuve;1669;03;Haut-Intyamon;2121;FR;7.036051860405452;46.49615009722769;fr
Neirivue;1669;04;Haut-Intyamon;2121;FR;7.059259633288915;46.52644679525138;fr
Montbovon;1669;05;Haut-Intyamon;2121;FR;7.035761001609445;46.48449959613191;fr
Ursy;1670;00;Ursy;2102;FR;6.838717237721163;46.633795082219976;fr
Bionnens;1670;02;Ursy;2102;FR;6.854672101521391;46.63533551072873;fr
Esmonts;1670;03;Ursy;2102;FR;6.843745786355796;46.64201668406749;fr
Promasens;1673;00;Rue;2097;FR;6.82370339205527;46.602490328496174;fr
Gillarens;1673;02;Rue;2097;FR;6.828304274976987;46.58921030897764;fr
Auboranges;1673;03;Rue;2097;FR;6.804117045446757;46.58324840689964;fr
Ecublens FR;1673;04;Rue;2097;FR;6.809865549371588;46.60834282519361;fr
Rue;1673;05;Rue;2097;FR;6.823577152925967;46.62157879012212;fr
Vuarmarens;1674;00;Ursy;2102;FR;6.8292517318120485;46.64397294635172;fr
Montet (Glâne);1674;02;Ursy;2102;FR;6.815504496814618;46.64451012692188;fr
Morlens;1674;03;Ursy;2102;FR;6.8363639387241975;46.65273677202536;fr
Vauderens;1675;00;Ursy;2102;FR;6.84976790475967;46.62280605128967;fr
Blessens;1675;02;Rue;2097;FR;6.837346887441499;46.607951876393564;fr
Blessens;1675;02;Ursy;2102;FR;6.844381126633058;46.60689140808999;fr
Mossel;1675;03;Ursy;2102;FR;6.8579649766109325;46.61212525768484;fr
Chavannes-les-Forts;1676;00;Siviriez;2099;FR;6.896218386285137;46.6518597089701;fr
Prez-vers-Siviriez;1677;00;Siviriez;2099;FR;6.875779275508341;46.63757401798312;fr
Siviriez;1678;00;Siviriez;2099;FR;6.876704400348414;46.657828043514506;fr
Villaraboud;1679;00;Siviriez;2099;FR;6.910992065778803;46.66132978595616;fr
Romont FR;1680;00;Romont (FR);2096;FR;6.913377482351036;46.6940762045931;fr
Romont FR;1680;00;Villaz;2117;FR;6.9375068241073565;46.70584346271603;fr
Romont FR;1680;00;Siviriez;2099;FR;6.893587493157389;46.67303207789384;fr
Romont FR;1680;00;Mézières (FR);2087;FR;6.93432310090516;46.691139465426076;fr
Berlens;1680;02;Mézières (FR);2087;FR;6.952664087265029;46.6940979334151;fr
Billens;1681;00;Billens-Hennens;2063;FR;6.897718010931737;46.6898737843451;fr
Hennens;1681;02;Billens-Hennens;2063;FR;6.883960263025158;46.68275487994892;fr
Prévonloup;1682;00;Prévonloup;5683;VD;6.882955407284312;46.70033659759502;fr
Lovatens;1682;02;Lovatens;5674;VD;6.865202498471213;46.691414697687925;fr
Dompierre VD;1682;03;Dompierre (VD);5671;VD;6.8818855184234105;46.70896724290157;fr
Villars-Bramard;1682;04;Valbroye;5831;VD;6.89892942549991;46.719007585831356;fr
Cerniaz VD;1682;05;Valbroye;5831;VD;6.8959795286552685;46.726181102664235;fr
Brenles;1683;00;Lucens;5675;VD;6.853966757923192;46.67147689967614;fr
Chesalles-sur-Moudon;1683;02;Lucens;5675;VD;6.833864668406079;46.67522195826041;fr
Sarzens;1683;03;Lucens;5675;VD;6.849393023139233;46.68221221533557;fr
Mézières FR;1684;00;Mézières (FR);2087;FR;6.92799790457429;46.677122948818266;fr
Villariaz;1685;00;Vuisternens-devant-Romont;2113;FR;6.940979041864562;46.66266145965399;fr
Grangettes-près-Romont;1686;00;Grangettes;2079;FR;6.963547370961442;46.67713312945263;fr
La Neirigue;1686;02;Vuisternens-devant-Romont;2113;FR;6.954778724505665;46.6842836869991;fr
Vuisternens-devant-Romont;1687;00;Vuisternens-devant-Romont;2113;FR;6.928661400783585;46.65121829548768;fr
La Magne;1687;02;Vuisternens-devant-Romont;2113;FR;6.930250124945687;46.63790275803438;fr
Estévenens;1687;03;Vuisternens-devant-Romont;2113;FR;6.960102133744194;46.66772718837726;fr
Sommentier;1688;00;Vuisternens-devant-Romont;2113;FR;6.911709564786663;46.637395485312545;fr
Lieffrens;1688;02;Vuisternens-devant-Romont;2113;FR;6.901287481037525;46.63609626609421;fr
Le Châtelard-près-Romont;1689;00;Le Châtelard;2067;FR;6.98479192236667;46.67793058741248;fr
Villaz-St-Pierre;1690;00;Villaz;2117;FR;6.95793246529909;46.720495552742506;fr
Villaz-St-Pierre;1690;00;Villorsonnens;2114;FR;6.9707187110126485;46.72120553735592;fr
Lussy FR;1690;02;Villaz;2117;FR;6.9436532361525325;46.71575659438545;fr
Villarimboud;1691;00;Villaz;2117;FR;6.962943848898692;46.73954234957902;fr
Massonnens;1692;00;Massonnens;2086;FR;6.9745122100303645;46.69843514485265;fr
Villarsiviriaux;1694;00;Villorsonnens;2114;FR;7.011791532834244;46.6980504495696;fr
Villargiroud;1694;02;Villorsonnens;2114;FR;7.001364941448678;46.703624097555085;fr
Orsonnens;1694;03;Villorsonnens;2114;FR;6.994706593658935;46.71504072553145;fr
Chavannes-sous-Orsonnens;1694;04;Villorsonnens;2114;FR;6.989564569187923;46.72625605825337;fr
Villarlod;1695;00;Gibloux;2236;FR;7.023983445828828;46.70232350192988;fr
Rueyres-St-Laurent;1695;02;Gibloux;2236;FR;7.034275991256498;46.71424375076674;fr
Estavayer-le-Gibloux;1695;03;Gibloux;2236;FR;7.02474582521481;46.72220654556981;fr
Villarsel-le-Gibloux;1695;04;Gibloux;2236;FR;7.017767465164067;46.71299643718448;fr
Vuisternens-en-Ogoz;1696;00;Gibloux;2236;FR;7.054423385077338;46.706028678718816;fr
La Joux FR;1697;00;Vuisternens-devant-Romont;2113;FR;6.936217153483871;46.625452236907904;fr
Les Ecasseys;1697;02;Vuisternens-devant-Romont;2113;FR;6.9050506310028235;46.62138796311612;fr
Porsel;1699;00;Le Flon;2337;FR;6.866676071027774;46.60189626176246;fr
Pont (Veveyse);1699;02;Le Flon;2337;FR;6.853194684420242;46.59098761033577;fr
Bouloz;1699;03;Le Flon;2337;FR;6.882309156354321;46.61228308853813;fr
Fribourg;1700;00;Fribourg;2196;FR;7.155283424335984;46.8051492953669;fr
Fribourg;1700;00;Tafers;2306;FR;7.18491475159907;46.805615026791365;fr
Fribourg;1700;00;Düdingen;2293;FR;7.181172078907628;46.81567248655531;fr
Tafers;1712;00;Tafers;2306;FR;7.219173086016363;46.81520342927537;de
Tafers;1712;00;Schmitten (FR);2305;FR;7.248179553966483;46.82726455818154;de
St. Antoni;1713;00;Tafers;2306;FR;7.263325579900839;46.820614366501125;de
St. Antoni;1713;00;Schmitten (FR);2305;FR;7.261970567431306;46.834123310367374;de
Heitenried;1714;00;Heitenried;2296;FR;7.301620401667075;46.829257613340204;de
Heitenried;1714;00;Tafers;2306;FR;7.29076480984609;46.82578077315416;de
Alterswil FR;1715;00;Tafers;2306;FR;7.264380244349404;46.794520358640995;de
Alterswil FR;1715;00;St. Ursen;2304;FR;7.271636889104797;46.777601894729294;de
Plaffeien;1716;00;Plaffeien;2299;FR;7.28986398921963;46.735033842751854;de
Oberschrot;1716;02;Plaffeien;2299;FR;7.2770932345740365;46.739792952353525;de
Schwarzsee;1716;03;Plaffeien;2299;FR;7.289672364306037;46.67691372185284;de
Schwarzsee;1716;03;Val-de-Charmey;2163;FR;7.264633539851446;46.65205933372592;de
Schwarzsee;1716;03;Jaun;2138;FR;7.292589268007416;46.65683050820545;de
Schwarzsee;1716;03;Plasselb;2300;FR;7.250682957615363;46.674139088516334;de
St. Ursen;1717;00;St. Ursen;2304;FR;7.216621181236928;46.78912977266751;de
St. Ursen;1717;00;Tafers;2306;FR;7.2195033346341315;46.798526584805934;de
Rechthalten;1718;00;Rechthalten;2301;FR;7.24427103068222;46.76669185401341;de
Rechthalten;1718;00;St. Ursen;2304;FR;7.263333054569064;46.77431503699248;de
Brünisried;1719;00;Brünisried;2292;FR;7.279504945150617;46.75602416119819;de
Brünisried;1719;00;Plaffeien;2299;FR;7.284859767177321;46.748420141565234;de
Zumholz;1719;02;Plaffeien;2299;FR;7.291391223163871;46.755356567337984;de
Corminboeuf;1720;00;Corminboeuf;2183;FR;7.105348119130383;46.81079811867888;fr
Chésopelloz;1720;02;Corminboeuf;2183;FR;7.080999839465622;46.807575846864026;fr
Chésopelloz;1720;02;Belfaux;2175;FR;7.069372920462314;46.80846527625648;fr
Misery;1721;01;Misery-Courtion;2272;FR;7.067013655753991;46.852148468212846;fr
Misery;1721;01;Avenches;5451;VD;7.054361772831552;46.85745879606542;fr
Cormérod;1721;02;Misery-Courtion;2272;FR;7.086625863866563;46.86466934616266;fr
Courtion;1721;04;Misery-Courtion;2272;FR;7.070766393532376;46.85749491855779;fr
Cournillens;1721;05;Misery-Courtion;2272;FR;7.100780668895732;46.85785769214749;fr
Bourguillon;1722;00;Fribourg;2196;FR;7.174827095608656;46.80031176747483;fr
Marly;1723;00;Marly;2206;FR;7.157625821907877;46.77813278499441;fr
Villarsel-sur-Marly;1723;03;Villarsel-sur-Marly;2230;FR;7.1693580197692155;46.76248207258778;fr
Pierrafortscha;1723;04;Pierrafortscha;2216;FR;7.180901150927624;46.78207394949701;fr
Le Mouret;1724;00;Le Mouret;2220;FR;7.177837029135451;46.749719267883414;fr
Le Mouret;1724;00;Villarsel-sur-Marly;2230;FR;7.186182776040605;46.76166611179044;fr
Essert FR;1724;02;Le Mouret;2220;FR;7.164028008384446;46.73733592990329;fr
Essert FR;1724;02;Treyvaux;2226;FR;7.160415323402436;46.73004078330674;fr
Ferpicloz;1724;03;Ferpicloz;2194;FR;7.165835586344633;46.74725331911577;fr
Montévraz;1724;04;Le Mouret;2220;FR;7.175093679780242;46.73804578909453;fr
Oberried FR;1724;05;Le Mouret;2220;FR;7.187353520086778;46.73527596572498;fr
Senèdes;1724;06;Bois-d'Amont;2238;FR;7.143171819336134;46.742114214607554;fr
Senèdes;1724;06;Treyvaux;2226;FR;7.146837463389777;46.73938005373339;fr
Zénauva;1724;07;Le Mouret;2220;FR;7.181042331674377;46.73629631353615;fr
Bonnefontaine;1724;08;Le Mouret;2220;FR;7.197847133146905;46.740983841493744;fr
Bonnefontaine;1724;08;St. Silvester;2303;FR;7.196988056963226;46.75160567861095;fr
Posieux;1725;00;Hauterive (FR);2233;FR;7.098950937417196;46.76371487921146;fr
Posieux;1725;00;Marly;2206;FR;7.126960154253746;46.76901244591988;fr
Posieux;1725;00;Bois-d'Amont;2238;FR;7.123477731495277;46.76901184724324;fr
Farvagny-le-Grand;1726;00;Gibloux;2236;FR;7.066446463056321;46.72032665518025;fr
Farvagny-le-Petit;1726;02;Gibloux;2236;FR;7.073203684802865;46.72878640351658;fr
Grenilles;1726;03;Gibloux;2236;FR;7.048544670043568;46.72687840008004;fr
Posat;1726;04;Gibloux;2236;FR;7.055580945560571;46.736293678866105;fr
Corpataux;1727;00;Gibloux;2236;FR;7.095119555508873;46.74259089965225;fr
Magnedens;1727;02;Gibloux;2236;FR;7.0809878729859355;46.74250236443606;fr
Rossens FR;1728;00;Gibloux;2236;FR;7.10334677246592;46.720081638867065;fr
Ecuvillens;1730;00;Hauterive (FR);2233;FR;7.083200569863673;46.756164509061726;fr
Ependes FR;1731;00;Bois-d'Amont;2238;FR;7.147973676522118;46.754288505044656;fr
Arconciel;1732;00;Bois-d'Amont;2238;FR;7.123820577684887;46.744023300864185;fr
Treyvaux;1733;00;Treyvaux;2226;FR;7.137010370928939;46.7278221526737;fr
Treyvaux;1733;00;La Roche;2149;FR;7.127825779484892;46.71444803942276;fr
Tentlingen;1734;00;Tentlingen;2307;FR;7.197236398502726;46.76913836737724;de
Tentlingen;1734;00;St. Silvester;2303;FR;7.2002052690496505;46.75507573179219;de
Tentlingen;1734;00;Le Mouret;2220;FR;7.193840797686731;46.752975249391625;de
Giffers;1735;00;Giffers;2294;FR;7.211884450580281;46.76024504610778;de
Giffers;1735;00;Rechthalten;2301;FR;7.251026388153875;46.7516448356221;de
St. Silvester;1736;00;St. Silvester;2303;FR;7.22078354887642;46.741362984294135;de
Plasselb;1737;00;Plasselb;2300;FR;7.252275190226558;46.735005282637395;fr
Sangernboden;1738;00;Guggisberg;852;BE;7.352736051033348;46.72324304166733;de
Sangernboden;1738;00;Rüschegg;853;BE;7.411758617775594;46.71774051377305;de
Sangernboden;1738;00;Plaffeien;2299;FR;7.349637681986155;46.68299484596856;de
Neyruz FR;1740;00;Neyruz (FR);2211;FR;7.065139400081603;46.76727909542032;fr
Cottens FR;1741;00;Cottens (FR);2186;FR;7.0350147329825194;46.75349404059837;fr
Autigny;1742;00;Autigny;2173;FR;7.020871874605914;46.73763779613128;fr
Chénens;1744;00;Chénens;2177;FR;6.999994993511822;46.74336138360234;fr
Lentigny;1745;00;La Brillaz;2234;FR;7.005178206132769;46.759438334899926;fr
Lentigny;1745;00;Autigny;2173;FR;7.013325469279208;46.75377487789806;fr
Prez-vers-Noréaz;1746;00;Prez;2237;FR;7.013053876639288;46.78312633033007;fr
Corserey;1747;00;Prez;2237;FR;6.993616615982868;46.77250925418628;fr
Torny-le-Grand;1748;00;Torny;2115;FR;6.966689410945399;46.77048478485518;fr
Middes;1749;00;Torny;2115;FR;6.9479294408184264;46.77177282574624;fr
Villars-sur-Glâne;1752;00;Villars-sur-Glâne;2228;FR;7.125628845670717;46.793026699691545;fr
Matran;1753;00;Matran;2208;FR;7.098020382128;46.786605622476124;fr
Matran;1753;00;Corminboeuf;2183;FR;7.091272238097911;46.79121790169536;fr
Corjolens;1754;02;Avry;2174;FR;7.040221120721753;46.78564441505461;fr
Corjolens;1754;02;La Brillaz;2234;FR;7.035803578142798;46.784459456374684;fr
Corjolens;1754;02;Prez;2237;FR;7.033992158477237;46.785019751349836;fr
Avry-sur-Matran;1754;04;Avry;2174;FR;7.069062911937278;46.7868841118799;fr
Onnens FR;1756;00;La Brillaz;2234;FR;7.036883751886342;46.7748560575201;fr
Lovens;1756;02;La Brillaz;2234;FR;7.021537962027711;46.77153549379984;fr
Noréaz;1757;00;Prez;2237;FR;7.028098344339795;46.80225204219597;fr
Givisiez;1762;00;Givisiez;2197;FR;7.130650337453069;46.81268644975808;fr
Granges-Paccot;1763;00;Granges-Paccot;2198;FR;7.1461026806959085;46.8214617596122;fr
Grolley;1772;00;Grolley-Ponthaux;2239;FR;7.0641103002846934;46.8322860534953;fr
Grolley;1772;00;Belmont-Broye;2053;FR;7.052967457642927;46.83981405504837;fr
Nierlet-les-Bois;1772;01;Grolley-Ponthaux;2239;FR;7.055287639321374;46.821480162005265;fr
Ponthaux;1772;02;Grolley-Ponthaux;2239;FR;7.040228958375193;46.81460993427058;fr
Léchelles;1773;00;Belmont-Broye;2053;FR;7.015229214258683;46.829470269877255;fr
Chandon;1773;02;Belmont-Broye;2053;FR;7.044107704363979;46.8395408553793;fr
Russy;1773;03;Belmont-Broye;2053;FR;7.001795821733698;46.84224712492226;fr
Cousset;1774;00;Montagny (FR);2029;FR;6.977412474204336;46.817737317993476;fr
Cousset;1774;00;Corcelles-près-Payerne;5816;VD;6.970644500394479;46.82749684627817;fr
Montagny-les-Monts;1774;02;Montagny (FR);2029;FR;6.987430588343422;46.80756751223763;fr
Mannens;1775;02;Montagny (FR);2029;FR;6.969288141268257;46.79374005237305;fr
Grandsivaz;1775;03;Montagny (FR);2029;FR;6.983543059872484;46.787042236802584;fr
Montagny-la-Ville;1776;00;Montagny (FR);2029;FR;6.994906877226186;46.817635858191096;fr
Montagny-la-Ville;1776;00;Belmont-Broye;2053;FR;6.992509914224739;46.83328765473109;fr
Belfaux;1782;00;Belfaux;2175;FR;7.101627385182015;46.82119489485763;fr
Autafond;1782;02;Belfaux;2175;FR;7.08060162859724;46.816210235478756;fr
Lossy;1782;03;La Sonnaz;2235;FR;7.10934838419416;46.83361317474817;fr
La Corbaz;1782;04;La Sonnaz;2235;FR;7.118936813716267;46.83686984117964;fr
Cormagens;1782;05;La Sonnaz;2235;FR;7.136096886220372;46.836646850464525;fr
Formangueires;1782;06;La Sonnaz;2235;FR;7.117065458776519;46.82759929635886;fr
Pensier;1783;00;Courtepin;2254;FR;7.137272420395685;46.84439500242241;fr
Barberêche;1783;04;Courtepin;2254;FR;7.155658406348666;46.86073278467859;fr
Courtepin;1784;00;Courtepin;2254;FR;7.12591760073701;46.86262502614471;fr
Wallenried;1784;03;Courtepin;2254;FR;7.115099909765829;46.873182379539074;fr
Cressier FR;1785;00;Cressier (FR);2257;FR;7.142539187815921;46.899640271542395;fr
Sugiez;1786;00;Mont-Vully;2284;FR;7.1147396951264685;46.96319729933835;fr
Môtier (Vully);1787;00;Mont-Vully;2284;FR;7.080750444261079;46.94719222649453;fr
Mur (Vully) FR;1787;01;Mont-Vully;2284;FR;7.063928029882353;46.94475451481283;fr
Mur (Vully) VD;1787;02;Vully-les-Lacs;5464;VD;7.059087485616285;46.94388397662224;fr
Praz (Vully);1788;00;Mont-Vully;2284;FR;7.100080611901757;46.9542135084707;fr
Lugnorre;1789;00;Mont-Vully;2284;FR;7.07558806111904;46.9510978677338;fr
Courtaman;1791;00;Courtepin;2254;FR;7.130191875265693;46.869653059912174;fr
Cordast;1792;00;Gurmels;2262;FR;7.151754844275359;46.87460285206471;de
Guschelmuth;1792;02;Gurmels;2262;FR;7.140248523248201;46.88207542284862;de
Jeuss;1793;00;Murten;2275;FR;7.16539553451328;46.903196515061126;de
Jeuss;1793;00;Staatswald Galm;2391;FR;7.177783863850914;46.917867653681675;de
Salvenach;1794;00;Murten;2275;FR;7.150737149956159;46.91265048008799;de
Courlevon;1795;00;Murten;2275;FR;7.1109218622098265;46.89145799546649;de
Courlevon;1795;00;Courtepin;2254;FR;7.106340916943353;46.883231987440354;de
Courgevaux;1796;00;Courgevaux;2250;FR;7.110557633244625;46.91023019316171;de
Münchenwiler;1797;00;Münchenwiler;669;BE;7.125267827490367;46.91321301665719;de
Vevey;1800;00;Vevey;5890;VD;6.847602525475483;46.46297468418531;fr
Le Mont-Pèlerin;1801;00;Chardonne;5882;VD;6.828614240588083;46.484446155512195;fr
Corseaux;1802;00;Corseaux;5883;VD;6.828806805228623;46.470836416794995;fr
Chardonne;1803;00;Chardonne;5882;VD;6.829290218527669;46.47762191607592;fr
Corsier-sur-Vevey;1804;00;Corsier-sur-Vevey;5884;VD;6.844395014430262;46.47172888062764;fr
Jongny;1805;00;Jongny;5885;VD;6.8455502792764165;46.48273688457521;fr
St-Légier-La Chiésaz;1806;00;Blonay - Saint-Légier;5892;VD;6.875103043244848;46.47237157042338;fr
Blonay;1807;00;Blonay - Saint-Légier;5892;VD;6.894666302032431;46.46652995234284;fr
Blonay;1807;00;Montreux;5886;VD;6.895423297195078;46.455972476942726;fr
Les Monts-de-Corsier;1808;00;Corsier-sur-Vevey;5884;VD;6.8774155208023116;46.50046806606815;fr
Les Monts-de-Corsier;1808;00;Attalens;2321;FR;6.874225672875633;46.50653341315881;fr
Fenil-sur-Corsier;1809;00;Corsier-sur-Vevey;5884;VD;6.865244717604304;46.48360290260348;fr
La Tour-de-Peilz;1814;00;La Tour-de-Peilz;5889;VD;6.865717221168029;46.454989475448905;fr
Clarens;1815;00;Montreux;5886;VD;6.893847307170728;46.44444123870599;fr
Chailly-Montreux;1816;00;Montreux;5886;VD;6.892155753977679;46.45343792131265;fr
Brent;1817;00;Montreux;5886;VD;6.903232129133645;46.45475924608288;fr
Montreux;1820;00;Montreux;5886;VD;6.912927546093789;46.43483394571041;fr
Territet;1820;05;Montreux;5886;VD;6.92562552780305;46.42533865261147;fr
Veytaux;1820;06;Veytaux;5891;VD;6.931299727927589;46.418158586799386;fr
Chernex;1822;00;Montreux;5886;VD;6.912174198822672;46.44406016062473;fr
Glion;1823;00;Montreux;5886;VD;6.927061884933581;46.43302758097124;fr
Caux;1824;00;Montreux;5886;VD;6.94724796157355;46.435204048750755;fr
Chamby;1832;00;Montreux;5886;VD;6.912182272638962;46.453928615946595;fr
Villard-sur-Chamby;1832;02;Montreux;5886;VD;6.930978780505581;46.464854396214896;fr
Les Avants;1833;00;Montreux;5886;VD;6.942753286650989;46.457125202328726;fr
Villeneuve VD;1844;00;Villeneuve (VD);5414;VD;6.930550719809217;46.39679916073157;fr
Noville;1845;00;Noville;5408;VD;6.903456964321178;46.38204698031597;fr
Chessel;1846;00;Chessel;5403;VD;6.894496097866917;46.35017691932381;fr
Rennaz;1847;00;Rennaz;5412;VD;6.919923668550223;46.37688814318116;fr
Roche VD;1852;00;Roche (VD);5413;VD;6.92964700501709;46.36015513344181;fr
Yvorne;1853;00;Yvorne;5415;VD;6.956988184716188;46.332037150273116;fr
Leysin;1854;00;Leysin;5407;VD;7.014406922202916;46.34467256582493;fr
Corbeyrier;1856;00;Corbeyrier;5404;VD;6.963640298968674;46.349481171318395;fr
Corbeyrier;1856;00;Ormont-Dessous;5410;VD;7.019014227553381;46.40388184922062;fr
Aigle;1860;00;Aigle;5401;VD;6.964722178998454;46.31639020367113;fr
Aigle;1860;00;Ollon;5409;VD;6.974649089251733;46.3018042923566;fr
Les Mosses;1862;00;Ormont-Dessous;5410;VD;7.101391911020301;46.3957016430883;fr
La Comballaz;1862;02;Ormont-Dessous;5410;VD;7.081430832548078;46.37258427967193;fr
Le Sépey;1863;00;Ormont-Dessous;5410;VD;7.049833464858341;46.36040767972639;fr
Le Sépey;1863;00;Aigle;5401;VD;7.029112021115704;46.33596498033257;fr
Vers-l'Eglise;1864;00;Ormont-Dessus;5411;VD;7.121797035462239;46.35705220797869;fr
Les Diablerets;1865;00;Ormont-Dessus;5411;VD;7.161246952049461;46.35104798188173;fr
La Forclaz VD;1866;00;Ormont-Dessous;5410;VD;7.068241335871945;46.34954872713449;fr
La Forclaz VD;1866;00;Ollon;5409;VD;7.0376752863442915;46.33711118268161;fr
Ollon VD;1867;00;Ollon;5409;VD;6.99496500022764;46.29348392752147;fr
St-Triphon;1867;02;Ollon;5409;VD;6.976183713684432;46.289270477953245;fr
Panex;1867;03;Ollon;5409;VD;7.016952489137073;46.31301704116132;fr
Collombey;1868;00;Collombey-Muraz;6152;VS;6.947792619586523;46.27335396624252;fr
Massongex;1869;00;Massongex;6215;VS;6.986703128076743;46.241527610925694;fr
Monthey;1870;00;Monthey;6153;VS;6.95215746581405;46.253870007741725;fr
Choëx;1871;00;Monthey;6153;VS;6.949651976183634;46.241211105468565;fr
Les Giettes;1871;02;Monthey;6153;VS;6.959628304137655;46.22727449763415;fr
Les Giettes;1871;02;Massongex;6215;VS;6.970894001373722;46.2255316466037;fr
Les Giettes;1871;02;Troistorrents;6156;VS;6.934307143456987;46.224361670856204;fr
Troistorrents;1872;00;Troistorrents;6156;VS;6.922282994526264;46.23438724634324;fr
Troistorrents;1872;00;Collombey-Muraz;6152;VS;6.92217538463094;46.256606382165856;fr
Val-d'Illiez;1873;00;Val-d'Illiez;6157;VS;6.891376497261922;46.20111891131084;fr
Champoussin;1873;02;Val-d'Illiez;6157;VS;6.862980689355826;46.20821011428227;fr
Les Crosets;1873;03;Val-d'Illiez;6157;VS;6.838840617096589;46.18715092319043;fr
Champéry;1874;00;Champéry;6151;VS;6.868323005613048;46.17573536300796;fr
Morgins;1875;00;Troistorrents;6156;VS;6.860546802824668;46.23968310983465;fr
Bex;1880;00;Bex;5402;VD;7.014234229751094;46.24899311786037;fr
Frenières-sur-Bex;1880;02;Bex;5402;VD;7.067951535790063;46.26093993017601;fr
Frenières-sur-Bex;1880;02;Gryon;5405;VD;7.060644999048117;46.267194680495386;fr
Fenalet-sur-Bex;1880;03;Bex;5402;VD;7.027924872077584;46.27156013984973;fr
Les Plans-sur-Bex;1880;04;Bex;5402;VD;7.091959849468782;46.2566174203914;fr
Les Posses-sur-Bex;1880;05;Bex;5402;VD;7.046959858802116;46.27088120367196;fr
Les Posses-sur-Bex;1880;05;Gryon;5405;VD;7.058271929955672;46.267506981441414;fr
Gryon;1882;00;Gryon;5405;VD;7.077502232278038;46.28159808688543;fr
Gryon;1882;00;Bex;5402;VD;7.151412223065007;46.28284378324312;fr
Villars-sur-Ollon;1884;00;Ollon;5409;VD;7.058889977226146;46.29924953515265;fr
Arveyes;1884;02;Ollon;5409;VD;7.061862418230372;46.28986796594016;fr
Huémoz;1884;03;Ollon;5409;VD;7.025724549418999;46.29136072717618;fr
Chesières;1885;00;Ollon;5409;VD;7.044057939853243;46.302455099082636;fr
St-Maurice;1890;00;Saint-Maurice;6217;VS;7.006341380905787;46.206179417855154;fr
Mex VS;1890;01;Saint-Maurice;6217;VS;6.997484928698598;46.18631850699648;fr
Vérossaz;1891;11;Vérossaz;6220;VS;6.984834158710787;46.21230191146159;fr
Vérossaz;1891;11;Massongex;6215;VS;6.9891262013015;46.22447236182119;fr
Lavey-Village;1892;00;Lavey-Morcles;5406;VD;7.017530003051998;46.22030009772044;fr
Lavey-les-Bains;1892;01;Lavey-Morcles;5406;VD;7.0166353587523504;46.2053458601451;fr
Morcles;1892;02;Lavey-Morcles;5406;VD;7.03479920663895;46.208956745287104;fr
Muraz (Collombey);1893;00;Collombey-Muraz;6152;VS;6.928930828464279;46.28021510659204;fr
Muraz (Collombey);1893;00;Monthey;6153;VS;6.882708633923993;46.280968459512835;fr
Vionnaz;1895;00;Vionnaz;6158;VS;6.902473645561697;46.31067834742765;fr
Vouvry;1896;00;Vouvry;6159;VS;6.888548249886097;46.33717611342805;fr
Miex;1896;02;Vouvry;6159;VS;6.862720196843736;46.339152462916836;fr
Bouveret;1897;00;Port-Valais;6154;VS;6.861016426858782;46.38325052896916;fr
Les Evouettes;1897;03;Port-Valais;6154;VS;6.876077712534486;46.36241107295698;fr
Les Evouettes;1897;03;Vouvry;6159;VS;6.879354661892656;46.3546189280427;fr
St-Gingolph;1898;00;Saint-Gingolph;6155;VS;6.812925423073181;46.38841025563823;fr
St-Gingolph;1898;00;Port-Valais;6154;VS;6.840472456735276;46.38022008144382;fr
Torgon;1899;00;Vionnaz;6158;VS;6.872875101507351;46.31694800181232;fr
Torgon;1899;00;Vouvry;6159;VS;6.8753192183373235;46.3253803391234;fr
Evionnaz;1902;00;Evionnaz;6213;VS;7.022806406105616;46.174387588494845;fr
Evionnaz;1902;00;Saint-Maurice;6217;VS;7.023865068058556;46.184979434767726;fr
Collonges;1903;00;Collonges;6211;VS;7.034707417163098;46.17252382686102;fr
Vernayaz;1904;00;Vernayaz;6219;VS;7.040762949430611;46.1359869573902;fr
Vernayaz;1904;00;Martigny;6136;VS;7.046254951699265;46.129844218715554;fr
Dorénaz;1905;00;Dorénaz;6212;VS;7.044926312595653;46.148946370750835;fr
Charrat;1906;00;Martigny;6136;VS;7.133222550311734;46.123637204268015;fr
Saxon;1907;00;Saxon;6141;VS;7.176482620880859;46.14789963871082;fr
Saxon;1907;00;Martigny;6136;VS;7.151261272644245;46.13147470064762;fr
Riddes;1908;00;Riddes;6139;VS;7.221985219662084;46.17144812007542;fr
Riddes;1908;00;Chamoson;6022;VS;7.22993652992379;46.1778770378238;fr
Ovronnaz;1911;00;Leytron;6135;VS;7.173168753828078;46.19831232728481;fr
Ovronnaz;1911;00;Saillon;6140;VS;7.137564369449213;46.192249586117406;fr
Leytron;1912;00;Leytron;6135;VS;7.208430756197429;46.186173975509995;fr
Produit (Leytron);1912;02;Leytron;6135;VS;7.19377981237539;46.18675472456833;fr
Montagnon (Leytron);1912;03;Leytron;6135;VS;7.191200363843666;46.19004147666541;fr
Dugny (Leytron);1912;04;Leytron;6135;VS;7.181244244179084;46.189110572516974;fr
Saillon;1913;00;Saillon;6140;VS;7.186139543108395;46.16978108290023;fr
Isérables;1914;00;Isérables;6134;VS;7.24850211452904;46.16062945820407;fr
Auddes-sur-Riddes;1914;02;Riddes;6139;VS;7.243457829956263;46.15219193487514;fr
La Tzoumaz;1918;00;Riddes;6139;VS;7.236961950328036;46.14475009950289;fr
Martigny;1920;00;Martigny;6136;VS;7.074925248235645;46.10293569092361;fr
Martigny;1920;00;Vernayaz;6219;VS;7.039179719594319;46.126041138416404;fr
Martigny;1920;00;Martigny-Combe;6137;VS;7.0037430000376535;46.09379517779894;fr
Martigny;1920;00;Salvan;6218;VS;7.0221782443995755;46.11104667456931;fr
Martigny-Croix;1921;00;Martigny-Combe;6137;VS;7.04814415158208;46.08297450585191;fr
Salvan;1922;00;Salvan;6218;VS;7.020401235997352;46.12011670592573;fr
Les Granges (Salvan);1922;01;Salvan;6218;VS;7.021405867305595;46.12743391649736;fr
Les Marécottes;1923;00;Salvan;6218;VS;7.005590483785183;46.111856608063725;fr
Le Trétien;1923;02;Salvan;6218;VS;6.998559218696478;46.10165521147758;fr
Finhaut;1925;00;Finhaut;6214;VS;6.9749548904072585;46.08238158433407;fr
Le Châtelard VS;1925;01;Finhaut;6214;VS;6.957076008169052;46.0590616102203;fr
Fully;1926;00;Fully;6133;VS;7.120352428733333;46.14096304757023;fr
Chemin;1927;00;Val de Bagnes;6037;VS;7.098740104590368;46.08938188608346;fr
Chemin;1927;00;Martigny;6136;VS;7.084170619692781;46.09118097072041;fr
Chemin;1927;00;Bovernier;6131;VS;7.088809033184976;46.08765123700379;fr
Ravoire;1928;00;Martigny-Combe;6137;VS;7.0488428319812595;46.09913308213019;fr
Ravoire;1928;00;Martigny;6136;VS;7.065822685742647;46.10647254172228;fr
Trient;1929;00;Trient;6142;VS;6.9851051217084;46.05571489846893;fr
Bovernier;1932;00;Bovernier;6131;VS;7.082278445498174;46.07608036068863;fr
Les Valettes (Bovernier);1932;02;Bovernier;6131;VS;7.073442355329883;46.07533233837644;fr
Sembrancher;1933;00;Sembrancher;6035;VS;7.150554196755059;46.07797639610189;fr
Vens (Sembrancher);1933;02;Val de Bagnes;6037;VS;7.127531990504011;46.087189420443025;fr
Chamoille (Sembrancher);1933;03;Sembrancher;6035;VS;7.154458280293317;46.06057993780841;fr
La Garde (Sembrancher);1933;04;Sembrancher;6035;VS;7.146304331189514;46.065434590188225;fr
Le Châble VS;1934;00;Val de Bagnes;6037;VS;7.214215790016901;46.08082940247212;fr
Bruson;1934;01;Val de Bagnes;6037;VS;7.21288390420038;46.06538138739461;fr
Verbier;1936;00;Val de Bagnes;6037;VS;7.227339421166637;46.09997043377497;fr
Orsières;1937;00;Orsières;6034;VS;7.144251361627649;46.02928512662301;fr
Champex-Lac;1938;00;Orsières;6034;VS;7.113314959383511;46.0303241400384;fr
Vollèges;1941;00;Val de Bagnes;6037;VS;7.167641603376617;46.0859080511195;fr
Cries (Vollèges);1941;02;Val de Bagnes;6037;VS;7.177221155722946;46.09128312718645;fr
Levron;1942;00;Val de Bagnes;6037;VS;7.162988229557445;46.09852650948136;fr
Praz-de-Fort;1943;00;Orsières;6034;VS;7.123309990260317;45.98812770737991;fr
La Fouly VS;1944;00;Orsières;6034;VS;7.102896146342006;45.941804685541804;fr
Liddes;1945;00;Liddes;6033;VS;7.185866812761634;45.99206432983232;fr
Fontaine Dessus (Liddes);1945;02;Liddes;6033;VS;7.173450214378966;46.00559183306966;fr
Fontaine Dessous (Liddes);1945;03;Liddes;6033;VS;7.168056809779519;46.0102835904309;fr
Dranse (Liddes);1945;04;Liddes;6033;VS;7.181416336124762;45.988914781813875;fr
Chandonne (Liddes);1945;05;Liddes;6033;VS;7.180452454072099;46.00440278398959;fr
Rive Haute (Liddes);1945;06;Liddes;6033;VS;7.170538932989792;46.00697021470828;fr
Fornex (Liddes);1945;07;Liddes;6033;VS;7.16383101923672;46.00856416765541;fr
Les Moulins VS (Liddes);1945;08;Liddes;6033;VS;7.168020881070309;46.004526385530234;fr
Vichères (Liddes);1945;09;Liddes;6033;VS;7.16646070733682;45.99642666687257;fr
Palasuit (Liddes);1945;10;Liddes;6033;VS;7.192209014022858;45.98229138946912;fr
Chez Petit (Liddes);1945;11;Liddes;6033;VS;7.178563808192679;45.986326497021444;fr
Petit Vichères (Liddes);1945;12;Liddes;6033;VS;7.157779779139854;45.987895523785426;fr
Bourg-St-Pierre;1946;00;Bourg-Saint-Pierre;6032;VS;7.208952989467157;45.94973650376373;fr
Bourg-St-Pierre;1946;00;Liddes;6033;VS;7.200087361056069;45.965900743043626;fr
Versegères;1947;00;Val de Bagnes;6037;VS;7.230727855034545;46.06608155992166;fr
Champsec;1947;05;Val de Bagnes;6037;VS;7.2420303294731205;46.05682756909803;fr
Lourtier;1948;00;Val de Bagnes;6037;VS;7.263727777362978;46.051826057508684;fr
Fionnay;1948;01;Val de Bagnes;6037;VS;7.308881301018357;46.03064917661577;fr
Sarreyer;1948;02;Val de Bagnes;6037;VS;7.251897614197708;46.06559708657965;fr
Sion;1950;00;Sion;6266;VS;7.358420821997395;46.231422405695966;fr
Sion;1950;00;Savièse;6265;VS;7.364152254729403;46.24863497118975;fr
Sion;1950;00;Grimisuat;6263;VS;7.366197815814906;46.24969605495794;fr
Chamoson;1955;00;Chamoson;6022;VS;7.2234191746973355;46.2016401511421;fr
Mayens-de-Chamoson;1955;01;Chamoson;6022;VS;7.185753346397366;46.205420884868865;fr
Les Vérines (Chamoson);1955;02;Chamoson;6022;VS;7.20340113414272;46.21107244953479;fr
Némiaz (Chamoson);1955;03;Chamoson;6022;VS;7.223795053115639;46.21140112001406;fr
Grugnay (Chamoson);1955;04;Chamoson;6022;VS;7.216176757047563;46.20804892876015;fr
St-Pierre-de-Clages;1955;05;Chamoson;6022;VS;7.237057174124354;46.192256025406564;fr
Ardon;1957;00;Ardon;6021;VS;7.259395529140615;46.209637424193275;fr
St-Léonard;1958;00;Saint-Léonard;6246;VS;7.422058899043907;46.25366033916452;fr
St-Léonard;1958;00;Ayent;6082;VS;7.414909639275163;46.26264561767396;fr
St-Léonard;1958;00;Sierre;6248;VS;7.44532366791455;46.260974978770136;fr
Uvrier;1958;02;Sion;6266;VS;7.414267453543051;46.249098090913414;fr
Uvrier;1958;02;Ayent;6082;VS;7.415859867979159;46.254774663743945;fr
Vernamiège;1961;00;Mont-Noble;6090;VS;7.434252694688949;46.21084252233361;fr
Pont-de-la-Morge (Sion);1962;00;Sion;6266;VS;7.31506616981147;46.22379064861749;fr
Pont-de-la-Morge (Sion);1962;00;Savièse;6265;VS;7.314073230473856;46.23847038476686;fr
Vétroz;1963;00;Vétroz;6025;VS;7.277409140422431;46.221646883809676;fr
Vétroz;1963;00;Conthey;6023;VS;7.26073291265318;46.22240656692062;fr
Conthey;1964;00;Conthey;6023;VS;7.304431564980198;46.226585055511784;fr
Savièse;1965;00;Savièse;6265;VS;7.347248192104269;46.25378590589091;fr
Fortunau (Ayent);1966;02;Ayent;6082;VS;7.417323288407072;46.29125216934255;fr
Luc (Ayent);1966;03;Ayent;6082;VS;7.419428187793026;46.28401109286811;fr
St-Romain (Ayent);1966;04;Ayent;6082;VS;7.412344248733105;46.283289959731356;fr
Saxonne (Ayent);1966;05;Ayent;6082;VS;7.4071689275351185;46.280607901736225;fr
Villa (Ayent);1966;06;Ayent;6082;VS;7.414747717872533;46.276408867938066;fr
La Place (Ayent);1966;07;Ayent;6082;VS;7.410934453112136;46.27484272960783;fr
Botyre (Ayent);1966;08;Ayent;6082;VS;7.406224544930622;46.27616379365005;fr
Blignou (Ayent);1966;09;Ayent;6082;VS;7.398715795207071;46.27265304018671;fr
Argnou (Ayent);1966;10;Ayent;6082;VS;7.399268190195248;46.26245221475237;fr
Signèse (Ayent);1966;11;Ayent;6082;VS;7.403551274937076;46.257829917672126;fr
Signèse (Ayent);1966;11;Grimisuat;6263;VS;7.397019674100763;46.25194451963044;fr
Bramois;1967;00;Sion;6266;VS;7.402012737256621;46.232200940234826;fr
Bramois;1967;00;Vex;6089;VS;7.405412958381212;46.22577916244901;fr
Mase;1968;00;Mont-Noble;6090;VS;7.435808605613705;46.19616178792298;fr
St-Martin VS;1969;00;Saint-Martin (VS);6087;VS;7.442776503875977;46.173429981621624;fr
Liez (St-Martin);1969;02;Saint-Martin (VS);6087;VS;7.451540311635095;46.16264370600182;fr
Trogne (St-Martin);1969;03;Saint-Martin (VS);6087;VS;7.454843385319596;46.169219066844136;fr
Suen (St-Martin);1969;04;Saint-Martin (VS);6087;VS;7.438231346579946;46.18201179630057;fr
Eison (St-Martin);1969;05;Saint-Martin (VS);6087;VS;7.469983002652881;46.153041976315514;fr
Grimisuat;1971;00;Grimisuat;6263;VS;7.384745513784455;46.259018775679294;fr
Champlan (Grimisuat);1971;02;Grimisuat;6263;VS;7.372595184405108;46.24720998913452;fr
Champlan (Grimisuat);1971;02;Sion;6266;VS;7.365987658023479;46.24336475519594;fr
Anzère;1972;00;Ayent;6082;VS;7.4026163311777795;46.29776114734524;fr
Anzère;1972;00;Arbaz;6261;VS;7.392020067291194;46.30468381645877;fr
Nax;1973;00;Mont-Noble;6090;VS;7.431153183264881;46.228149855698796;fr
Arbaz;1974;00;Arbaz;6261;VS;7.384986679186932;46.27716304354713;fr
Arbaz;1974;00;Ayent;6082;VS;7.396147626243421;46.288484366110744;fr
St-Séverin;1975;00;Conthey;6023;VS;7.305734771386993;46.239513301642944;fr
Erde;1976;00;Conthey;6023;VS;7.292883317803255;46.25054396752021;fr
Aven;1976;01;Conthey;6023;VS;7.268781081545773;46.241226626172065;fr
Aven;1976;01;Vétroz;6025;VS;7.240753494310004;46.26546000276338;fr
Daillon;1976;02;Conthey;6023;VS;7.3056824624784005;46.255498451630885;fr
Icogne;1977;00;Icogne;6239;VS;7.4389293738324165;46.292585707517716;fr
Icogne;1977;00;Saint-Léonard;6246;VS;7.42364942872539;46.26900708321432;fr
Lens;1978;00;Lens;6240;VS;7.44827105126452;46.28177264464983;fr
Lens;1978;00;Icogne;6239;VS;7.447298946226294;46.28861837853207;fr
Vex;1981;00;Vex;6089;VS;7.397686454173677;46.21119470324443;fr
Euseigne;1982;00;Hérémence;6084;VS;7.418706287761066;46.17038759531436;fr
Euseigne;1982;00;Saint-Martin (VS);6087;VS;7.442555477217726;46.156986091999876;fr
Evolène;1983;00;Evolène;6083;VS;7.494458978857868;46.113902082834564;fr
Lanna;1983;02;Evolène;6083;VS;7.469253151234077;46.12010046765722;fr
Les Haudères;1984;00;Evolène;6083;VS;7.505043755040699;46.08526367088731;fr
La Tour VS;1984;01;Evolène;6083;VS;7.505680318212135;46.09849571020453;fr
La Sage;1985;00;Evolène;6083;VS;7.514500189189023;46.0992817971518;fr
La Forclaz VS;1985;01;Evolène;6083;VS;7.524357716991721;46.08530476401732;fr
Villa (Evolène);1985;02;Evolène;6083;VS;7.513271083835482;46.10835909806038;fr
Arolla;1986;00;Evolène;6083;VS;7.4824698549068085;46.033100674998714;fr
Hérémence;1987;00;Hérémence;6084;VS;7.395338871344131;46.16615293717743;fr
Thyon;1988;01;Vex;6089;VS;7.371862162952275;46.179859542017105;fr
Les Collons;1988;02;Vex;6089;VS;7.386725270161407;46.18357365834607;fr
Salins;1991;00;Sion;6266;VS;7.355977617025104;46.21020000596005;fr
Salins;1991;00;Veysonnaz;6267;VS;7.339884607957105;46.20313439932981;fr
Arvillard (Salins);1991;02;Sion;6266;VS;7.349172014361729;46.21201187317944;fr
Pravidondaz (Salins);1991;03;Sion;6266;VS;7.353642603732735;46.211907416342804;fr
Turin (Salins);1991;04;Sion;6266;VS;7.357341849537163;46.2163180127213;fr
Misériez (Salins);1991;05;Sion;6266;VS;7.346911272090293;46.207980013942674;fr
Les Agettes;1992;00;Sion;6266;VS;7.373317692580095;46.20758479824675;fr
Les Agettes;1992;00;Vex;6089;VS;7.380960200113684;46.209388142093985;fr
Les Mayens-de-Sion;1992;01;Vex;6089;VS;7.387860958348502;46.2014214210549;fr
Les Mayens-de-Sion;1992;01;Sion;6266;VS;7.370565183602715;46.201852958572445;fr
La Vernaz (Les Agettes);1992;02;Sion;6266;VS;7.373016432896709;46.21024731633667;fr
Crête-à-l'Oeil (Les Agettes);1992;03;Sion;6266;VS;7.371187812082876;46.21155058476663;fr
Veysonnaz;1993;00;Veysonnaz;6267;VS;7.33738570691699;46.19541394742413;fr
Veysonnaz;1993;00;Nendaz;6024;VS;7.339389048406847;46.19081899716794;fr
Veysonnaz;1993;00;Sion;6266;VS;7.347484454848496;46.19849912840953;fr
Clèbes (Nendaz);1993;02;Nendaz;6024;VS;7.344161975522235;46.187206906655845;fr
Aproz (Nendaz);1994;02;Nendaz;6024;VS;7.311220894183294;46.20560622993972;fr
Aproz (Nendaz);1994;02;Sion;6266;VS;7.317629136262522;46.207880223397865;fr
Basse-Nendaz;1996;00;Nendaz;6024;VS;7.310957441886865;46.190988086626334;fr
Fey (Nendaz);1996;01;Nendaz;6024;VS;7.270390435488259;46.186481754418764;fr
Bieudron (Nendaz);1996;02;Nendaz;6024;VS;7.277747793668419;46.19493041459258;fr
Condémines (Nendaz);1996;03;Nendaz;6024;VS;7.255515429433896;46.176896155306004;fr
Saclentse;1996;04;Nendaz;6024;VS;7.317725592822729;46.176368769890104;fr
Baar (Nendaz);1996;05;Nendaz;6024;VS;7.327406068455859;46.2042291506181;fr
Beuson (Nendaz);1996;06;Nendaz;6024;VS;7.324942658948308;46.180469321858034;fr
Brignon (Nendaz);1996;07;Nendaz;6024;VS;7.325853303125953;46.19089612856241;fr
Haute-Nendaz;1997;00;Nendaz;6024;VS;7.291015990028115;46.1793682844844;fr
Siviez (Nendaz);1997;01;Nendaz;6024;VS;7.322867770242674;46.133456338724045;fr
Sornard (Nendaz);1997;02;Nendaz;6024;VS;7.303103663371384;46.187578530873395;fr
Neuchâtel;2000;00;Neuchâtel;6458;NE;6.92710242759741;46.99435476538216;fr
Neuchâtel;2000;00;Milvignes;6416;NE;6.893261029366431;46.9815419882166;fr
Auvernier;2012;00;Milvignes;6416;NE;6.877691792741045;46.977175897811165;fr
Colombier NE;2013;00;Milvignes;6416;NE;6.859673658355428;46.96738008067835;fr
Colombier NE;2013;00;Boudry;6404;NE;6.865699005301979;46.9593505597149;fr
Bôle;2014;00;Milvignes;6416;NE;6.840357359620494;46.967361604125244;fr
Bôle;2014;00;Boudry;6404;NE;6.829918179979316;46.965543407943485;fr
Areuse;2015;00;Boudry;6404;NE;6.8547061950751145;46.954149565420344;fr
Areuse;2015;00;Milvignes;6416;NE;6.8536893110172965;46.959451660112364;fr
Cortaillod;2016;00;Cortaillod;6408;NE;6.847803498284596;46.94512766435209;fr
Cortaillod;2016;00;Boudry;6404;NE;6.8359955627669;46.947422824233094;fr
Boudry;2017;00;Boudry;6404;NE;6.833007657066032;46.95261539325344;fr
Rochefort;2019;00;Rochefort;6413;NE;6.807810080126582;46.98060786493728;fr
Rochefort;2019;00;Val-de-Ruz;6487;NE;6.805882491972626;47.01361029474574;fr
Chambrelien;2019;02;Rochefort;6413;NE;6.815304887278869;46.97245413001071;fr
Chambrelien;2019;02;Boudry;6404;NE;6.818969441975737;46.96921770199963;fr
Bevaix;2022;00;La Grande Béroche;6417;NE;6.814384883341671;46.92959475750273;fr
Bevaix;2022;00;Cortaillod;6408;NE;6.839852910866033;46.933716038688885;fr
Bevaix;2022;00;Boudry;6404;NE;6.804932284174479;46.94054421478964;fr
Gorgier;2023;00;La Grande Béroche;6417;NE;6.777895873053393;46.90591124607008;fr
St-Aubin-Sauges;2024;00;La Grande Béroche;6417;NE;6.770125947092937;46.8921837673902;fr
Chez-le-Bart;2025;00;La Grande Béroche;6417;NE;6.789878982798731;46.905952943515594;fr
Montalchez;2027;02;La Grande Béroche;6417;NE;6.7439214517924455;46.90024936072612;fr
Fresens;2027;03;La Grande Béroche;6417;NE;6.746172510352408;46.88853275680875;fr
Vaumarcus;2028;00;La Grande Béroche;6417;NE;6.754269082093207;46.87715713125166;fr
Vaumarcus;2028;00;Concise;5554;VD;6.749331791965938;46.87037171054169;fr
Peseux;2034;00;Neuchâtel;6458;NE;6.891553445096306;46.987866548654814;fr
Corcelles NE;2035;00;Neuchâtel;6458;NE;6.873637384035608;46.98526075440334;fr
Corcelles NE;2035;00;Rochefort;6413;NE;6.842774036910048;46.97928412633511;fr
Corcelles NE;2035;00;Milvignes;6416;NE;6.856751234156737;46.981173157045774;fr
Cormondrèche;2036;00;Neuchâtel;6458;NE;6.867083945967893;46.98101836641554;fr
Cormondrèche;2036;00;Milvignes;6416;NE;6.875943345820903;46.980972344396285;fr
Montmollin;2037;00;Val-de-Ruz;6487;NE;6.845930541325377;46.993351297244686;fr
Montmollin;2037;00;Neuchâtel;6458;NE;6.871056170268937;46.999361662608216;fr
Montezillon;2037;02;Rochefort;6413;NE;6.836131193735851;46.98677846328483;fr
Valangin;2042;00;Neuchâtel;6458;NE;6.905435643122145;47.01685198161155;fr
Valangin;2042;00;Val-de-Ruz;6487;NE;6.891320149218203;47.018413487021455;fr
Boudevilliers;2043;00;Val-de-Ruz;6487;NE;6.885141650928042;47.03080624273607;fr
Fontaines NE;2046;00;Val-de-Ruz;6487;NE;6.899915599504086;47.0425885274051;fr
Fontainemelon;2052;00;Val-de-Ruz;6487;NE;6.887428163175186;47.055329296401226;fr
La Vue-des-Alpes;2052;02;Val-de-Ruz;6487;NE;6.87600575671196;47.068883504769275;fr
Cernier;2053;00;Val-de-Ruz;6487;NE;6.901327466529169;47.05923630327907;fr
Chézard-St-Martin;2054;00;Val-de-Ruz;6487;NE;6.918626459489477;47.06435345838083;fr
Les Vieux-Prés;2054;02;Val-de-Ruz;6487;NE;6.93749139813264;47.086754497401216;fr
Dombresson;2056;00;Val-de-Ruz;6487;NE;6.956315930305642;47.07159756601569;fr
Villiers;2057;00;Val-de-Ruz;6487;NE;6.971675841984544;47.07515132901114;fr
Le Pâquier NE;2058;00;Val-de-Ruz;6487;NE;6.981454132912659;47.10186119756118;fr
Vilars NE;2063;00;Val-de-Ruz;6487;NE;6.927561720718486;47.03163317370921;fr
Engollon;2063;02;Val-de-Ruz;6487;NE;6.921829639320565;47.03803002604323;fr
Fenin;2063;03;Val-de-Ruz;6487;NE;6.922334369746463;47.02526807163515;fr
Saules;2063;04;Val-de-Ruz;6487;NE;6.939498194915909;47.038270346629915;fr
Savagnier;2065;00;Val-de-Ruz;6487;NE;6.954168277226709;47.04998214254135;fr
Chaumont;2067;00;Neuchâtel;6458;NE;6.958198716695699;47.027867124464;fr
Chaumont;2067;00;Val-de-Ruz;6487;NE;6.965647404597277;47.039217943868245;fr
Chaumont;2067;00;Laténa;6513;NE;6.988332464019206;47.062570900693785;fr
Hauterive NE;2068;00;Laténa;6513;NE;6.971836408915117;47.0130403217932;fr
Hauterive NE;2068;00;Neuchâtel;6458;NE;6.967594094036038;47.008677246954036;fr
St-Blaise;2072;00;Laténa;6513;NE;6.988462444018002;47.015868490149735;fr
St-Blaise;2072;00;Cornaux;6451;NE;7.007455557570884;47.025494553042236;fr
St-Blaise;2072;00;Cressier (NE);6452;NE;7.006297292382773;47.04510863798628;fr
Enges;2073;00;Laténa;6513;NE;7.015040413014964;47.05938961763802;fr
Enges;2073;00;Le Landeron;6455;NE;7.0315158087622684;47.072078512281955;fr
Marin-Epagnier;2074;00;Laténa;6513;NE;7.0088949681929;47.008427085780205;fr
Thielle;2075;01;Laténa;6513;NE;7.029637927848709;47.021555168943905;fr
Thielle;2075;01;Cornaux;6451;NE;7.02887434569302;47.023360466165144;fr
Wavre;2075;02;Laténa;6513;NE;7.020370201671673;47.02421121408182;fr
Cornaux NE;2087;00;Cornaux;6451;NE;7.019343251186665;47.03775417350062;fr
Cornaux NE;2087;00;Cressier (NE);6452;NE;7.014602352783597;47.043259725672236;fr
Cressier NE;2088;00;Cressier (NE);6452;NE;7.034674320900649;47.04961094244355;fr
Noiraigue;2103;00;Val-de-Travers;6512;NE;6.724080598485494;46.95522490576664;fr
Noiraigue;2103;00;Rochefort;6413;NE;6.743801180933813;46.953124543437546;fr
Noiraigue;2103;00;La Grande Béroche;6417;NE;6.7362945504080916;46.94249992902815;fr
Travers;2105;00;Val-de-Travers;6512;NE;6.675251600970386;46.94111011723362;fr
Travers;2105;00;Les Ponts-de-Martel;6437;NE;6.663752378349552;46.97248138272346;fr
Couvet;2108;00;Val-de-Travers;6512;NE;6.6316554137577475;46.924744444461425;fr
Couvet;2108;00;Provence;5566;VD;6.676182640202945;46.913499734930184;fr
Môtiers NE;2112;00;Val-de-Travers;6512;NE;6.612388871029424;46.90967389959945;fr
Boveresse;2113;00;Val-de-Travers;6512;NE;6.599649052612366;46.91683164572519;fr
Fleurier;2114;00;Val-de-Travers;6512;NE;6.582748913643795;46.90225013260377;fr
Buttes;2115;00;Val-de-Travers;6512;NE;6.551375976893857;46.888211222052895;fr
Buttes;2115;00;La Côte-aux-Fées;6504;NE;6.5162938701505615;46.85812091721307;fr
Mont-de-Buttes;2116;00;Val-de-Travers;6512;NE;6.517063885816128;46.88356757201759;fr
La Côte-aux-Fées;2117;00;La Côte-aux-Fées;6504;NE;6.489027881434127;46.86635360659446;fr
St-Sulpice NE;2123;00;Val-de-Travers;6512;NE;6.563179277486591;46.91031503640666;fr
Les Sagnettes;2124;00;Val-de-Travers;6512;NE;6.597454600325897;46.93454609652558;fr
Les Sagnettes;2124;00;La Brévine;6432;NE;6.602615930792705;46.952233508316034;fr
Les Verrières;2126;00;Les Verrières;6511;NE;6.479249893199275;46.905629126643746;fr
Les Verrières;2126;00;Val-de-Travers;6512;NE;6.4700716964422025;46.95381466348416;fr
Les Bayards;2127;00;Val-de-Travers;6512;NE;6.5224244874786566;46.91850564044652;fr
Champ-du-Moulin;2149;00;Rochefort;6413;NE;6.773274223510977;46.96001048384573;fr
Champ-du-Moulin;2149;00;Boudry;6404;NE;6.7681057664616455;46.95620218846451;fr
Fretereules;2149;02;Rochefort;6413;NE;6.766152943480614;46.962109752222894;fr
Brot-Dessous;2149;03;Rochefort;6413;NE;6.748151685312321;46.95602046703691;fr
Les Geneveys-sur-Coffrane;2206;00;Val-de-Ruz;6487;NE;6.850934705485761;47.01535271995362;fr
Coffrane;2207;00;Val-de-Ruz;6487;NE;6.860785737827581;47.009259083025434;fr
Les Hauts-Geneveys;2208;00;Val-de-Ruz;6487;NE;6.872918811079441;47.047072880976145;fr
La Chaux-de-Fonds;2300;00;La Chaux-de-Fonds;6421;NE;6.826320855029278;47.100975499637;fr
La Cibourg;2300;08;La Chaux-de-Fonds;6421;NE;6.877085246198846;47.11778643536344;fr
La Sagne NE;2314;00;La Sagne;6423;NE;6.800738396652583;47.04245678101289;fr
La Sagne NE;2314;00;La Chaux-de-Fonds;6421;NE;6.841762306744251;47.072452224220015;fr
La Sagne NE;2314;00;Val-de-Ruz;6487;NE;6.838293134059705;47.05543309643784;fr
La Sagne NE;2314;00;Les Ponts-de-Martel;6437;NE;6.75251603554796;47.024592076324204;fr
Les Ponts-de-Martel;2316;00;Les Ponts-de-Martel;6437;NE;6.730120264233764;46.997253471133064;fr
Les Ponts-de-Martel;2316;00;Val-de-Travers;6512;NE;6.685903390527435;46.97387066560285;fr
Petit-Martel;2316;02;Les Ponts-de-Martel;6437;NE;6.754881786069063;47.01136499767986;fr
Brot-Plamboz;2318;00;Brot-Plamboz;6433;NE;6.75047618373528;46.97962965279155;fr
Brot-Plamboz;2318;00;Rochefort;6413;NE;6.769231230142318;46.98916816444807;fr
Brot-Plamboz;2318;00;Val-de-Travers;6512;NE;6.7057792781605325;46.96775682257249;fr
Brot-Plamboz;2318;00;Les Ponts-de-Martel;6437;NE;6.71116467147764;46.973737244073625;fr
Le Crêt-du-Locle;2322;00;La Chaux-de-Fonds;6421;NE;6.784258837936158;47.077265554854996;fr
Le Crêt-du-Locle;2322;00;Le Locle;6436;NE;6.767412192067828;47.07874229633574;fr
Les Planchettes;2325;00;Les Planchettes;6422;NE;6.773566360467408;47.110126587297664;fr
La Ferrière;2333;00;La Ferrière;435;BE;6.898681894823459;47.14135828429563;fr
La Ferrière;2333;00;Sonvilier;445;BE;6.935027407343237;47.16236500769779;fr
La Ferrière;2333;00;Les Bois;6742;JU;6.8977589982438365;47.155683004094996;fr
La Cibourg;2333;02;La Ferrière;435;BE;6.895019388221662;47.122991068730975;fr
Les Bois;2336;00;Les Bois;6742;JU;6.90247838532739;47.179460886784334;fr
Les Bois;2336;00;Le Noirmont;6754;JU;6.917309026610164;47.202187390760756;fr
Les Emibois;2338;00;Muriaux;6753;JU;6.989239818527866;47.231805533074365;fr
Muriaux;2338;02;Muriaux;6753;JU;6.979108320834446;47.2459322010658;fr
Le Noirmont;2340;00;Le Noirmont;6754;JU;6.955432409582778;47.22324016437572;fr
Les Breuleux;2345;00;Les Breuleux;6743;JU;7.002433675692849;47.21062870632984;fr
Les Breuleux;2345;00;Muriaux;6753;JU;7.004495218999578;47.22331018470981;fr
Les Breuleux;2345;00;Villeret;448;BE;7.00913516004082;47.18821187102484;fr
Le Cerneux-Veusil;2345;02;Muriaux;6753;JU;6.962395451831557;47.18426757104842;fr
Le Cerneux-Veusil;2345;02;Saint-Imier;443;BE;6.9567693978962515;47.177578862156295;fr
Le Cerneux-Veusil;2345;02;Sonvilier;445;BE;6.940988866001201;47.17969905258307;fr
La Chaux-des-Breuleux;2345;03;Les Breuleux;6743;JU;7.027899330206971;47.22228093647303;fr
Le Peuchapatte;2345;04;Muriaux;6753;JU;6.964904352944687;47.19740148283335;fr
Le Peuchapatte;2345;04;Le Noirmont;6754;JU;6.954290824506322;47.19194227803718;fr
Saignelégier;2350;00;Saignelégier;6757;JU;6.996334541339322;47.25684743913057;fr
Les Pommerats;2353;00;Saignelégier;6757;JU;6.985394350861158;47.27249155440793;fr
Les Pommerats;2353;00;Les Enfers;6745;JU;7.009951245293844;47.29022424535266;fr
Goumois;2354;00;Saignelégier;6757;JU;6.953552260959295;47.26444626002546;fr
Le Bémont JU;2360;00;Le Bémont (JU);6741;JU;7.02165126484962;47.26316642274404;fr
Montfaucon;2362;00;Montfaucon;6751;JU;7.053927888243956;47.28003603018338;fr
Montfaucon;2362;00;Lajoux (JU);6750;JU;7.1052267034535435;47.28171641744055;fr
Montfaucon;2362;00;Le Bémont (JU);6741;JU;7.062585864259161;47.246271787008276;fr
Montfavergier;2362;02;Montfaucon;6751;JU;7.0899933392558;47.308951690005046;fr
Les Enfers;2363;00;Les Enfers;6745;JU;7.046265753646487;47.288474052016156;fr
Les Enfers;2363;00;Le Bémont (JU);6741;JU;7.034661265444586;47.28122917100734;fr
St-Brais;2364;00;Saint-Brais;6758;JU;7.113069428104236;47.30471099254663;fr
Le Locle;2400;00;Le Locle;6436;NE;6.7504419881823665;47.05699892446187;fr
Le Prévoux;2400;02;Le Locle;6436;NE;6.707379188869887;47.03830958748743;fr
Le Prévoux;2400;02;Le Cerneux-Péquignot;6434;NE;6.70280717944443;47.03397149786847;fr
Le Prévoux;2400;02;La Chaux-du-Milieu;6435;NE;6.725056244392068;47.03195339330316;fr
La Chaux-du-Milieu;2405;00;La Chaux-du-Milieu;6435;NE;6.704524981309342;47.01328400570721;fr
La Chaux-du-Milieu;2405;00;Le Cerneux-Péquignot;6434;NE;6.706222723228718;47.02286956803882;fr
La Brévine;2406;00;La Brévine;6432;NE;6.604572911594249;46.980979920783014;fr
La Brévine;2406;00;Le Cerneux-Péquignot;6434;NE;6.607475151658208;46.987082079773856;fr
Les Taillères;2406;02;La Brévine;6432;NE;6.5742966727027605;46.971516675087535;fr
La Châtagne;2406;03;La Brévine;6432;NE;6.638186651310931;46.98334295804918;fr
La Châtagne;2406;03;La Chaux-du-Milieu;6435;NE;6.658491463423183;46.98630780204581;fr
Le Brouillet;2406;04;La Brévine;6432;NE;6.544688519178502;46.96123194043453;fr
Le Brouillet;2406;04;Val-de-Travers;6512;NE;6.50929428725851;46.94586391942829;fr
Le Brouillet;2406;04;Les Verrières;6511;NE;6.491130723248199;46.93527070312844;fr
Le Cerneux-Péquignot;2414;00;Le Cerneux-Péquignot;6434;NE;6.663007649313412;47.01577187388451;fr
Les Brenets;2416;00;Le Locle;6436;NE;6.707163309960978;47.06758819570908;fr
Biel/Bienne;2502;00;Biel/Bienne;371;BE;7.24809474467711;47.142049067614586;multiple
Biel/Bienne;2503;00;Biel/Bienne;371;BE;7.256381112044723;47.13218622664747;multiple
Biel/Bienne;2503;00;Brügg;733;BE;7.257642078355468;47.12184412319752;multiple
Biel/Bienne;2503;00;Nidau;743;BE;7.246783030562616;47.129247186910185;multiple
Biel/Bienne;2504;00;Biel/Bienne;371;BE;7.273780792313449;47.148790152822805;multiple
Biel/Bienne;2504;00;Brügg;733;BE;7.285449198559986;47.13965864955808;multiple
Biel/Bienne;2504;00;Orpund;744;BE;7.287388201041736;47.14577163446231;multiple
Biel/Bienne;2505;00;Biel/Bienne;371;BE;7.218466710301137;47.13067133460939;multiple
Biel/Bienne;2505;00;Twann-Tüscherz;756;BE;7.203241195842891;47.12522609659364;multiple
Tüscherz-Alfermée;2512;00;Twann-Tüscherz;756;BE;7.198232092152707;47.11670649964981;de
Twann;2513;00;Twann-Tüscherz;756;BE;7.162300882799041;47.098509549247666;de
Twann;2513;00;Ligerz;740;BE;7.151981258491147;47.09220566965115;de
Ligerz;2514;00;Ligerz;740;BE;7.140396818186102;47.088793946774786;de
Ligerz;2514;00;La Neuveville;723;BE;7.128674470153169;47.08216945699524;de
Prêles;2515;00;Plateau de Diesse;726;BE;7.128502718866872;47.09586837416469;fr
Lamboing;2516;00;Plateau de Diesse;726;BE;7.138008762367024;47.11761656422673;fr
Lamboing;2516;00;Twann-Tüscherz;756;BE;7.170675404138236;47.12010833089511;fr
Diesse;2517;00;Plateau de Diesse;726;BE;7.116607958569197;47.11344768521404;fr
Nods;2518;00;Nods;724;BE;7.07970638335258;47.11471421026305;fr
Nods;2518;00;Val-de-Ruz;6487;NE;7.028940438796424;47.121209204443936;fr
La Neuveville;2520;00;La Neuveville;723;BE;7.096292321919627;47.06590408551515;fr
La Neuveville;2520;00;Le Landeron;6455;NE;7.079322965162012;47.06596899699102;fr
Lignières;2523;00;Lignières;6456;NE;7.06259772032417;47.083716486805386;fr
Lignières;2523;00;Le Landeron;6455;NE;7.0511870119087465;47.073720913389735;fr
Lignières;2523;00;Nods;724;BE;7.090274213309071;47.094472140060745;fr
Lignières;2523;00;Val-de-Ruz;6487;NE;7.010376453279081;47.097718299852446;fr
Lignières;2523;00;La Neuveville;723;BE;7.083489058031464;47.07692898262483;fr
Le Landeron;2525;00;Le Landeron;6455;NE;7.068958633790634;47.05702186276761;fr
Le Landeron;2525;00;Gals;494;BE;7.069277172839697;47.04521232532027;fr
Magglingen/Macolin;2532;00;Evilard;372;BE;7.212938806364794;47.141274509351945;multiple
Magglingen/Macolin;2532;00;Biel/Bienne;371;BE;7.2128214295171835;47.13786522459981;multiple
Evilard;2533;00;Evilard;372;BE;7.239098333530531;47.15056982723264;fr
Orvin;2534;00;Orvin;438;BE;7.215283952231392;47.160474096683146;fr
Les Prés-d'Orvin;2534;02;Orvin;438;BE;7.170691765455846;47.1535693376954;fr
Les Prés-d'Orvin;2534;02;Nods;724;BE;7.125640373098242;47.14822908514385;fr
Les Prés-d'Orvin;2534;02;Corgémont;431;BE;7.147709252024483;47.163128763156294;fr
Frinvillier;2535;00;Sauge;449;BE;7.256783470715809;47.16873285009138;fr
Frinvillier;2535;00;Péry-La Heutte;450;BE;7.252701924892445;47.170435297326996;fr
Frinvillier;2535;00;Orvin;438;BE;7.251814546772828;47.1677174252806;fr
Plagne;2536;00;Sauge;449;BE;7.287242825620832;47.19029270613786;fr
Plagne;2536;00;Romont (BE);442;BE;7.32553662812512;47.20167039291806;fr
Vauffelin;2537;00;Sauge;449;BE;7.299137828602951;47.18787027417092;fr
Romont BE;2538;00;Romont (BE);442;BE;7.340076708148609;47.189550023200034;fr
Grenchen;2540;00;Grenchen;2546;SO;7.394184269888456;47.1943153303381;de
Pieterlen;2542;00;Pieterlen;392;BE;7.337440582120855;47.174265644502064;de
Lengnau BE;2543;00;Lengnau (BE);387;BE;7.368140499643579;47.18073805424761;de
Bettlach;2544;00;Bettlach;2543;SO;7.421932672306915;47.20215731924064;de
Selzach;2545;00;Selzach;2556;SO;7.452895511023694;47.20496424644987;de
Orpund;2552;00;Orpund;744;BE;7.303838218649423;47.13985274799185;de
Orpund;2552;00;Brügg;733;BE;7.290032971146785;47.136273650289496;de
Safnern;2553;00;Safnern;746;BE;7.322798237427385;47.15028059490068;de
Meinisberg;2554;00;Meinisberg;390;BE;7.349098733329577;47.16025255947621;de
Brügg BE;2555;00;Brügg;733;BE;7.27454105490296;47.1245950963271;de
Scheuren;2556;00;Scheuren;747;BE;7.317617293139811;47.132591371981185;de
Schwadernau;2556;02;Schwadernau;748;BE;7.304264522181997;47.127665227347734;de
Studen BE;2557;00;Studen (BE);749;BE;7.302274634280163;47.112173682552545;de
Studen BE;2557;00;Büetigen;382;BE;7.319746377852496;47.111815457863806;de
Studen BE;2557;00;Lyss;306;BE;7.315364639587621;47.109346200241625;de
Aegerten;2558;00;Aegerten;731;BE;7.289023428251527;47.12028845534918;de
Nidau;2560;00;Nidau;743;BE;7.241779908857065;47.124264512143576;de
Nidau;2560;00;Port;745;BE;7.251132337741431;47.12177965805692;de
Port;2562;00;Port;745;BE;7.2528177516925485;47.11462247426786;de
Port;2562;00;Bellmund;732;BE;7.248912041422764;47.1124752687894;de
Ipsach;2563;00;Ipsach;739;BE;7.233229545356965;47.1133386568999;de
Ipsach;2563;00;Bellmund;732;BE;7.238671647748609;47.110733287389486;de
Bellmund;2564;00;Bellmund;732;BE;7.2472371381498295;47.10558237063758;de
Jens;2565;00;Jens;738;BE;7.261313025409893;47.099830344909;de
Sutz;2572;00;Sutz-Lattrigen;750;BE;7.2156809700153275;47.10029911697845;de
Mörigen;2572;02;Mörigen;742;BE;7.211653850766118;47.08394735136976;de
Täuffelen;2575;00;Täuffelen;751;BE;7.199457987666251;47.06667907711945;de
Täuffelen;2575;00;Hagneck;736;BE;7.19262487884288;47.06112364135232;de
Gerolfingen;2575;01;Täuffelen;751;BE;7.201514391881827;47.074949771071374;de
Hagneck;2575;02;Hagneck;736;BE;7.188225138056504;47.05900924978692;de
Hagneck;2575;02;Täuffelen;751;BE;7.19294559987318;47.057220488542406;de
Hagneck;2575;02;Lüscherz;497;BE;7.177580320815501;47.05823884610365;de
Lüscherz;2576;00;Lüscherz;497;BE;7.151914134152158;47.045863125357016;de
Lüscherz;2576;00;Vinelz;502;BE;7.135956937588011;47.04126706856588;de
Siselen BE;2577;00;Siselen;499;BE;7.188561449950876;47.03217773428131;de
Finsterhennen;2577;02;Finsterhennen;493;BE;7.179757425643384;47.02457526230359;de
Péry;2603;00;Péry-La Heutte;450;BE;7.247860804019399;47.19260841042649;fr
Péry;2603;00;Romont (BE);442;BE;7.333219077128356;47.21424332767733;fr
La Heutte;2604;00;Péry-La Heutte;450;BE;7.224565229700823;47.19068731721154;fr
Sonceboz-Sombeval;2605;00;Sonceboz-Sombeval;444;BE;7.172917294707319;47.196461736810136;fr
Corgémont;2606;00;Corgémont;431;BE;7.141589077383692;47.19403720614384;fr
Corgémont;2606;00;Sonceboz-Sombeval;444;BE;7.165873110161381;47.1778889638362;fr
Cortébert;2607;00;Cortébert;433;BE;7.1069344129067;47.190137404243686;fr
Courtelary;2608;00;Courtelary;434;BE;7.070950894856115;47.17876617428212;fr
Montagne-de-Courtelary;2608;02;Cortébert;433;BE;7.116515942640332;47.167983499222075;fr
Montagne-de-Courtelary;2608;02;Courtelary;434;BE;7.081496929847282;47.166134752737065;fr
Montagne-de-Courtelary;2608;02;Cormoret;432;BE;7.061956521421134;47.1466342594566;fr
Montagne-de-Courtelary;2608;02;Corgémont;431;BE;7.1392356180719165;47.17137318671769;fr
St-Imier;2610;00;Saint-Imier;443;BE;6.998425652893774;47.15249750872946;fr
Mont-Soleil;2610;02;Saint-Imier;443;BE;6.989389783092187;47.15919068362701;fr
Mont-Soleil;2610;02;Sonvilier;445;BE;6.950940597919868;47.14993075364007;fr
Mont-Soleil;2610;02;La Ferrière;435;BE;6.931084248991858;47.13738652872933;fr
Les Pontins;2610;03;Saint-Imier;443;BE;7.0052194892029975;47.1293793535627;fr
Les Pontins;2610;03;Villeret;448;BE;7.026896982365391;47.134991175150645;fr
Mont-Crosin;2610;04;Courtelary;434;BE;7.055618905608862;47.195662260157015;fr
Mont-Crosin;2610;04;Villeret;448;BE;7.01059624585328;47.17549858572758;fr
Mont-Crosin;2610;04;Cormoret;432;BE;7.031495079415579;47.18367003467672;fr
Cormoret;2612;00;Cormoret;432;BE;7.052550939906513;47.17285905685948;fr
Villeret;2613;00;Villeret;448;BE;7.016893661082731;47.15817075109092;fr
Villeret;2613;00;Cormoret;432;BE;7.045318637413961;47.153693360592655;fr
Sonvilier;2615;00;Sonvilier;445;BE;6.965015753977279;47.13879098793781;fr
Montagne-de-Sonvilier;2615;02;Sonvilier;445;BE;6.958145739989361;47.12289520517369;fr
Renan BE;2616;00;Renan (BE);441;BE;6.923119030005438;47.122698081083016;fr
Renan BE;2616;00;La Chaux-de-Fonds;6421;NE;6.867944701920563;47.09638686663712;fr
Renan BE;2616;00;Val-de-Ruz;6487;NE;6.870637959846518;47.084652565001505;fr
La Cibourg;2616;02;Renan (BE);441;BE;6.892280687838473;47.11888528973143;fr
Tavannes;2710;00;Tavannes;713;BE;7.198735550132694;47.22150601654034;fr
Tavannes;2710;00;Reconvilier;703;BE;7.185778438265479;47.2365082709886;fr
Le Fuet;2712;00;Saicourt;706;BE;7.182043810837217;47.244145436921656;fr
Le Fuet;2712;00;Petit-Val;716;BE;7.18809176576767;47.26127556563448;fr
Bellelay;2713;00;Saicourt;706;BE;7.165001178000476;47.26288682862398;fr
Les Genevez JU;2714;00;Les Genevez (JU);6748;JU;7.131105856882623;47.25673865162324;fr
Le Prédame;2714;02;Les Genevez (JU);6748;JU;7.102823833170736;47.25405996364056;fr
Châtelat;2715;01;Petit-Val;716;BE;7.19404041299894;47.27210888479534;fr
Monible;2715;02;Petit-Val;716;BE;7.200729356626314;47.277555663370514;fr
Sornetan;2716;00;Petit-Val;716;BE;7.217818454436468;47.27435178949536;fr
Fornet-Dessous;2717;00;Petit-Val;716;BE;7.17358399226583;47.279915719308065;fr
Rebévelier;2717;02;Rebévelier;715;BE;7.178983443625379;47.28933635227222;fr
Lajoux JU;2718;00;Lajoux (JU);6750;JU;7.138897176780384;47.27845423903255;fr
Lajoux JU;2718;00;Montfaucon;6751;JU;7.098617682139069;47.26933846534021;fr
Fornet-Dessus;2718;02;Lajoux (JU);6750;JU;7.158758409772849;47.27914298019556;fr
Fornet-Dessus;2718;02;Saulcy;6722;JU;7.151805925491861;47.289010839719914;fr
Tramelan;2720;00;Tramelan;446;BE;7.103083064570435;47.22341581258731;fr
Tramelan;2720;00;Saicourt;706;BE;7.151801987079489;47.24318334370442;fr
Tramelan;2720;00;Mont-Tramelan;437;BE;7.15011514174039;47.236911955629076;fr
La Tanne;2720;02;Corgémont;431;BE;7.1319243007456;47.2110118525034;fr
La Tanne;2720;02;Tramelan;446;BE;7.119837189952106;47.21692441811262;fr
La Tanne;2720;02;Sonceboz-Sombeval;444;BE;7.173105679462894;47.20896486211318;fr
La Tanne;2720;02;Tavannes;713;BE;7.155439024707625;47.222423658128726;fr
Les Reussilles;2722;00;Tramelan;446;BE;7.07993489078347;47.22581035657371;fr
Mont-Tramelan;2723;00;Mont-Tramelan;437;BE;7.057895045737906;47.207704873700045;fr
Mont-Tramelan;2723;00;Tramelan;446;BE;7.074131565285533;47.21137349191404;fr
Mont-Tramelan;2723;00;Cortébert;433;BE;7.094112878481002;47.20176584885504;fr
Mont-Tramelan;2723;00;Courtelary;434;BE;7.036589048043455;47.20624701714533;fr
Reconvilier;2732;00;Reconvilier;703;BE;7.22395102484351;47.23499405473654;fr
Reconvilier;2732;00;Péry-La Heutte;450;BE;7.226189790024262;47.2068178947008;fr
Saicourt;2732;02;Saicourt;706;BE;7.205913756142816;47.243557740167006;fr
Saules BE;2732;03;Saules (BE);707;BE;7.219104805227235;47.24769430141698;fr
Loveresse;2732;04;Loveresse;696;BE;7.236871547881156;47.24062119274496;fr
Pontenet;2733;00;Valbirse;717;BE;7.255042976740615;47.241182439098345;fr
Pontenet;2733;00;Loveresse;696;BE;7.247988966002407;47.23783390752276;fr
Bévilard;2735;02;Valbirse;717;BE;7.2844891790763056;47.23889626939806;fr
Champoz;2735;03;Champoz;683;BE;7.299071701416135;47.258190421651875;fr
Champoz;2735;03;Court;690;BE;7.312972944636293;47.251559550879385;fr
Malleray;2735;04;Valbirse;717;BE;7.270700102118651;47.2392186613958;fr
Malleray;2735;04;Péry-La Heutte;450;BE;7.2431900472145;47.21043705798752;fr
Sorvilier;2736;00;Sorvilier;711;BE;7.305540735816761;47.239021647960676;fr
Court;2738;00;Court;690;BE;7.3381052637768125;47.241051764257875;fr
Moutier;2740;00;Moutier;6831;JU;7.369108086890357;47.27735898338859;fr
Moutier;2740;00;Roches (BE);704;BE;7.34488978143766;47.295501509506664;fr
Perrefitte;2742;00;Perrefitte;701;BE;7.3420573188218965;47.2755493481719;fr
Eschert;2743;00;Eschert;692;BE;7.397722524049101;47.27630258856851;fr
Belprahon;2744;00;Belprahon;681;BE;7.405436530800087;47.282934085931764;fr
Grandval;2745;00;Grandval;694;BE;7.424364484175051;47.2828392022814;fr
Crémines;2746;00;Crémines;691;BE;7.4401862035211295;47.2838116123089;fr
Corcelles BE;2747;00;Corcelles (BE);687;BE;7.456577329139807;47.28617591323456;fr
Seehof;2747;02;Seehof;709;BE;7.524909928207664;47.30614028484445;de
Seehof;2747;02;Aedermannsdorf;2421;SO;7.556863346049022;47.314530999234265;de
Souboz;2748;00;Petit-Val;716;BE;7.242454233254915;47.27391087724462;fr
Les Ecorcheresses;2748;02;Petit-Val;716;BE;7.2738356566771785;47.27999563788423;fr
Les Ecorcheresses;2748;02;Haute-Sorne;6729;JU;7.245792319189811;47.28997177436888;fr
Roches BE;2762;00;Roches (BE);704;BE;7.379309281075304;47.30244139391663;fr
Delémont;2800;00;Delémont;6711;JU;7.347504413952205;47.36622645602117;fr
Delémont;2800;00;Courrendlin;6708;JU;7.361622979000891;47.35286232718437;fr
Delémont;2800;00;Develier;6712;JU;7.312547752110151;47.35806241421533;fr
Develier;2802;00;Develier;6712;JU;7.295259764797131;47.358482805096386;fr
Bourrignon;2803;00;Bourrignon;6703;JU;7.24657248054534;47.395863809807054;fr
Bourrignon;2803;00;Pleigne;6719;JU;7.28211967722843;47.39748275609214;fr
Soyhières;2805;00;Soyhières;6724;JU;7.3724519080782045;47.392848657368326;fr
Soyhières;2805;00;Courroux;6709;JU;7.3805629011894744;47.38835597989429;fr
Mettembert;2806;00;Mettembert;6716;JU;7.3220163742701425;47.3979889787467;fr
Mettembert;2806;00;Delémont;6711;JU;7.302599083905053;47.39208535635028;fr
Mettembert;2806;00;Pleigne;6719;JU;7.296636004491992;47.39314843963218;fr
Pleigne;2807;00;Pleigne;6719;JU;7.290807525114794;47.40757677425709;fr
Lucelle;2807;01;La Baroche;6810;JU;7.2423961507364405;47.42193991140379;fr
Lucelle;2807;01;Pleigne;6719;JU;7.243353683480118;47.41743546689869;fr
Movelier;2812;00;Movelier;6718;JU;7.315922329364972;47.409693047938426;fr
Ederswiler;2813;00;Ederswiler;6713;JU;7.334095159683708;47.42570267216767;de
Ederswiler;2813;00;Pleigne;6719;JU;7.314421720811552;47.43368779569351;de
Ederswiler;2813;00;Movelier;6718;JU;7.339615568760864;47.4149056198301;de
Roggenburg;2814;00;Roggenburg;2790;BL;7.34083955942456;47.43366842355741;de
Roggenburg;2814;00;Kleinlützel;2619;SO;7.380724748309979;47.42165250961575;de
Roggenburg;2814;00;Ederswiler;6713;JU;7.357233989424703;47.418067477727696;de
Roggenburg;2814;00;Pleigne;6719;JU;7.326935396816309;47.439627782314375;de
Courroux;2822;00;Courroux;6709;JU;7.376650097888571;47.35967120414482;fr
Courcelon;2823;00;Courroux;6709;JU;7.391803795716266;47.362475701944966;fr
Vicques;2824;00;Val Terbi;6730;JU;7.4124740558201605;47.34985439905842;fr
Vicques;2824;00;Courchapoix;6706;JU;7.444488858492629;47.357754491346526;fr
Courchapoix;2825;00;Courchapoix;6706;JU;7.454374104052988;47.34933496739263;fr
Corban;2826;00;Val Terbi;6730;JU;7.475534286333771;47.3471716751303;fr
Mervelier;2827;00;Mervelier;6715;JU;7.500092194927226;47.34368959306691;fr
Schelten;2827;02;Schelten;708;BE;7.551597614631551;47.33250705699719;de
Schelten;2827;02;Beinwil (SO);2612;SO;7.562591314948775;47.343738816366084;de
Montsevelier;2828;00;Val Terbi;6730;JU;7.506505207775696;47.36082923176124;fr
Vermes;2829;00;Val Terbi;6730;JU;7.477503683372481;47.32515284174433;fr
Courrendlin;2830;00;Courrendlin;6708;JU;7.373023158182996;47.33851450025935;fr
Courrendlin;2830;00;Courroux;6709;JU;7.395076319085753;47.343229165896744;fr
Vellerat;2830;02;Courrendlin;6708;JU;7.370030899072417;47.3197054759756;fr
Rebeuvelier;2832;00;Courrendlin;6708;JU;7.415965536459185;47.32543548136803;fr
Rebeuvelier;2832;00;Val Terbi;6730;JU;7.432963334917016;47.33065445373707;fr
Rossemaison;2842;00;Rossemaison;6721;JU;7.345104143300659;47.346149202105046;fr
Châtillon JU;2843;00;Châtillon (JU);6704;JU;7.344103713818483;47.32841148769903;fr
Courtételle;2852;00;Courtételle;6710;JU;7.317736250317439;47.34078988638925;fr
Courtételle;2852;00;Delémont;6711;JU;7.32838586982973;47.35457098216585;fr
Courfaivre;2853;00;Haute-Sorne;6729;JU;7.283020966184525;47.33424505216624;fr
Courfaivre;2853;00;Courtételle;6710;JU;7.301802341591541;47.331462772415904;fr
Bassecourt;2854;00;Haute-Sorne;6729;JU;7.242853425863057;47.33769133794433;fr
Glovelier;2855;00;Haute-Sorne;6729;JU;7.203212528392825;47.33458579243851;fr
Boécourt;2856;00;Boécourt;6702;JU;7.214141320686489;47.35016795731247;fr
Montavon;2857;00;Boécourt;6702;JU;7.231786594252734;47.36960186336602;fr
Undervelier;2863;00;Haute-Sorne;6729;JU;7.224403659719276;47.30291287867952;fr
Soulce;2864;00;Haute-Sorne;6729;JU;7.270058827841352;47.30392449846631;fr
Saulcy;2873;00;Saulcy;6722;JU;7.156293911890943;47.302702632898544;fr
Saulcy;2873;00;Saint-Brais;6758;JU;7.12465655013694;47.297403702193506;fr
St-Ursanne;2882;00;Clos du Doubs;6808;JU;7.1562815186634;47.364773142050836;fr
St-Ursanne;2882;00;Saint-Brais;6758;JU;7.109521055285763;47.320396293568315;fr
Montmelon;2883;00;Clos du Doubs;6808;JU;7.172734168843222;47.35204937295718;fr
Montmelon;2883;00;Saint-Brais;6758;JU;7.1408990093476845;47.334027494792274;fr
Montmelon;2883;00;Boécourt;6702;JU;7.1937199605114355;47.35026115628958;fr
Montenol;2884;00;Clos du Doubs;6808;JU;7.148426660714487;47.351082152882675;fr
Epauvillers;2885;00;Clos du Doubs;6808;JU;7.114971653431656;47.335441512357065;fr
Epiquerez;2886;00;Clos du Doubs;6808;JU;7.065555987427381;47.32761055158442;fr
Epiquerez;2886;00;Saint-Brais;6758;JU;7.104858534672187;47.319330496578296;fr
Soubey;2887;00;Soubey;6759;JU;7.046419840411336;47.30882029841781;fr
Seleute;2888;00;Clos du Doubs;6808;JU;7.113099720950418;47.366718752898485;fr
Ocourt;2889;00;Clos du Doubs;6808;JU;7.07265584517985;47.353195586918375;fr
Porrentruy;2900;00;Porrentruy;6800;JU;7.074066115541329;47.415791599405104;fr
Porrentruy;2900;00;Courtedoux;6785;JU;7.050225454949672;47.40884207474677;fr
Porrentruy;2900;00;Fontenais;6790;JU;7.076529406493266;47.40680985823225;fr
Fontenais;2902;00;Fontenais;6790;JU;7.081093876717262;47.40328462724;fr
Villars-sur-Fontenais;2903;00;Fontenais;6790;JU;7.079613899373065;47.3870543115433;fr
Bressaucourt;2904;00;Fontenais;6790;JU;7.036802006700709;47.38809113338349;fr
Courtedoux;2905;00;Courtedoux;6785;JU;7.040680264011014;47.407838116869684;fr
Chevenez;2906;00;Haute-Ajoie;6809;JU;6.999785570543979;47.39279501062475;fr
Rocourt;2907;00;Haute-Ajoie;6809;JU;6.957447851488636;47.39049429994336;fr
Grandfontaine;2908;00;Grandfontaine;6792;JU;6.937451935267355;47.39290950238454;fr
Réclère;2912;02;Haute-Ajoie;6809;JU;6.923154513968042;47.37573903480573;fr
Roche-d'Or;2912;03;Haute-Ajoie;6809;JU;6.957657355021937;47.365886446270366;fr
Damvant;2914;00;Haute-Ajoie;6809;JU;6.896472257100615;47.37197379683556;fr
Bure;2915;00;Bure;6778;JU;7.007017446422595;47.44170622355831;fr
Bure;2915;00;Basse-Allaine;6807;JU;7.017158324113032;47.458535862989315;fr
Fahy;2916;00;Fahy;6789;JU;6.949348192233394;47.41859451942651;fr
Courchavon;2922;00;Courchavon;6783;JU;7.052717434089763;47.43967367269253;fr
Courtemaîche;2923;00;Basse-Allaine;6807;JU;7.047691424642753;47.457887901050476;fr
Montignez;2924;00;Basse-Allaine;6807;JU;7.058760106741155;47.48631023022875;fr
Buix;2925;00;Basse-Allaine;6807;JU;7.03019462497346;47.480915139237325;fr
Boncourt;2926;00;Boncourt;6774;JU;7.012663472256543;47.49476556806447;fr
Coeuve;2932;00;Coeuve;6781;JU;7.099001176912218;47.45149375447755;fr
Damphreux;2933;02;Damphreux-Lugnez;6811;JU;7.103814799374059;47.476646309349555;fr
Lugnez;2933;03;Damphreux-Lugnez;6811;JU;7.098584049778389;47.483457479649175;fr
Beurnevésin;2935;00;Basse-Vendline;6812;JU;7.137752287616903;47.49250637043376;fr
Alle;2942;00;Alle;6771;JU;7.129000117395564;47.425630139086586;fr
Vendlincourt;2943;00;Vendlincourt;6806;JU;7.150314229350863;47.451948362457415;fr
Bonfol;2944;00;Basse-Vendline;6812;JU;7.151580350160527;47.47769253073415;fr
Miécourt;2946;00;La Baroche;6810;JU;7.17522917544715;47.42802969309519;fr
Charmoille;2947;00;La Baroche;6810;JU;7.207206747118378;47.422917805108185;fr
Courgenay;2950;00;Courgenay;6784;JU;7.122921240373051;47.40484598404682;fr
Courtemautruy;2950;02;Courgenay;6784;JU;7.1386391641378335;47.39449065575686;fr
Cornol;2952;00;Cornol;6782;JU;7.162905030866475;47.407251227093845;fr
Fregiécourt;2953;02;La Baroche;6810;JU;7.1975677464100425;47.41221292419108;fr
Pleujouse;2953;03;La Baroche;6810;JU;7.210528873138835;47.411600769047716;fr
Asuel;2954;00;La Baroche;6810;JU;7.204898288430256;47.399447275842874;fr
Bern;3004;00;Bern;351;BE;7.445886016534759;46.972014327222496;de
Bern;3005;00;Bern;351;BE;7.4494940860873315;46.94075588085664;de
Bern;3006;00;Bern;351;BE;7.468394687985996;46.943289326624075;de
Bern;3007;00;Bern;351;BE;7.431540639370741;46.93957765769801;de
Bern;3007;00;Köniz;355;BE;7.434627526583785;46.93350607706284;de
Bern;3008;00;Bern;351;BE;7.417854603100085;46.94237338128092;de
Bern;3010;00;Bern;351;BE;7.424104857438346;46.947663563395615;de
Bern;3011;00;Bern;351;BE;7.448484026447827;46.94815899841554;de
Bern;3012;00;Bern;351;BE;7.431696037930349;46.954563634397;de
Bern;3013;00;Bern;351;BE;7.450626520210358;46.95507609795871;de
Bern;3014;00;Bern;351;BE;7.453886356126405;46.961966029474745;de
Bern;3015;00;Bern;351;BE;7.480278054897;46.93920190379399;de
Bern;3018;00;Bern;351;BE;7.390655631570496;46.94070087780991;de
Bern;3019;00;Bern;351;BE;7.350685762854031;46.935405630532856;de
Bern;3020;00;Bern;351;BE;7.337161981959364;46.94098934204767;de
Bern;3020;00;Frauenkappelen;663;BE;7.333393967581062;46.94694972008507;de
Bern;3027;00;Bern;351;BE;7.387600943885746;46.948651273419706;de
Hinterkappelen;3032;00;Wohlen bei Bern;360;BE;7.379198740205505;46.96797775422382;de
Hinterkappelen;3032;00;Bern;351;BE;7.3842244957496765;46.961989522914855;de
Wohlen b. Bern;3033;00;Wohlen bei Bern;360;BE;7.357705116377871;46.97407210822074;de
Wohlen b. Bern;3033;00;Frauenkappelen;663;BE;7.357077545248617;46.96342140276687;de
Murzelen;3034;00;Wohlen bei Bern;360;BE;7.315732522598614;46.97881983096577;de
Frieswil;3035;00;Seedorf (BE);312;BE;7.2857193628959935;46.995307504463966;de
Frieswil;3035;00;Wohlen bei Bern;360;BE;7.297538095249159;46.99049238616545;de
Detligen;3036;00;Radelfingen;309;BE;7.269445954138398;46.99864867197116;de
Detligen;3036;00;Wohlen bei Bern;360;BE;7.2870529558748345;46.97479138895419;de
Herrenschwanden;3037;00;Kirchlindach;354;BE;7.417157995099851;46.97503467084788;de
Herrenschwanden;3037;00;Bern;351;BE;7.429183418935982;46.97240981449374;de
Herrenschwanden;3037;00;Wohlen bei Bern;360;BE;7.408625464740388;46.97024666309774;de
Kirchlindach;3038;00;Kirchlindach;354;BE;7.41729193747385;47.00059880492671;de
Ortschwaben;3042;00;Meikirch;307;BE;7.398809791908897;46.994953794344255;de
Ortschwaben;3042;00;Wohlen bei Bern;360;BE;7.388028769772102;46.995570112986236;de
Ortschwaben;3042;00;Kirchlindach;354;BE;7.408936853539678;46.98799473819379;de
Uettligen;3043;00;Wohlen bei Bern;360;BE;7.382516230983868;46.98691420623011;de
Innerberg;3044;02;Wohlen bei Bern;360;BE;7.309371588610992;46.99496802242905;de
Meikirch;3045;00;Meikirch;307;BE;7.36633037415522;47.00945571130433;de
Meikirch;3045;00;Wohlen bei Bern;360;BE;7.3812139200569025;46.99988449101786;de
Wahlendorf;3046;00;Meikirch;307;BE;7.337274511778371;47.00600633167926;de
Bremgarten b. Bern;3047;00;Bremgarten bei Bern;353;BE;7.434899549602384;46.97644900595441;de
Worblaufen;3048;00;Ittigen;362;BE;7.462723358506978;46.97991888399605;de
Worblaufen;3048;00;Bern;351;BE;7.468580987211019;46.97209178634765;de
Säriswil;3049;00;Wohlen bei Bern;360;BE;7.337259930254668;46.99297241965695;de
Zollikofen;3052;00;Zollikofen;361;BE;7.451765779772479;46.99680439621244;de
Zollikofen;3052;00;Münchenbuchsee;546;BE;7.462812505402552;47.00368393407982;de
Münchenbuchsee;3053;00;Münchenbuchsee;546;BE;7.447588532866796;47.02092955725311;de
Münchenbuchsee;3053;00;Schüpfen;311;BE;7.423935568388778;47.03275725191874;de
Münchenbuchsee;3053;00;Moosseedorf;544;BE;7.462423290565638;47.01602525441296;de
Deisswil b. Münchenbuchsee;3053;02;Deisswil bei Münchenbuchsee;535;BE;7.456524025150921;47.03500582650166;de
Diemerswil;3053;03;Münchenbuchsee;546;BE;7.426017864128289;47.01842840813362;de
Wiggiswil;3053;04;Wiggiswil;553;BE;7.468862481012212;47.03039788258381;de
Lätti;3053;05;Rapperswil (BE);310;BE;7.43238097526768;47.038946672730745;de
Schüpfen;3054;00;Schüpfen;311;BE;7.375879050655063;47.04142982170752;de
Ittigen;3063;00;Ittigen;362;BE;7.482172877298692;46.97690893136156;de
Ittigen;3063;00;Ostermundigen;363;BE;7.486398190489788;46.9693963426629;de
Ittigen;3063;00;Bern;351;BE;7.471824787514445;46.96860979954878;de
Bolligen;3065;00;Bolligen;352;BE;7.498337358287905;46.97624513636235;de
Bolligen;3065;00;Ostermundigen;363;BE;7.492896769060487;46.96661651375405;de
Stettlen;3066;00;Stettlen;358;BE;7.526211088507099;46.959307570859515;de
Stettlen;3066;00;Bolligen;352;BE;7.5332160880319305;46.96819826834697;de
Stettlen;3066;00;Ostermundigen;363;BE;7.5117195522791205;46.959182689101155;de
Stettlen;3066;00;Vechigen;359;BE;7.549154964416189;46.974471737248805;de
Boll;3067;00;Vechigen;359;BE;7.546396594800057;46.95537762287351;de
Boll;3067;00;Stettlen;358;BE;7.534151411939831;46.96208079411297;de
Utzigen;3068;00;Vechigen;359;BE;7.568465969750425;46.960392205985585;de
Utzigen;3068;00;Worb;627;BE;7.591690891132765;46.9497763828914;de
Utzigen;3068;00;Walkringen;626;BE;7.607168966034752;46.95949656044552;de
Ostermundigen;3072;00;Ostermundigen;363;BE;7.490117153948842;46.95562317985848;de
Ostermundigen;3072;00;Bern;351;BE;7.483057905750109;46.966222372706866;de
Gümligen;3073;00;Muri bei Bern;356;BE;7.505316534351497;46.93383812174052;de
Gümligen;3073;00;Bern;351;BE;7.492570696179902;46.93915189768135;de
Gümligen;3073;00;Ostermundigen;363;BE;7.509448033645151;46.9501439523525;de
Gümligen;3073;00;Allmendingen;630;BE;7.515405755351798;46.92731035753579;de
Muri b. Bern;3074;00;Muri bei Bern;356;BE;7.487059129689846;46.929250601962764;de
Rüfenacht BE;3075;00;Worb;627;BE;7.535251049339389;46.93033587064849;de
Vielbringen b. Worb;3075;02;Worb;627;BE;7.547434858643312;46.91635545722952;de
Worb;3076;00;Worb;627;BE;7.567761094458532;46.92930560966606;de
Worb;3076;00;Vechigen;359;BE;7.5379630463935685;46.94132570867311;de
Worb;3076;00;Muri bei Bern;356;BE;7.5183299447130825;46.94258223405314;de
Worb;3076;00;Stettlen;358;BE;7.522481826926134;46.94356877355055;de
Enggistein;3077;00;Worb;627;BE;7.597485304979081;46.93242578239231;de
Richigen;3078;00;Worb;627;BE;7.582227772401683;46.91810742428253;de
Schlosswil;3082;00;Grosshöchstetten;608;BE;7.615062948213571;46.9106317033325;de
Schlosswil;3082;00;Worb;627;BE;7.61058450984274;46.91813152702102;de
Trimstein;3083;00;Münsingen;616;BE;7.578961051300161;46.90376403156398;de
Wabern;3084;00;Köniz;355;BE;7.4549279469368575;46.92869272243506;de
Wabern;3084;00;Bern;351;BE;7.447535860363147;46.93184179607012;de
Zimmerwald;3086;00;Wald (BE);888;BE;7.473372158365406;46.880042491816916;de
Zimmerwald;3086;00;Belp;861;BE;7.484144419630525;46.88216168625176;de
Zimmerwald;3086;00;Niedermuhlern;877;BE;7.46881383930312;46.86880863748183;de
Zimmerwald;3086;00;Oberbalm;357;BE;7.439945541918116;46.878419338727234;de
Englisberg;3086;02;Wald (BE);888;BE;7.464472278541163;46.89680295431294;de
Niedermuhlern;3087;00;Niedermuhlern;877;BE;7.461962881149538;46.85824970287408;de
Niedermuhlern;3087;00;Wald (BE);888;BE;7.445493272295865;46.86624856338139;de
Niedermuhlern;3087;00;Rüeggisberg;880;BE;7.434438553964411;46.8499311155578;de
Rüeggisberg;3088;00;Rüeggisberg;880;BE;7.438634687868435;46.82264837931913;de
Oberbütschel;3088;02;Rüeggisberg;880;BE;7.455780907579336;46.839855321023116;de
Hinterfultigen;3089;00;Rüeggisberg;880;BE;7.407855386664498;46.83842180695453;de
Spiegel b. Bern;3095;00;Köniz;355;BE;7.434208088826766;46.925707215837456;de
Oberbalm;3096;00;Oberbalm;357;BE;7.405425721648536;46.866270599247045;de
Oberbalm;3096;00;Wald (BE);888;BE;7.4364301786084495;46.872302503609625;de
Liebefeld;3097;00;Köniz;355;BE;7.417741296497081;46.93032879427562;de
Liebefeld;3097;00;Bern;351;BE;7.424029946503957;46.9341977578845;de
Köniz;3098;00;Köniz;355;BE;7.414580253419697;46.92272719529295;de
Schliern b. Köniz;3098;01;Köniz;355;BE;7.414966605960834;46.910493773927115;de
Rüti b. Riggisberg;3099;00;Riggisberg;879;BE;7.45933912261404;46.78394857383363;de
Rüti b. Riggisberg;3099;00;Rüeggisberg;880;BE;7.449545950608864;46.72481390556146;de
Rüti b. Riggisberg;3099;00;Rüschegg;853;BE;7.439656728140184;46.72942001437601;de
Münsingen;3110;00;Münsingen;616;BE;7.559443751124462;46.87386786324235;de
Tägertschi;3111;00;Münsingen;616;BE;7.584255530815985;46.87647478106845;de
Allmendingen b. Bern;3112;00;Allmendingen;630;BE;7.520915795152129;46.915540824312934;de
Allmendingen b. Bern;3112;00;Rubigen;623;BE;7.533125489106123;46.90867712312084;de
Rubigen;3113;00;Rubigen;623;BE;7.543697464501705;46.89808957486761;de
Rubigen;3113;00;Worb;627;BE;7.55885922442192;46.911936451702516;de
Wichtrach;3114;00;Wichtrach;632;BE;7.573969532700298;46.84436505979179;de
Wichtrach;3114;00;Kiesen;611;BE;7.578134299963309;46.827448830013765;de
Gerzensee;3115;00;Gerzensee;866;BE;7.543599247267839;46.840564729650524;de
Gerzensee;3115;00;Belp;861;BE;7.540395179649112;46.865646553761906;de
Gerzensee;3115;00;Kirchdorf (BE);872;BE;7.528919390103539;46.83422063684935;de
Kirchdorf BE;3116;00;Kirchdorf (BE);872;BE;7.547792133049497;46.819997464847276;de
Mühledorf BE;3116;02;Kirchdorf (BE);872;BE;7.537783274547517;46.82866004169828;de
Noflen BE;3116;03;Kirchdorf (BE);872;BE;7.5451306326942165;46.80594019049061;de
Kehrsatz;3122;00;Kehrsatz;870;BE;7.468876568264955;46.91172501870573;de
Kehrsatz;3122;00;Belp;861;BE;7.479826674612493;46.897680117304645;de
Belp;3123;00;Belp;861;BE;7.501827414878366;46.891940280934605;de
Belp;3123;00;Kehrsatz;870;BE;7.481641987155179;46.903211542257445;de
Belp;3123;00;Toffen;884;BE;7.494069520537063;46.87604959262622;de
Belpberg;3124;00;Belp;861;BE;7.525302318082652;46.86740395619604;de
Toffen;3125;00;Toffen;884;BE;7.492807595335447;46.860155501328066;de
Toffen;3125;00;Belp;861;BE;7.505502098791558;46.86034678173661;de
Toffen;3125;00;Kirchdorf (BE);872;BE;7.506065577012608;46.85566145979781;de
Kaufdorf;3126;00;Kaufdorf;869;BE;7.498042354188106;46.83815039069072;de
Gelterfingen;3126;02;Kirchdorf (BE);872;BE;7.5188102824329714;46.84085446778744;de
Mühlethurnen;3127;00;Thurnen;889;BE;7.510097516219572;46.81455777820496;de
Lohnstorf;3127;02;Thurnen;889;BE;7.509433807774662;46.80795558562949;de
Kirchenthurnen;3128;00;Thurnen;889;BE;7.502639249630008;46.82337759124781;de
Rümligen;3128;02;Riggisberg;879;BE;7.495149026064007;46.82900357390152;de
Riggisberg;3132;00;Riggisberg;879;BE;7.47761277072809;46.81046233479944;de
Riggisberg;3132;00;Rüeggisberg;880;BE;7.475779875011576;46.82086758367296;de
Gasel;3144;00;Köniz;355;BE;7.401534414796516;46.89773484042712;de
Niederscherli;3145;00;Köniz;355;BE;7.391061542012005;46.883923148727106;de
Niederscherli;3145;00;Oberbalm;357;BE;7.387651913211511;46.882374464036026;de
Mittelhäusern;3147;00;Köniz;355;BE;7.367852222632395;46.8745018813381;de
Mittelhäusern;3147;00;Oberbalm;357;BE;7.387101359244977;46.85502852001394;de
Lanzenhäusern;3148;00;Schwarzenburg;855;BE;7.3576012847711025;46.84418079910372;de
Schwarzenburg;3150;00;Schwarzenburg;855;BE;7.342231792002266;46.81771342143374;de
Schwarzenburg;3150;00;Guggisberg;852;BE;7.346108503397139;46.79619972026568;de
Mamishaus;3152;00;Schwarzenburg;855;BE;7.376381489081269;46.8161992176108;de
Mamishaus;3152;00;Rüschegg;853;BE;7.398716900159094;46.80625152338798;de
Rüschegg Gambach;3153;00;Rüschegg;853;BE;7.379334389467757;46.776899978686984;de
Rüschegg Heubach;3154;00;Rüschegg;853;BE;7.4048779059550816;46.78028388091711;de
Rüschegg Heubach;3154;00;Rüeggisberg;880;BE;7.42003776839048;46.790002510580166;de
Rüschegg Heubach;3154;00;Schwarzenburg;855;BE;7.400527574350843;46.80243811842388;de
Helgisried-Rohrbach;3155;00;Rüeggisberg;880;BE;7.422375058449928;46.812041560536734;de
Riffenmatt;3156;00;Guggisberg;852;BE;7.346318502435847;46.76570546603146;de
Riffenmatt;3156;00;Rüschegg;853;BE;7.383880995825251;46.74856671018828;de
Milken;3157;00;Schwarzenburg;855;BE;7.362024331235929;46.795267126414444;de
Milken;3157;00;Guggisberg;852;BE;7.349910952334457;46.785975007132905;de
Milken;3157;00;Rüschegg;853;BE;7.364133628345385;46.78417776449541;de
Guggisberg;3158;00;Guggisberg;852;BE;7.3195047028881834;46.76143455561279;de
Riedstätt;3159;00;Guggisberg;852;BE;7.325854534146894;46.78565672495269;de
Niederwangen b. Bern;3172;00;Köniz;355;BE;7.376147684603776;46.92563578956111;de
Niederwangen b. Bern;3172;00;Bern;351;BE;7.3810397621732955;46.930567771342886;de
Oberwangen b. Bern;3173;00;Köniz;355;BE;7.359490697241771;46.913571743984924;de
Thörishaus;3174;00;Köniz;355;BE;7.355497237465303;46.898627777826725;de
Thörishaus;3174;00;Neuenegg;670;BE;7.345821274304288;46.893447980968304;de
Flamatt;3175;00;Wünnewil-Flamatt;2309;FR;7.318902305585483;46.89012148087675;de
Flamatt;3175;00;Ueberstorf;2308;FR;7.31268903460713;46.887497130484576;de
Neuenegg;3176;00;Neuenegg;670;BE;7.305726125716548;46.89637652178623;de
Laupen BE;3177;00;Laupen;667;BE;7.239564982163317;46.9059049032078;de
Laupen BE;3177;00;Neuenegg;670;BE;7.256568765189012;46.91162736885338;de
Laupen BE;3177;00;Ferenbalm;662;BE;7.232370435855504;46.92003264733844;de
Bösingen;3178;00;Bösingen;2295;FR;7.2309623863998;46.89383586354755;de
Kriechenwil;3179;00;Kriechenwil;666;BE;7.222219426395251;46.910946593190296;de
Kriechenwil;3179;00;Gurmels;2262;FR;7.20641290442796;46.91754498265345;de
Ueberstorf;3182;00;Ueberstorf;2308;FR;7.320629120373995;46.868750487410615;de
Ueberstorf;3182;00;Tafers;2306;FR;7.2864769928086615;46.854227386771925;de
Ueberstorf;3182;00;Schmitten (FR);2305;FR;7.2828313940982845;46.85433938409137;de
Albligen;3183;00;Schwarzenburg;855;BE;7.319209733754916;46.85244949440714;de
Wünnewil;3184;00;Wünnewil-Flamatt;2309;FR;7.276403991596735;46.8723749962784;de
Wünnewil;3184;00;Bösingen;2295;FR;7.270523792990486;46.89027608502465;de
Schmitten FR;3185;00;Schmitten (FR);2305;FR;7.247533184260055;46.85414159471114;de
Schmitten FR;3185;00;Bösingen;2295;FR;7.241833883425888;46.86714811939217;de
Schmitten FR;3185;00;Tafers;2306;FR;7.267507783661439;46.844602374011316;de
Schmitten FR;3185;00;Wünnewil-Flamatt;2309;FR;7.261622808577013;46.863969309551045;de
Düdingen;3186;00;Düdingen;2293;FR;7.191624015062002;46.84790812918084;de
Frauenkappelen;3202;00;Frauenkappelen;663;BE;7.336926616430678;46.95418506666568;de
Frauenkappelen;3202;00;Mühleberg;668;BE;7.29852160375024;46.951418650375764;de
Mühleberg;3203;00;Mühleberg;668;BE;7.26813788705622;46.959526827123916;de
Rosshäusern;3204;00;Mühleberg;668;BE;7.284759165545985;46.936252954184205;de
Rosshäusern;3204;00;Neuenegg;670;BE;7.272468338582251;46.91898282294735;de
Gümmenen;3205;00;Mühleberg;668;BE;7.254870403674114;46.94363867059727;de
Gümmenen;3205;00;Ferenbalm;662;BE;7.236642777498332;46.94288819213893;de
Gümmenen;3205;00;Gurmels;2262;FR;7.233916388813891;46.93458973250336;de
Rizenbach;3206;00;Ferenbalm;662;BE;7.226513021078374;46.9437243320405;de
Ferenbalm;3206;01;Ferenbalm;662;BE;7.2147573599522765;46.95636710395462;de
Wallenbuch;3206;02;Gurmels;2262;FR;7.224430200420502;46.92922912486741;de
Biberen;3206;03;Ferenbalm;662;BE;7.2118064527225485;46.93970213618287;de
Gammen;3206;04;Ferenbalm;662;BE;7.227326967360488;46.92056311834621;de
Wileroltigen;3207;00;Wileroltigen;671;BE;7.238902492445095;46.970831239866314;de
Wileroltigen;3207;00;Ferenbalm;662;BE;7.235965885810854;46.95860160788689;de
Wileroltigen;3207;00;Kerzers;2265;FR;7.2291190983631965;46.97918817925667;de
Golaten;3207;02;Kallnach;304;BE;7.240091395527969;46.98683569818134;de
Golaten;3207;02;Kerzers;2265;FR;7.230588906962325;46.983130747807344;de
Gurbrü;3208;00;Gurbrü;665;BE;7.215630326898807;46.964401521933205;de
Kerzers;3210;00;Kerzers;2265;FR;7.1986351393466075;46.9744956039709;de
Kerzers;3210;00;Gurbrü;665;BE;7.1957718119665754;46.96257092293189;de
Kerzers;3210;00;Ried bei Kerzers;2276;FR;7.194143967796196;46.96514007140621;de
Gurmels;3212;00;Gurmels;2262;FR;7.175071554241947;46.891867226353796;de
Kleingurmels;3212;02;Gurmels;2262;FR;7.184472211789312;46.885178079227;de
Kleingurmels;3212;02;Courtepin;2254;FR;7.185129949608981;46.88204017852851;de
Liebistorf;3213;00;Gurmels;2262;FR;7.191865002631152;46.90661213874656;de
Kleinbösingen;3213;02;Kleinbösingen;2266;FR;7.196679926832683;46.889648344207274;de
Ulmiz;3214;00;Gurmels;2262;FR;7.198766840435499;46.933432753226334;de
Gempenach;3215;00;Murten;2275;FR;7.195935418950274;46.941000749688435;de
Büchslen;3215;02;Murten;2275;FR;7.1802595986545015;46.94523005203308;de
Lurtigen;3215;03;Murten;2275;FR;7.172422183106565;46.92857982219741;de
Ried b. Kerzers;3216;00;Ried bei Kerzers;2276;FR;7.186127008812609;46.957170851151204;de
Agriswil;3216;02;Ried bei Kerzers;2276;FR;7.197858702996687;46.95430875615497;de
Müntschemier;3225;00;Müntschemier;498;BE;7.143953364210177;46.99564112849617;de
Treiten;3226;00;Treiten;500;BE;7.161147000517049;47.008844090714256;de
Treiten;3226;00;Kallnach;304;BE;7.177988182448117;47.00166067365915;de
Ins;3232;00;Ins;496;BE;7.104715090665539;47.00522098109149;de
Ins;3232;00;Erlach;492;BE;7.094099496474628;47.02420522538371;de
Tschugg;3233;00;Tschugg;501;BE;7.075683339808885;47.02619015029757;de
Tschugg;3233;00;Erlach;492;BE;7.0924848839566845;47.03207420412164;de
Vinelz;3234;00;Vinelz;502;BE;7.111735360022949;47.03344102750326;de
Erlach;3235;00;Erlach;492;BE;7.096969550448599;47.04234799563725;de
Erlach;3235;00;Twann-Tüscherz;756;BE;7.128272351143364;47.05846645118965;de
Erlach;3235;00;Gals;494;BE;7.082795924712315;47.04064068413327;de
Gampelen;3236;00;Gampelen;495;BE;7.055746808400459;47.01249746754058;de
Gampelen;3236;00;Ins;496;BE;7.060418859427873;46.985986181427386;de
Gampelen;3236;00;Mont-Vully;2284;FR;7.0728220514883615;46.97140931768355;de
Gampelen;3236;00;Laténa;6513;NE;7.038193185701894;46.980142453456395;de
Brüttelen;3237;00;Brüttelen;491;BE;7.147068812187315;47.02223875070933;de
Gals;3238;00;Gals;494;BE;7.0470305138978855;47.02645543748726;de
Lyss;3250;00;Lyss;306;BE;7.307375336074429;47.07414009848979;de
Lyss;3250;00;Kappelen;305;BE;7.29242729383456;47.070901702924516;de
Lyss;3250;00;Aarberg;301;BE;7.307383368377073;47.05451313160613;de
Wengi b. Büren;3251;00;Wengi;394;BE;7.391709040349799;47.084955230521444;de
Wengi b. Büren;3251;00;Rapperswil (BE);310;BE;7.412194484023827;47.079579764196914;de
Ruppoldsried;3251;02;Rapperswil (BE);310;BE;7.425276039702014;47.087491899505004;de
Worben;3252;00;Worben;755;BE;7.296320512121752;47.10184925047152;de
Worben;3252;00;Kappelen;305;BE;7.292648400767053;47.09108667477871;de
Schnottwil;3253;00;Schnottwil;2461;SO;7.390750732754456;47.11051836848555;de
Messen;3254;00;Messen;2457;SO;7.44566300912657;47.09151336296239;de
Messen;3254;00;Rapperswil (BE);310;BE;7.436166820611184;47.09475164416182;de
Balm b. Messen;3254;02;Messen;2457;SO;7.431081234017927;47.103809252435084;de
Rapperswil BE;3255;00;Rapperswil (BE);310;BE;7.4074976476483565;47.0646051439528;de
Dieterswil;3256;00;Rapperswil (BE);310;BE;7.427719786715287;47.054210814709684;de
Bangerten b. Dieterswil;3256;02;Rapperswil (BE);310;BE;7.446685627283984;47.05617211693755;de
Seewil;3256;03;Rapperswil (BE);310;BE;7.408257808009986;47.04782070022757;de
Grossaffoltern;3257;00;Grossaffoltern;303;BE;7.360327010331418;47.06742466919712;de
Grossaffoltern;3257;00;Wengi;394;BE;7.383891134053619;47.080670110887795;de
Ammerzwil BE;3257;01;Grossaffoltern;303;BE;7.34168016152259;47.07054052511516;de
Suberg;3262;00;Grossaffoltern;303;BE;7.339451896428412;47.05822447126398;de
Büetigen;3263;00;Büetigen;382;BE;7.34103725570835;47.10512550862156;de
Diessbach b. Büren;3264;00;Diessbach bei Büren;385;BE;7.360543624505268;47.10798298038623;de
Wiler b. Seedorf;3266;00;Seedorf (BE);312;BE;7.319296354452241;47.04823864175892;de
Seedorf BE;3267;00;Seedorf (BE);312;BE;7.3145314173000315;47.031763642818085;de
Seedorf BE;3267;00;Aarberg;301;BE;7.296027765331129;47.039081926359245;de
Lobsigen;3268;00;Seedorf (BE);312;BE;7.296002024955776;47.02413212018745;de
Aarberg;3270;00;Aarberg;301;BE;7.2757994883233446;47.044982550646644;de
Aarberg;3270;00;Seedorf (BE);312;BE;7.276275840227111;47.03116684344214;de
Radelfingen b. Aarberg;3271;00;Radelfingen;309;BE;7.274041918082121;47.02181776804186;de
Walperswil;3272;00;Walperswil;754;BE;7.228669035396802;47.06025108723377;de
Epsach;3272;02;Epsach;735;BE;7.21778819342871;47.06860492367738;de
Kappelen;3273;00;Kappelen;305;BE;7.266784860662924;47.06149317145826;de
Kappelen;3273;00;Aarberg;301;BE;7.273171448850777;47.056474404433345;de
Hermrigen;3274;00;Hermrigen;737;BE;7.24363557448348;47.08176665719304;de
Bühl b. Aarberg;3274;02;Bühl;734;BE;7.243875795182262;47.070082586525366;de
Merzligen;3274;03;Merzligen;741;BE;7.249259578893515;47.08884616055016;de
Murten;3280;00;Murten;2275;FR;7.120084491454653;46.92615188271067;de
Murten;3280;00;Courgevaux;2250;FR;7.108443030827308;46.916826648590735;de
Murten;3280;00;Meyriez;2271;FR;7.111914710411602;46.9244646542056;de
Meyriez;3280;02;Meyriez;2271;FR;7.106831667906178;46.92264193300174;de
Greng;3280;04;Greng;2261;FR;7.0897120308220245;46.914432125535264;de
Greng;3280;04;Murten;2275;FR;7.097305190408357;46.9156154876623;de
Bargen BE;3282;00;Bargen (BE);302;BE;7.261765921942633;47.03882703542458;de
Kallnach;3283;00;Kallnach;304;BE;7.234847825576392;47.020953912939966;de
Kallnach;3283;00;Bargen (BE);302;BE;7.230673818799266;47.035590362201226;de
Niederried b. Kallnach;3283;02;Kallnach;304;BE;7.2477359002974495;47.01052390912352;de
Fräschels;3284;00;Fräschels;2258;FR;7.208473295512707;46.99704873622383;de
Galmiz;3285;00;Murten;2275;FR;7.15695182460389;46.94899785840115;de
Muntelier;3286;00;Muntelier;2274;FR;7.127765503779768;46.93748012555024;de
Busswil BE;3292;00;Lyss;306;BE;7.324027074262543;47.100243403407916;de
Dotzigen;3293;00;Dotzigen;386;BE;7.340813241766167;47.11943618451775;de
Büren an der Aare;3294;00;Büren an der Aare;383;BE;7.372676709646492;47.14020128829732;de
Büren an der Aare;3294;00;Dotzigen;386;BE;7.356165636630405;47.135917941303305;de
Meienried;3294;02;Meienried;389;BE;7.338575566288578;47.13906101142073;de
Rüti b. Büren;3295;00;Rüti bei Büren;393;BE;7.4056259813081375;47.15143228335629;de
Arch;3296;00;Arch;381;BE;7.428776410362463;47.166296177699785;de
Leuzigen;3297;00;Leuzigen;388;BE;7.457372910994748;47.17461546346617;de
Oberwil b. Büren;3298;00;Oberwil bei Büren;391;BE;7.407195413475048;47.12903562140835;de
Moosseedorf;3302;00;Moosseedorf;544;BE;7.483780256053582;47.01368029264632;de
Jegenstorf;3303;00;Jegenstorf;540;BE;7.505618021643962;47.050873268321865;de
Münchringen;3303;02;Jegenstorf;540;BE;7.5206251922743945;47.044881965504125;de
Zuzwil BE;3303;03;Zuzwil (BE);557;BE;7.471269615500131;47.05209322838906;de
Ballmoos;3303;04;Jegenstorf;540;BE;7.473473555444042;47.040884816631355;de
Iffwil;3305;00;Iffwil;541;BE;7.478674790262963;47.06409925339704;de
Scheunen;3305;02;Jegenstorf;540;BE;7.45716667493325;47.068934864697326;de
Etzelkofen;3306;00;Fraubrunnen;538;BE;7.478387697117402;47.08574121607889;de
Brunnenthal;3307;00;Messen;2457;SO;7.468155746923095;47.08664371227016;de
Grafenried;3308;00;Fraubrunnen;538;BE;7.508588238985051;47.07836916901668;de
Kernenried;3309;00;Kernenried;411;BE;7.54877611284918;47.07246425993785;de
Zauggenried;3309;02;Fraubrunnen;538;BE;7.541498429516436;47.07407205780856;de
Fraubrunnen;3312;00;Fraubrunnen;538;BE;7.525678253829738;47.08581443280128;de
Büren zum Hof;3313;00;Fraubrunnen;538;BE;7.514404935853062;47.09488022869443;de
Schalunen;3314;00;Fraubrunnen;538;BE;7.526851316099603;47.110675493715874;de
Schalunen;3314;00;Bätterkinden;533;BE;7.530295154793514;47.11367711785909;de
Bätterkinden;3315;00;Bätterkinden;533;BE;7.538074943748884;47.13121969819851;de
Kräiligen;3315;01;Bätterkinden;533;BE;7.53284403716251;47.147315819838944;de
Limpach;3317;00;Fraubrunnen;538;BE;7.495334005719805;47.1087432273565;de
Mülchi;3317;01;Fraubrunnen;538;BE;7.4778058256826405;47.10078991397137;de
Urtenen-Schönbühl;3322;00;Urtenen-Schönbühl;551;BE;7.499861156774957;47.02241616539309;de
Urtenen-Schönbühl;3322;00;Moosseedorf;544;BE;7.498022169814771;47.01265747393901;de
Urtenen-Schönbühl;3322;00;Mattstetten;543;BE;7.514115186126346;47.01919654921878;de
Mattstetten;3322;01;Mattstetten;543;BE;7.512827815733329;47.03000043656056;de
Bäriswil BE;3323;00;Bäriswil;403;BE;7.528176271707488;47.01963629875472;de
Hindelbank;3324;00;Hindelbank;409;BE;7.541153133336365;47.04473069912248;de
Hindelbank;3324;00;Lyssach;415;BE;7.557257698002708;47.055734197132544;de
Mötschwil;3324;02;Hindelbank;409;BE;7.568389425744517;47.048948996333166;de
Hettiswil b. Hindelbank;3325;00;Krauchthal;414;BE;7.5559938374507585;47.031349976460625;de
Hettiswil b. Hindelbank;3325;00;Hindelbank;409;BE;7.573749270471882;47.03990285166835;de
Krauchthal;3326;00;Krauchthal;414;BE;7.561925929581247;47.00777672249417;de
Krauchthal;3326;00;Bolligen;352;BE;7.535803593027607;46.99688158444395;de
Herzogenbuchsee;3360;00;Herzogenbuchsee;979;BE;7.7063999890641615;47.18904072540848;de
Herzogenbuchsee;3360;00;Thörigen;989;BE;7.7164754456921045;47.18292744227622;de
Niederönz;3362;00;Niederönz;982;BE;7.691398579199845;47.18643908169411;de
Oberönz;3363;00;Herzogenbuchsee;979;BE;7.694368424586618;47.18115260559734;de
Grasswil;3365;00;Seeberg;988;BE;7.669602595234887;47.143642457771755;de
Grasswil;3365;00;Aeschi (SO);2511;SO;7.688326426368913;47.152859157198186;de
Seeberg;3365;02;Seeberg;988;BE;7.666095117909116;47.15593637952532;de
Bettenhausen;3366;00;Bettenhausen;973;BE;7.7131535850014865;47.17316704148446;de
Bollodingen;3366;02;Bettenhausen;973;BE;7.710725615327872;47.1677938940159;de
Thörigen;3367;00;Thörigen;989;BE;7.72768152220472;47.174076012128445;de
Ochlenberg;3367;02;Ochlenberg;985;BE;7.741720941545524;47.15381057906652;de
Bleienbach;3368;00;Bleienbach;324;BE;7.756313284103331;47.184209820463494;de
Bleienbach;3368;00;Lotzwil;331;BE;7.764146734045686;47.19015153198501;de
Wanzwil;3372;00;Heimenhausen;977;BE;7.692493841776456;47.20041452985638;de
Röthenbach Herzogenbuchsee;3373;00;Heimenhausen;977;BE;7.681874315085584;47.20430512191516;de
Heimenhausen;3373;02;Heimenhausen;977;BE;7.699453253495967;47.209447720509445;de
Wangenried;3374;00;Wangen an der Aare;992;BE;7.656447383876021;47.21890029694805;de
Inkwil;3375;00;Inkwil;980;BE;7.672350172858209;47.199422657957065;de
Graben;3376;00;Graben;976;BE;7.721748331881182;47.2195862218989;de
Berken;3376;02;Berken;972;BE;7.7089972164657485;47.225265449976675;de
Walliswil b. Wangen;3377;00;Walliswil bei Wangen;991;BE;7.681900221787191;47.23038969238906;de
Wangen an der Aare;3380;00;Wangen an der Aare;992;BE;7.652343588608463;47.232669800948244;de
Wangen an der Aare;3380;00;Wiedlisbach;995;BE;7.655563688444675;47.2386992120517;de
Walliswil b. Niederbipp;3380;02;Walliswil bei Niederbipp;990;BE;7.690867263427159;47.23619900801049;de
Burgdorf;3400;00;Burgdorf;404;BE;7.6197554623512245;47.057380110486825;de
Burgdorf;3400;00;Kirchberg (BE);412;BE;7.6235422502735295;47.0677363453082;de
Heimiswil;3412;00;Heimiswil;407;BE;7.659513401640983;47.05933466331752;de
Kaltacker;3413;00;Heimiswil;407;BE;7.669534437416713;47.07564995120905;de
Kaltacker;3413;00;Affoltern im Emmental;951;BE;7.699996432570129;47.077158998243405;de
Kaltacker;3413;00;Burgdorf;404;BE;7.647506645159185;47.068900754347155;de
Oberburg;3414;00;Oberburg;418;BE;7.622635939676495;47.03366463825961;de
Oberburg;3414;00;Burgdorf;404;BE;7.629760584442528;47.03935590791437;de
Oberburg;3414;00;Lützelflüh;955;BE;7.591629886473303;46.997810573796976;de
Hasle b. Burgdorf;3415;01;Hasle bei Burgdorf;406;BE;7.649101165238953;47.01544028057613;de
Schafhausen im Emmental;3415;02;Hasle bei Burgdorf;406;BE;7.650694367896539;46.99251779958802;de
Schafhausen im Emmental;3415;02;Walkringen;626;BE;7.637084814850966;46.98227968799029;de
Rüegsauschachen;3415;03;Rüegsau;956;BE;7.660410704025471;47.018360449217404;de
Rüegsauschachen;3415;03;Lützelflüh;955;BE;7.665273451390713;47.01434815963193;de
Rüegsauschachen;3415;03;Heimiswil;407;BE;7.649340603421435;47.02958011514099;de
Affoltern im Emmental;3416;00;Affoltern im Emmental;951;BE;7.730824227748092;47.06570620282775;de
Affoltern im Emmental;3416;00;Sumiswald;957;BE;7.729615170158412;47.05149708946352;de
Affoltern im Emmental;3416;00;Heimiswil;407;BE;7.716954793102159;47.07952992773069;de
Affoltern im Emmental;3416;00;Rüegsau;956;BE;7.711104060594375;47.065700591586584;de
Rüegsau;3417;00;Rüegsau;956;BE;7.672645940549092;47.02516350391791;de
Rüegsbach;3418;00;Rüegsau;956;BE;7.696730576584446;47.041420099421984;de
Rüegsbach;3418;00;Heimiswil;407;BE;7.695262041169894;47.05630119914178;de
Rüegsbach;3418;00;Lützelflüh;955;BE;7.71490568507735;47.044652114844816;de
Rüegsbach;3418;00;Affoltern im Emmental;951;BE;7.716737920264931;47.05543277728636;de
Biembach im Emmental;3419;00;Hasle bei Burgdorf;406;BE;7.625028431296101;46.99886779351864;de
Biembach im Emmental;3419;00;Lützelflüh;955;BE;7.601718373035854;46.990528687146586;de
Lyssach;3421;00;Lyssach;415;BE;7.581005854432279;47.06732891422376;de
Lyssach;3421;00;Oberburg;418;BE;7.593582015912828;47.050375134318486;de
Lyssach;3421;00;Hindelbank;409;BE;7.578092643098892;47.05057478321857;de
Rüti b. Lyssach;3421;02;Rüti bei Lyssach;422;BE;7.580632975805386;47.0557078390713;de
Kirchberg BE;3422;00;Kirchberg (BE);412;BE;7.586480012086967;47.08568076712005;de
Kirchberg BE;3422;00;Ersigen;405;BE;7.588501577683323;47.09282014784465;de
Rüdtligen;3422;01;Rüdtligen-Alchenflüh;420;BE;7.565356693408624;47.09129171378534;de
Alchenflüh;3422;02;Rüdtligen-Alchenflüh;420;BE;7.578113667640449;47.08416202728226;de
Alchenflüh;3422;02;Lyssach;415;BE;7.574632754083167;47.077213073168735;de
Ersigen;3423;00;Ersigen;405;BE;7.600568713278605;47.09367636972044;de
Niederösch;3424;00;Ersigen;405;BE;7.614054621594665;47.11752018391217;de
Oberösch;3424;02;Ersigen;405;BE;7.609715739080553;47.10808204547844;de
Koppigen;3425;00;Koppigen;413;BE;7.603649148457785;47.13183737263929;de
Koppigen;3425;00;Ersigen;405;BE;7.609163039539009;47.124112829341954;de
Willadingen;3425;02;Willadingen;423;BE;7.6132075624915405;47.14480289486692;de
Aefligen;3426;00;Aefligen;401;BE;7.557053644636065;47.09473657365489;de
Utzenstorf;3427;00;Utzenstorf;552;BE;7.555048220726207;47.12981868584686;de
Utzenstorf;3427;00;Wiler bei Utzenstorf;554;BE;7.555905231495796;47.14208678791086;de
Wiler b. Utzenstorf;3428;00;Wiler bei Utzenstorf;554;BE;7.557232089235729;47.1519707449295;de
Höchstetten;3429;02;Höchstetten;410;BE;7.63251668187836;47.1434048826271;de
Hellsau;3429;03;Hellsau;408;BE;7.647976901595023;47.14578850475664;de
Lützelflüh-Goldbach;3432;00;Lützelflüh;955;BE;7.688354905408802;47.00589895145687;de
Lützelflüh-Goldbach;3432;00;Hasle bei Burgdorf;406;BE;7.675896189039977;47.001544689907576;de
Lützelflüh-Goldbach;3432;00;Rüderswil;905;BE;7.6864129145956674;46.99159713648397;de
Schwanden im Emmental;3433;00;Rüderswil;905;BE;7.697753843747991;46.980682746473455;de
Schwanden im Emmental;3433;00;Lützelflüh;955;BE;7.679489097252336;46.975838074509525;de
Schwanden im Emmental;3433;00;Hasle bei Burgdorf;406;BE;7.68301590922052;46.98556340463548;de
Obergoldbach;3434;00;Landiswil;613;BE;7.668131207426527;46.959705949994536;de
Obergoldbach;3434;00;Lützelflüh;955;BE;7.664464326468569;46.96566802550475;de
Landiswil;3434;01;Landiswil;613;BE;7.687016379303163;46.95518708890061;de
Landiswil;3434;01;Lauperswil;903;BE;7.703200184163499;46.95226350846938;de
Ramsei;3435;00;Lützelflüh;955;BE;7.7093565022707065;46.998385476057955;de
Zollbrück;3436;00;Lauperswil;903;BE;7.752402861129644;46.96915862522783;de
Zollbrück;3436;00;Rüderswil;905;BE;7.741894352189468;46.976868747865595;de
Rüderswil;3437;00;Rüderswil;905;BE;7.720679408660197;46.983840066541674;de
Lauperswil;3438;00;Lauperswil;903;BE;7.737279554476164;46.962335584346;de
Lauperswil;3438;00;Rüderswil;905;BE;7.7173674295749795;46.96359996836203;de
Ranflüh;3439;00;Lützelflüh;955;BE;7.74363178158974;46.99124745162251;de
Ranflüh;3439;00;Rüderswil;905;BE;7.745476403159998;46.98506285344668;de
Grünenmatt;3452;00;Lützelflüh;955;BE;7.725010556059956;47.009807369193844;de
Heimisbach;3453;00;Trachselwald;958;BE;7.775005299038722;47.011291099380536;de
Heimisbach;3453;00;Rüderswil;905;BE;7.776313979130633;46.99145411972818;de
Heimisbach;3453;00;Lützelflüh;955;BE;7.746153655131819;47.00467051117473;de
Sumiswald;3454;00;Sumiswald;957;BE;7.749680589978374;47.03246496777673;de
Sumiswald;3454;00;Lützelflüh;955;BE;7.715875671466296;47.038811979708235;de
Sumiswald;3454;00;Rüegsau;956;BE;7.722962938167271;47.040404805893886;de
Grünen;3455;00;Sumiswald;957;BE;7.739597782354089;47.02448614511056;de
Trachselwald;3456;00;Trachselwald;958;BE;7.741289263375207;47.016512028187684;de
Trachselwald;3456;00;Lützelflüh;955;BE;7.736169631177451;47.0158957289831;de
Wasen im Emmental;3457;00;Sumiswald;957;BE;7.8034097775757;47.04205779728043;de
Wasen im Emmental;3457;00;Wyssachen;960;BE;7.8054126692737675;47.0562003830252;de
Weier im Emmental;3462;00;Affoltern im Emmental;951;BE;7.750155048198689;47.06212945067605;de
Weier im Emmental;3462;00;Sumiswald;957;BE;7.772957475221987;47.05843145595642;de
Häusernmoos im Emmental;3463;00;Affoltern im Emmental;951;BE;7.745996021940615;47.07834968293762;de
Häusernmoos im Emmental;3463;00;Dürrenroth;952;BE;7.760511531016967;47.079182529102006;de
Häusernmoos im Emmental;3463;00;Walterswil (BE);959;BE;7.7616043572337645;47.09449796752018;de
Schmidigen-Mühleweg;3464;00;Walterswil (BE);959;BE;7.746918154483938;47.09448425183731;de
Schmidigen-Mühleweg;3464;00;Wynigen;424;BE;7.73023608848872;47.09560709501576;de
Schmidigen-Mühleweg;3464;00;Dürrenroth;952;BE;7.748409593331985;47.08816576404917;de
Schmidigen-Mühleweg;3464;00;Affoltern im Emmental;951;BE;7.745252959489307;47.086582097980326;de
Dürrenroth;3465;00;Dürrenroth;952;BE;7.7894216694339;47.086321058316884;de
Wynigen;3472;00;Wynigen;424;BE;7.673830831356727;47.103669579874484;de
Wynigen;3472;00;Heimiswil;407;BE;7.71595432027343;47.08736891028527;de
Wynigen;3472;00;Burgdorf;404;BE;7.645174394728516;47.082091605104814;de
Rumendingen;3472;02;Rumendingen;421;BE;7.642678566045366;47.1045474436748;de
Rumendingen;3472;02;Ersigen;405;BE;7.6301668121104775;47.105495368473825;de
Alchenstorf;3473;00;Alchenstorf;402;BE;7.6370852740694914;47.12391423949369;de
Rüedisbach;3474;00;Wynigen;424;BE;7.698965344554216;47.11982442248968;de
Rüedisbach;3474;00;Seeberg;988;BE;7.696179796708089;47.13525693133546;de
Riedtwil;3475;00;Seeberg;988;BE;7.696053787665312;47.14196739040771;de
Hermiswil;3475;01;Seeberg;988;BE;7.697820280158432;47.15288319230551;de
Oschwand;3476;00;Ochlenberg;985;BE;7.721091491615146;47.14254741637186;de
Oschwand;3476;00;Seeberg;988;BE;7.7170696004776405;47.12710397374852;de
Oschwand;3476;00;Thörigen;989;BE;7.7216140257391155;47.159141652912574;de
Gysenstein;3503;00;Konolfingen;612;BE;7.592121837111352;46.893402681740945;de
Niederhünigen;3504;00;Niederhünigen;617;BE;7.639167484860711;46.87656302312316;de
Oberhünigen;3504;02;Oberhünigen;629;BE;7.6585385343710595;46.87875840593525;de
Grosshöchstetten;3506;00;Grosshöchstetten;608;BE;7.63842268059723;46.905727050660694;de
Grosshöchstetten;3506;00;Oberthal;620;BE;7.647888188538046;46.909713101399;de
Grosshöchstetten;3506;00;Zäziwil;628;BE;7.649245388700388;46.90432245521053;de
Grosshöchstetten;3506;00;Mirchel;615;BE;7.6403795113286135;46.89902215314712;de
Biglen;3507;00;Biglen;603;BE;7.627459225443486;46.927100305464485;de
Biglen;3507;00;Arni (BE);602;BE;7.631980249228244;46.93879253243354;de
Arni BE;3508;00;Arni (BE);602;BE;7.657247629285611;46.93577290631221;de
Arni BE;3508;00;Oberthal;620;BE;7.654621358319278;46.922707787894744;de
Arni BE;3508;00;Landiswil;613;BE;7.679293966388748;46.94392351499865;de
Konolfingen;3510;00;Konolfingen;612;BE;7.621144832404464;46.88086583189027;de
Freimettigen;3510;08;Freimettigen;607;BE;7.627946957100485;46.867739666255574;de
Häutligen;3510;09;Häutligen;609;BE;7.604045593870483;46.857728778853776;de
Häutligen;3510;09;Wichtrach;632;BE;7.604402722805374;46.85017218595332;de
Walkringen;3512;00;Walkringen;626;BE;7.616072509742473;46.946242262547884;de
Bigenthal;3513;00;Walkringen;626;BE;7.629318452195138;46.97021123885391;de
Bigenthal;3513;00;Hasle bei Burgdorf;406;BE;7.617963255930551;46.98161735229636;de
Bigenthal;3513;00;Vechigen;359;BE;7.613418090823143;46.97022747958995;de
Oberthal;3531;00;Oberthal;620;BE;7.678957077538239;46.918440692937715;de
Oberthal;3531;00;Zäziwil;628;BE;7.665651833257079;46.90756548997973;de
Oberthal;3531;00;Bowil;605;BE;7.691901203743918;46.905758687538295;de
Zäziwil;3532;00;Zäziwil;628;BE;7.66123621326107;46.899883166855616;de
Zäziwil;3532;00;Oberhünigen;629;BE;7.679908337463871;46.881638965279635;de
Mirchel;3532;02;Mirchel;615;BE;7.648010712218736;46.89392616605045;de
Mirchel;3532;02;Oberhünigen;629;BE;7.656966412059061;46.882521445395305;de
Bowil;3533;00;Bowil;605;BE;7.698057015088712;46.896279732227875;de
Bowil;3533;00;Röthenbach im Emmental;904;BE;7.720288345249033;46.883966710985334;de
Bowil;3533;00;Zäziwil;628;BE;7.684215573562235;46.88254735386156;de
Bowil;3533;00;Oberhünigen;629;BE;7.685945115990604;46.87633686855127;de
Signau;3534;00;Signau;907;BE;7.727993962516538;46.916555530847695;de
Signau;3534;00;Bowil;605;BE;7.720142780396628;46.90383771869135;de
Schüpbach;3535;00;Signau;907;BE;7.741368745551677;46.92781011635591;de
Schüpbach;3535;00;Langnau im Emmental;902;BE;7.75716868469661;46.932912660959715;de
Aeschau;3536;00;Eggiwil;901;BE;7.774101606578002;46.904367303424046;de
Eggiwil;3537;00;Eggiwil;901;BE;7.797265643775916;46.870654574437644;de
Eggiwil;3537;00;Röthenbach im Emmental;904;BE;7.79428620505197;46.82661333104799;de
Eggiwil;3537;00;Trubschachen;909;BE;7.830450123123738;46.88501052291649;de
Eggiwil;3537;00;Trub;908;BE;7.865865412224487;46.88716881851708;de
Röthenbach im Emmental;3538;00;Röthenbach im Emmental;904;BE;7.7388039013808205;46.86102658820951;de
Röthenbach im Emmental;3538;00;Bowil;605;BE;7.712433991459836;46.86674165977381;de
Röthenbach im Emmental;3538;00;Linden;614;BE;7.712530924499318;46.865167242047825;de
Emmenmatt;3543;00;Lauperswil;903;BE;7.739608800678891;46.9465338779783;de
Emmenmatt;3543;00;Signau;907;BE;7.751405645903805;46.949057005355584;de
Emmenmatt;3543;00;Langnau im Emmental;902;BE;7.75242979720779;46.94898224947402;de
Langnau im Emmental;3550;00;Langnau im Emmental;902;BE;7.7864111199222386;46.94072564297936;de
Langnau im Emmental;3550;00;Lauperswil;903;BE;7.757420771656029;46.95110037630252;de
Langnau im Emmental;3550;00;Eggiwil;901;BE;7.793952018274775;46.911197955881526;de
Oberfrittenbach;3551;00;Langnau im Emmental;902;BE;7.792085372087993;46.96880949271148;de
Oberfrittenbach;3551;00;Trachselwald;958;BE;7.806308184794744;46.99841269495252;de
Oberfrittenbach;3551;00;Lauperswil;903;BE;7.79469187548989;46.98143073731717;de
Bärau;3552;00;Langnau im Emmental;902;BE;7.812824793306086;46.9334193456336;de
Bärau;3552;00;Trub;908;BE;7.842574277009736;46.94991480559678;de
Gohl;3553;00;Langnau im Emmental;902;BE;7.816149657263095;46.96561154986874;de
Trubschachen;3555;00;Trubschachen;909;BE;7.842465119085468;46.92136406155114;de
Trubschachen;3555;00;Trub;908;BE;7.871500109421198;46.90913240378757;de
Trubschachen;3555;00;Langnau im Emmental;902;BE;7.824942282522376;46.923808174054294;de
Trubschachen;3555;00;Escholzmatt-Marbach;1010;LU;7.876955227689326;46.89235327145656;de
Trub;3556;00;Trub;908;BE;7.874586381959147;46.95148876862492;de
Trub;3556;00;Trubschachen;909;BE;7.851792950941671;46.93244007738123;de
Fankhaus (Trub);3557;00;Trub;908;BE;7.917832332800686;46.97222143003771;de
Thun;3600;00;Thun;942;BE;7.625916538776927;46.75492282528701;de
Thun;3600;00;Hilterfingen;929;BE;7.638926486789826;46.747884372823236;de
Thun;3603;00;Thun;942;BE;7.600059814607926;46.765666705655484;de
Thun;3603;00;Uetendorf;944;BE;7.601983060976117;46.770610157574026;de
Thun;3604;00;Thun;942;BE;7.619926536504195;46.74061168144288;de
Thun;3608;00;Thun;942;BE;7.594847147433952;46.742096852643016;de
Steffisburg;3612;00;Steffisburg;939;BE;7.633004002649405;46.77865899711497;de
Steffisburg;3612;00;Thun;942;BE;7.640838372296846;46.765736994886446;de
Steffisburg;3612;00;Fahrni;925;BE;7.65296715004266;46.78391273162377;de
Steffisburg;3613;00;Steffisburg;939;BE;7.61741944982256;46.769949783188146;de
Steffisburg;3613;00;Heimberg;928;BE;7.608027213763137;46.77244677378475;de
Unterlangenegg;3614;00;Unterlangenegg;945;BE;7.69339826807846;46.796216698735904;de
Unterlangenegg;3614;00;Buchholterberg;923;BE;7.688031184962324;46.80543981797135;de
Heimenschwand;3615;00;Buchholterberg;923;BE;7.69195855882518;46.821604950449114;de
Heimenschwand;3615;00;Röthenbach im Emmental;904;BE;7.713448510898722;46.83932135265649;de
Heimenschwand;3615;00;Linden;614;BE;7.676279814403175;46.83223508442773;de
Schwarzenegg;3616;00;Oberlangenegg;935;BE;7.729070701743799;46.79722925946517;de
Schwarzenegg;3616;00;Unterlangenegg;945;BE;7.711820060559218;46.79728968961375;de
Schwarzenegg;3616;00;Eriz;924;BE;7.7301714035056746;46.78274378557834;de
Fahrni b. Thun;3617;00;Fahrni;925;BE;7.653814269804279;46.796054966471885;de
Fahrni b. Thun;3617;00;Steffisburg;939;BE;7.660848311655322;46.78973575882377;de
Süderen;3618;00;Röthenbach im Emmental;904;BE;7.764884471304576;46.82357043806933;de
Süderen;3618;00;Wachseldorn;946;BE;7.735465643227941;46.81918870741083;de
Süderen;3618;00;Oberlangenegg;935;BE;7.7555367696136654;46.80953681757366;de
Süderen;3618;00;Eggiwil;901;BE;7.812403661106209;46.816003966428724;de
Süderen;3618;00;Buchholterberg;923;BE;7.718465340107592;46.81834093815656;de
Eriz;3619;00;Eriz;924;BE;7.777546814153262;46.78854135360189;de
Eriz;3619;00;Horrenbach-Buchen;932;BE;7.795549773113886;46.77789893806334;de
Eriz;3619;00;Sigriswil;938;BE;7.782730783964586;46.76124760106;de
Homberg b. Thun;3622;00;Homberg;931;BE;7.679136404496695;46.77612472524278;de
Teuffenthal b. Thun;3623;00;Teuffenthal (BE);940;BE;7.714015791266384;46.77063990403572;de
Teuffenthal b. Thun;3623;00;Sigriswil;938;BE;7.7476472325591;46.77021223451584;de
Horrenbach;3623;02;Horrenbach-Buchen;932;BE;7.745476277638654;46.77754039292084;de
Buchen BE;3623;03;Horrenbach-Buchen;932;BE;7.706378565348575;46.78031014307053;de
Goldiwil (Thun);3624;00;Thun;942;BE;7.66538433386776;46.76270456656256;de
Schwendibach;3624;02;Steffisburg;939;BE;7.6615984516688025;46.771554525160546;de
Heiligenschwendi;3625;00;Heiligenschwendi;927;BE;7.67537005869746;46.750252630674105;de
Heiligenschwendi;3625;00;Hilterfingen;929;BE;7.655572495976113;46.75110142923193;de
Hünibach;3626;00;Hilterfingen;929;BE;7.648642077456952;46.74587898025569;de
Hünibach;3626;00;Thun;942;BE;7.646341512797229;46.74996711577096;de
Heimberg;3627;00;Heimberg;928;BE;7.603721892873847;46.79033594117417;de
Heimberg;3627;00;Steffisburg;939;BE;7.60899342534173;46.78825929466211;de
Uttigen;3628;00;Uttigen;885;BE;7.577485267426155;46.79409474862035;de
Kiesen;3629;00;Kiesen;611;BE;7.581402098794428;46.81917807909374;de
Kiesen;3629;00;Kirchdorf (BE);872;BE;7.56538040102497;46.80985965311171;de
Oppligen;3629;02;Oppligen;622;BE;7.596525100972232;46.81953610488023;de
Jaberg;3629;03;Jaberg;868;BE;7.5680996340321185;46.81835725323362;de
Höfen b. Thun;3631;00;Stocken-Höfen;770;BE;7.564430064807754;46.72210131250815;de
Höfen b. Thun;3631;00;Uebeschi;943;BE;7.545360524164504;46.729586837334054;de
Niederstocken;3632;02;Stocken-Höfen;770;BE;7.580235803346791;46.70885055449392;de
Oberstocken;3632;03;Stocken-Höfen;770;BE;7.555551315498707;46.7173250987181;de
Amsoldingen;3633;00;Amsoldingen;921;BE;7.583334174868462;46.7281329959198;de
Amsoldingen;3633;00;Thierachern;941;BE;7.5821991128411055;46.734233347810125;de
Thierachern;3634;00;Thierachern;941;BE;7.577044186062504;46.75471332831328;de
Uebeschi;3635;00;Uebeschi;943;BE;7.551960358938943;46.738944795248784;de
Uebeschi;3635;00;Thierachern;941;BE;7.545414876581659;46.75060915619274;de
Längenbühl;3636;00;Forst-Längenbühl;948;BE;7.538344693930769;46.75818548355933;de
Längenbühl;3636;00;Thierachern;941;BE;7.549091112580394;46.75641673901852;de
Forst b. Längenbühl;3636;02;Forst-Längenbühl;948;BE;7.524676830220634;46.7622306192924;de
Blumenstein;3638;00;Blumenstein;922;BE;7.520481163285263;46.74023982960986;de
Pohlern;3638;01;Pohlern;936;BE;7.532546935218103;46.72601781127909;de
Gwatt (Thun);3645;00;Thun;942;BE;7.622303187431489;46.72761843459985;de
Gwatt (Thun);3645;00;Spiez;768;BE;7.629850818791358;46.71635273431554;de
Zwieselberg;3645;02;Reutigen;767;BE;7.617882919542076;46.70824915206646;de
Einigen;3646;00;Spiez;768;BE;7.642397069842743;46.710331104370034;de
Reutigen;3647;00;Reutigen;767;BE;7.621146594612411;46.69493964965192;de
Hilterfingen;3652;00;Hilterfingen;929;BE;7.659301806619405;46.738113837612275;de
Hilterfingen;3652;00;Oberhofen am Thunersee;934;BE;7.661679085019372;46.73395331915503;de
Oberhofen am Thunersee;3653;00;Oberhofen am Thunersee;934;BE;7.670985755407139;46.73194680934861;de
Gunten;3654;00;Sigriswil;938;BE;7.700324575366779;46.71450416969082;de
Gunten;3654;00;Oberhofen am Thunersee;934;BE;7.688607601611203;46.717642816797934;de
Sigriswil;3655;00;Sigriswil;938;BE;7.718866975269619;46.71644825724886;de
Tschingel ob Gunten;3656;00;Sigriswil;938;BE;7.705147192758382;46.724442075658644;de
Aeschlen ob Gunten;3656;01;Sigriswil;938;BE;7.698494260902925;46.72009455625775;de
Ringoldswil;3656;02;Sigriswil;938;BE;7.69308773037799;46.733042241368494;de
Schwanden (Sigriswil);3657;00;Sigriswil;938;BE;7.723542865685108;46.74006792041539;de
Merligen;3658;00;Sigriswil;938;BE;7.736525636874416;46.70017567371609;de
Uetendorf;3661;00;Uetendorf;944;BE;7.5811655127228645;46.77407545389222;de
Seftigen;3662;00;Seftigen;883;BE;7.539831941045842;46.78864683312943;de
Gurzelen;3663;00;Gurzelen;867;BE;7.537271999460028;46.778052466613744;de
Gurzelen;3663;00;Forst-Längenbühl;948;BE;7.52274632026993;46.77183378699897;de
Burgistein;3664;00;Burgistein;863;BE;7.505574614779167;46.79119948488587;de
Burgistein;3664;00;Wattenwil;886;BE;7.516775051654784;46.78373527618507;de
Burgistein;3664;00;Riggisberg;879;BE;7.490937922676923;46.78364188151833;de
Burgistein;3664;00;Gurzelen;867;BE;7.517953340274277;46.78353657435818;de
Wattenwil;3665;00;Wattenwil;886;BE;7.506041185546669;46.76598509231554;de
Wattenwil;3665;00;Burgistein;863;BE;7.4960012051520275;46.77925873034853;de
Wattenwil;3665;00;Forst-Längenbühl;948;BE;7.520958649113662;46.772569742548676;de
Brenzikofen;3671;00;Brenzikofen;606;BE;7.614619267754995;46.814733260823026;de
Brenzikofen;3671;00;Heimberg;928;BE;7.611861374246379;46.808674564189445;de
Herbligen;3671;02;Herbligen;610;BE;7.608867941634226;46.827497371532274;de
Oberdiessbach;3672;00;Oberdiessbach;619;BE;7.61989286787944;46.84006501127063;de
Oberdiessbach;3672;00;Linden;614;BE;7.6490971870531945;46.842749780504526;de
Aeschlen b. Oberdiessbach;3672;02;Oberdiessbach;619;BE;7.646319519070229;46.836341147164596;de
Linden;3673;00;Linden;614;BE;7.685172497964956;46.847913240543576;de
Linden;3673;00;Oberhünigen;629;BE;7.679364669728874;46.85975446524474;de
Linden;3673;00;Bowil;605;BE;7.691889584244666;46.86559246974213;de
Bleiken b. Oberdiessbach;3674;00;Oberdiessbach;619;BE;7.637814573986628;46.81560388825522;de
Bleiken b. Oberdiessbach;3674;00;Buchholterberg;923;BE;7.655859328816479;46.82256955449373;de
Spiez;3700;00;Spiez;768;BE;7.6774416114102735;46.685876491820856;de
Hondrich;3702;00;Spiez;768;BE;7.684233434863569;46.673151407372714;de
Hondrich;3702;00;Aeschi bei Spiez;562;BE;7.677900899381001;46.66695417609339;de
Aeschi b. Spiez;3703;00;Aeschi bei Spiez;562;BE;7.700039034988129;46.65538610093853;de
Aeschiried;3703;41;Aeschi bei Spiez;562;BE;7.723842183598237;46.645479001383606;de
Krattigen;3704;00;Krattigen;566;BE;7.728371610344266;46.659563677940945;de
Krattigen;3704;00;Spiez;768;BE;7.713858074064803;46.66252312127572;de
Krattigen;3704;00;Aeschi bei Spiez;562;BE;7.713098599308187;46.65961937921711;de
Faulensee;3705;00;Spiez;768;BE;7.701590045554156;46.67617129151691;de
Faulensee;3705;00;Krattigen;566;BE;7.72687871949743;46.66497411037352;de
Leissigen;3706;00;Leissigen;585;BE;7.774800187731883;46.654479888023374;de
Leissigen;3706;00;Krattigen;566;BE;7.746880388446902;46.656388915297015;de
Därligen;3707;00;Därligen;575;BE;7.806460327770553;46.66111099455245;de
Emdthal;3711;00;Aeschi bei Spiez;562;BE;7.684291650652403;46.6542875932151;de
Emdthal;3711;00;Wimmis;769;BE;7.679761316182515;46.65199437589674;de
Mülenen;3711;02;Aeschi bei Spiez;562;BE;7.692367279621344;46.640785589110116;de
Mülenen;3711;02;Reichenbach im Kandertal;567;BE;7.6693293799620825;46.64159600404841;de
Reichenbach im Kandertal;3713;00;Reichenbach im Kandertal;567;BE;7.689848293702712;46.62143266244192;de
Reichenbach im Kandertal;3713;00;Frutigen;563;BE;7.664376547393542;46.59636055652866;de
Frutigen;3714;00;Frutigen;563;BE;7.647314467528693;46.58478028767028;de
Wengi b. Frutigen;3714;03;Reichenbach im Kandertal;567;BE;7.6616202577098615;46.60850162356745;de
Adelboden;3715;00;Adelboden;561;BE;7.56301161995892;46.491033964374424;de
Adelboden;3715;00;Frutigen;563;BE;7.552732428151341;46.527072096945155;de
Kandergrund;3716;00;Kandergrund;564;BE;7.660894946977662;46.555707843253444;de
Kandergrund;3716;00;Frutigen;563;BE;7.666684457879559;46.57055115952665;de
Blausee-Mitholz;3717;00;Kandergrund;564;BE;7.672865645969672;46.525440598806426;de
Kandersteg;3718;00;Kandersteg;565;BE;7.674021821384024;46.49449321155291;de
Scharnachtal;3722;00;Reichenbach im Kandertal;567;BE;7.701276601623532;46.61692714696564;de
Kiental;3723;00;Reichenbach im Kandertal;567;BE;7.733455085839588;46.578167412345714;de
Ried (Frutigen);3724;00;Frutigen;563;BE;7.60731806416396;46.561529745111905;de
Achseten;3725;00;Frutigen;563;BE;7.594257789565813;46.52761685045665;de
Achseten;3725;00;Adelboden;561;BE;7.5842222703873725;46.517923808150755;de
Wimmis;3752;00;Wimmis;769;BE;7.641058002537772;46.67744587262482;de
Oey;3753;00;Diemtigen;762;BE;7.58239439905301;46.65485680251133;de
Diemtigen;3754;00;Diemtigen;762;BE;7.565109975777556;46.648949114512966;de
Diemtigen;3754;00;Erlenbach im Simmental;763;BE;7.565537581214086;46.65866381569303;de
Horboden;3755;00;Diemtigen;762;BE;7.564863517499106;46.62154895746451;de
Zwischenflüh;3756;00;Diemtigen;762;BE;7.51337876709107;46.60836154050331;de
Schwenden im Diemtigtal;3757;00;Diemtigen;762;BE;7.487189574454608;46.57275308374737;de
Latterbach;3758;00;Erlenbach im Simmental;763;BE;7.582435385249359;46.66540850715044;de
Erlenbach im Simmental;3762;00;Erlenbach im Simmental;763;BE;7.544627721504649;46.66234620319835;de
Därstetten;3763;00;Därstetten;761;BE;7.499155457896204;46.65956347478106;de
Weissenburg;3764;00;Därstetten;761;BE;7.481699146003292;46.657988058829666;de
Weissenburg;3764;00;Oberwil im Simmental;766;BE;7.471533477690182;46.655868423237905;de
Oberwil im Simmental;3765;00;Oberwil im Simmental;766;BE;7.43646904221124;46.654046774453974;de
Boltigen;3766;00;Boltigen;791;BE;7.375339608772212;46.61324293140966;de
Boltigen;3766;00;Oberwil im Simmental;766;BE;7.420367562324254;46.63651291641564;de
Zweisimmen;3770;00;Zweisimmen;794;BE;7.376043983287683;46.55819945000599;de
Zweisimmen;3770;00;Boltigen;791;BE;7.387551519975192;46.59300017396183;de
Blankenburg;3771;00;Zweisimmen;794;BE;7.389320866672102;46.542598755691834;de
St. Stephan;3772;00;St. Stephan;793;BE;7.393637424956873;46.510324385602544;de
Matten (St. Stephan);3773;00;St. Stephan;793;BE;7.431553830466937;46.4998265307838;de
Matten (St. Stephan);3773;00;Lenk;792;BE;7.421177041642434;46.48383113356159;de
Lenk im Simmental;3775;00;Lenk;792;BE;7.44530518043984;46.454731670338255;de
Oeschseite;3776;00;Zweisimmen;794;BE;7.344237898105278;46.52850975320709;de
Saanenmöser;3777;00;Saanen;843;BE;7.308179192724245;46.51566401914381;de
Saanenmöser;3777;00;Zweisimmen;794;BE;7.333314541970235;46.50755432741876;de
Schönried;3778;00;Saanen;843;BE;7.288795921344276;46.50413454360328;de
Gstaad;3780;00;Saanen;843;BE;7.288220041775797;46.47246917809204;de
Turbach;3781;00;Saanen;843;BE;7.334043398258548;46.476209250879506;de
Lauenen b. Gstaad;3782;00;Lauenen;842;BE;7.327308627744698;46.42108657987045;de
Grund b. Gstaad;3783;00;Saanen;843;BE;7.273702499353089;46.44700922675473;de
Feutersoey;3784;00;Gsteig;841;BE;7.270635241163543;46.41231750191039;de
Gsteig b. Gstaad;3785;00;Gsteig;841;BE;7.267234771264907;46.385559328928764;de
Saanen;3792;00;Saanen;843;BE;7.261877971287208;46.489090897902464;de
Interlaken;3800;00;Interlaken;581;BE;7.860109315105835;46.684736962787674;de
Unterseen;3800;02;Unterseen;593;BE;7.842624479328869;46.68537588205597;de
Matten b. Interlaken;3800;03;Matten bei Interlaken;587;BE;7.866460650027712;46.67960382285706;de
Sundlauenen;3800;05;Beatenberg;571;BE;7.794633897286641;46.68663301552642;de
Jungfraujoch;3801;33;Fieschertal;6058;VS;7.982980074922463;46.54700477781106;de
Jungfraujoch;3801;33;Lauterbrunnen;584;BE;7.9713732915508455;46.54540446426662;de
Beatenberg;3803;00;Beatenberg;571;BE;7.79659618417168;46.696737917520885;de
Habkern;3804;00;Habkern;579;BE;7.863065888176068;46.72834570865022;de
Goldswil b. Interlaken;3805;00;Ringgenberg (BE);590;BE;7.878015751853053;46.695815044276976;de
Bönigen b. Interlaken;3806;00;Bönigen;572;BE;7.895674676153372;46.68603043645375;de
Iseltwald;3807;00;Iseltwald;582;BE;7.965873727474659;46.70780319111519;de
Wilderswil;3812;00;Wilderswil;594;BE;7.863812498627032;46.663628458718875;de
Wilderswil;3812;00;Matten bei Interlaken;587;BE;7.8891187554383135;46.667939246795655;de
Wilderswil;3812;00;Gündlischwand;578;BE;7.911171204399738;46.65236850406023;de
Wilderswil;3812;00;Gsteigwiler;577;BE;7.909516235975524;46.65134084333716;de
Saxeten;3813;00;Saxeten;591;BE;7.831743355042551;46.63605484323408;de
Gsteigwiler;3814;00;Gsteigwiler;577;BE;7.873843807397646;46.65505377167652;de
Zweilütschinen;3815;00;Gündlischwand;578;BE;7.903597360756445;46.631448668304486;de
Gündlischwand;3815;02;Gündlischwand;578;BE;7.913357003406185;46.63497975168119;de
Lütschental;3816;00;Lütschental;586;BE;7.953579642400147;46.63903320562232;de
Lütschental;3816;00;Grindelwald;576;BE;7.974307480660495;46.64175338553086;de
Burglauenen;3816;01;Grindelwald;576;BE;7.974320814910793;46.635186431557216;de
Grindelwald;3818;00;Grindelwald;576;BE;8.03109888087901;46.626368505603914;de
Lauterbrunnen;3822;00;Lauterbrunnen;584;BE;7.908842571449066;46.59487759064298;de
Isenfluh;3822;02;Lauterbrunnen;584;BE;7.889434365311051;46.61957724725354;de
Wengen;3823;00;Lauterbrunnen;584;BE;7.920921802382794;46.60458747455706;de
Kleine Scheidegg;3823;01;Lauterbrunnen;584;BE;7.960046421526585;46.58502033435045;de
Kleine Scheidegg;3823;01;Grindelwald;576;BE;7.9614642557654305;46.58592240835962;de
Eigergletscher;3823;02;Lauterbrunnen;584;BE;7.974155084132524;46.574906597261645;de
Stechelberg;3824;00;Lauterbrunnen;584;BE;7.904590844738726;46.55118479426316;de
Mürren;3825;00;Lauterbrunnen;584;BE;7.891681358953009;46.560466507271386;de
Gimmelwald;3826;00;Lauterbrunnen;584;BE;7.887336370192637;46.54760182183427;de
Ringgenberg BE;3852;00;Ringgenberg (BE);590;BE;7.8962261413872366;46.70330885023346;de
Niederried b. Interlaken;3853;00;Niederried bei Interlaken;588;BE;7.929886538806359;46.71799383244896;de
Oberried am Brienzersee;3854;00;Oberried am Brienzersee;589;BE;7.96109596249596;46.73707904068429;de
Brienz BE;3855;00;Brienz (BE);573;BE;8.03088069050375;46.70509734045091;de
Brienz BE;3855;00;Oberried am Brienzersee;589;BE;7.990094746364653;46.75284706333788;de
Axalp;3855;01;Brienz (BE);573;BE;8.037887499393394;46.721733122302474;de
Schwanden b. Brienz;3855;41;Schwanden bei Brienz;592;BE;8.055191991077097;46.75828956261282;de
Brienzwiler;3856;00;Brienzwiler;574;BE;8.100831734284936;46.75160218686942;de
Brienzwiler;3856;00;Meiringen;785;BE;8.103358024135694;46.74737749922751;de
Unterbach BE;3857;00;Meiringen;785;BE;8.117844513524458;46.73899816469704;de
Hofstetten b. Brienz;3858;00;Hofstetten bei Brienz;580;BE;8.076423910463404;46.75391803549363;de
Meiringen;3860;00;Meiringen;785;BE;8.181372755746565;46.728590239327936;de
Meiringen;3860;00;Brienzwiler;574;BE;8.093154388520873;46.714269034190785;de
Rosenlaui;3860;02;Schattenhalb;786;BE;8.154475760514414;46.680292403330505;de
Schattenhalb;3860;03;Schattenhalb;786;BE;8.190673659288828;46.714450802007114;de
Brünig;3860;04;Meiringen;785;BE;8.13594492449473;46.756520825839395;de
Innertkirchen;3862;00;Innertkirchen;784;BE;8.234591778655467;46.703699669936164;de
Gadmen;3863;00;Innertkirchen;784;BE;8.330958267115028;46.72930910914117;de
Guttannen;3864;00;Guttannen;782;BE;8.286814705700452;46.655932316445195;de
Brig;3900;00;Brig-Glis;6002;VS;7.992800285836696;46.316492914291835;de
Brig;3900;00;Termen;6010;VS;8.00411504120381;46.320871982447386;de
Brig;3900;00;Ried-Brig;6008;VS;8.002141167390114;46.31833598573542;de
Brig;3900;00;Naters;6007;VS;7.999877739819291;46.322953094511846;de
Gamsen;3900;02;Brig-Glis;6002;VS;7.953608283348203;46.304524409413155;de
Brigerbad;3900;03;Brig-Glis;6002;VS;7.920560472658258;46.30006391194058;de
Rothwald;3901;23;Ried-Brig;6008;VS;8.045760193079019;46.27945536332943;de
Glis;3902;00;Brig-Glis;6002;VS;7.981357514976526;46.310808940555226;de
Mund;3903;00;Naters;6007;VS;7.935511945554089;46.315670032525595;de
Birgisch;3903;01;Naters;6007;VS;7.963338227699852;46.320150502404495;de
Naters;3904;00;Naters;6007;VS;7.992906301939553;46.326900593638435;de
Saas-Almagell;3905;00;Saas-Almagell;6288;VS;7.957750269882901;46.0950747742309;de
Saas-Fee;3906;00;Saas-Fee;6290;VS;7.92815572159321;46.109816004816714;de
Saas-Fee;3906;00;Saas-Balen;6289;VS;7.930334218014258;46.12481139376784;de
Simplon Dorf;3907;00;Simplon;6009;VS;8.053758082887414;46.19844028041911;de
Simplon Dorf;3907;00;Zwischbergen;6011;VS;8.110711978027576;46.21136706153725;de
Simplon Hospiz;3907;02;Simplon;6009;VS;8.023466888803586;46.24529845291065;de
Gabi (Simplon);3907;03;Simplon;6009;VS;8.073513039448727;46.183865706313895;de
Gabi (Simplon);3907;03;Zwischbergen;6011;VS;8.075769963686113;46.181936885322365;de
Gondo;3907;04;Zwischbergen;6011;VS;8.122018140163052;46.17986752509682;de
Saas-Balen;3908;00;Saas-Balen;6289;VS;7.928682206827656;46.14976372544283;de
Saas-Balen;3908;00;Eisten;6282;VS;7.9145247086282655;46.169335968647964;de
Saas-Grund;3910;00;Saas-Grund;6291;VS;7.938073915673067;46.12657658303075;de
Saas-Grund;3910;00;Saas-Fee;6290;VS;7.937283869101625;46.11648159171407;de
Saas-Grund;3910;00;Saas-Balen;6289;VS;7.934387670723417;46.125261454092744;de
Ried-Brig;3911;00;Ried-Brig;6008;VS;8.015817377587501;46.313877178277075;de
Termen;3912;00;Termen;6010;VS;8.022451743758813;46.32722005809451;de
Termen;3912;00;Ried-Brig;6008;VS;8.025684851213562;46.3226327368828;de
Rosswald;3913;00;Termen;6010;VS;8.043421253549838;46.30482728546922;de
Blatten b. Naters;3914;00;Naters;6007;VS;7.981451814487065;46.36060946762548;de
Blatten b. Naters;3914;00;Bitsch;6173;VS;7.998348752328612;46.36238949200459;de
Belalp;3914;01;Naters;6007;VS;7.974655927916839;46.372444323909484;de
Ferden;3916;00;Ferden;6195;VS;7.75669774744329;46.39279395841051;de
Kippel;3917;00;Kippel;6197;VS;7.771273965919465;46.399508000541154;de
Goppenstein;3917;02;Ferden;6195;VS;7.7546254590688015;46.367287935242004;de
Goppenstein;3917;02;Gampel-Bratsch;6118;VS;7.75567598923101;46.36247230835745;de
Wiler (Lötschen);3918;00;Wiler (Lötschen);6202;VS;7.780756396957081;46.40833162756942;de
Blatten (Lötschen);3919;00;Blatten;6192;VS;7.817367609268934;46.42179005995871;de
Blatten (Lötschen);3919;00;Wiler (Lötschen);6202;VS;7.790627571724044;46.42247872965;de
Zermatt;3920;00;Zermatt;6300;VS;7.748689862320983;46.0187772631938;de
Stalden VS;3922;00;Stalden (VS);6293;VS;7.87003034284109;46.234148752335436;de
Stalden VS;3922;00;Visperterminen;6298;VS;7.87841251551402;46.25280966271058;de
Kalpetran;3922;01;Embd;6283;VS;7.8378927958456375;46.214431086770375;de
Kalpetran;3922;01;Törbel;6296;VS;7.8426253851633065;46.218300443184376;de
Kalpetran;3922;01;Grächen;6285;VS;7.837272390114638;46.212877015717666;de
Eisten;3922;02;Eisten;6282;VS;7.898665564738033;46.197216415843016;de
Eisten;3922;02;Staldenried;6294;VS;7.895511216726078;46.20727744120112;de
Törbel;3923;00;Törbel;6296;VS;7.851044267560492;46.238240589225036;de
Törbel;3923;00;Stalden (VS);6293;VS;7.867655724891125;46.248676896998404;de
St. Niklaus VS;3924;00;St. Niklaus;6292;VS;7.810012180814156;46.17914595337116;de
Grächen;3925;00;Grächen;6285;VS;7.837964539145662;46.195908676629806;de
Embd;3926;00;Embd;6283;VS;7.8289050846850134;46.21700821431204;de
Herbriggen;3927;00;St. Niklaus;6292;VS;7.792542335987513;46.13515921951075;de
Randa;3928;00;Randa;6287;VS;7.7829851448026925;46.09901732662182;de
Täsch;3929;00;Täsch;6295;VS;7.779082094178016;46.06820124274476;de
Visp;3930;00;Visp;6297;VS;7.881463381118275;46.293134748980954;de
Visp;3930;00;Visperterminen;6298;VS;7.881730792486883;46.270176525370736;de
Visp;3930;00;Baltschieder;6281;VS;7.845040951776344;46.3024738366488;de
Visp;3930;00;Raron;6199;VS;7.829943344262347;46.291291278922685;de
Eyholz;3930;02;Visp;6297;VS;7.910037045788403;46.294359867046296;de
Lalden;3931;01;Lalden;6286;VS;7.901230947095146;46.29961370583867;de
Lalden;3931;01;Baltschieder;6281;VS;7.877098925953185;46.303910647135375;de
Visperterminen;3932;00;Visperterminen;6298;VS;7.898276936359371;46.26178951425307;de
Staldenried;3933;00;Staldenried;6294;VS;7.888616731611994;46.22751850318256;de
Zeneggen;3934;00;Zeneggen;6299;VS;7.865285628958774;46.27222771037245;de
Bürchen;3935;00;Bürchen;6193;VS;7.82308222999526;46.27709251374637;de
Baltschieder;3937;00;Baltschieder;6281;VS;7.86402575714581;46.30692005966576;de
Baltschieder;3937;00;Eggerberg;6004;VS;7.873738138274664;46.304886877745794;de
Ausserberg;3938;00;Ausserberg;6191;VS;7.851399601911145;46.31428926694217;de
Eggerberg;3939;00;Eggerberg;6004;VS;7.882650185531582;46.30818001960035;de
Steg VS;3940;00;Steg-Hohtenn;6204;VS;7.749436058018442;46.314164678691014;de
Steg VS;3940;00;Gampel-Bratsch;6118;VS;7.754985914269234;46.34657883163642;de
Steg VS;3940;00;Turtmann-Unterems;6119;VS;7.744130935960356;46.305723135626415;de
Steg VS;3940;00;Niedergesteln;6198;VS;7.755258988692431;46.307359529677065;de
Raron;3942;00;Raron;6199;VS;7.801258681382429;46.30794776715224;de
Raron;3942;00;Niedergesteln;6198;VS;7.79174606715996;46.3022924906975;de
Raron;3942;00;Bürchen;6193;VS;7.801094868326567;46.30088665326046;de
Raron;3942;00;Unterbäch;6201;VS;7.793920579496616;46.30136813702085;de
Niedergesteln;3942;02;Niedergesteln;6198;VS;7.783570824719578;46.31282463496734;de
Niedergesteln;3942;02;Raron;6199;VS;7.826219470527581;46.3576789053039;de
St. German;3942;03;Raron;6199;VS;7.82090614557796;46.312722946848226;de
St. German;3942;03;Ausserberg;6191;VS;7.825971934184589;46.31778541670508;de
Eischoll;3943;00;Eischoll;6194;VS;7.777234246964536;46.29171281594788;de
Eischoll;3943;00;Turtmann-Unterems;6119;VS;7.74076614651446;46.293489015927534;de
Eischoll;3943;00;Niedergesteln;6198;VS;7.752872096472091;46.30217295284165;de
Unterbäch VS;3944;00;Unterbäch;6201;VS;7.797084747345367;46.28319583808871;de
Gampel;3945;00;Gampel-Bratsch;6118;VS;7.736552143021529;46.317896458258446;de
Niedergampel;3945;01;Gampel-Bratsch;6118;VS;7.7111062124970635;46.312886823163076;de
Niedergampel;3945;01;Leuk;6110;VS;7.693923665479056;46.31128054940412;de
Turtmann;3946;00;Turtmann-Unterems;6119;VS;7.702965993372294;46.302057287000586;de
Turtmann;3946;00;Agarn;6101;VS;7.6795773848757;46.29533846022992;de
Turtmann;3946;00;Gampel-Bratsch;6118;VS;7.710492364685853;46.30954190353356;de
Gruben;3946;02;Oberems;6112;VS;7.7002956460182865;46.213501226507326;de
Gruben;3946;02;Turtmann-Unterems;6119;VS;7.704718672025229;46.20640236257662;de
Gruben;3946;02;Ergisch;6104;VS;7.715319587234699;46.2248000597516;de
Ergisch;3947;00;Ergisch;6104;VS;7.718600488689593;46.29086516296955;de
Unterems;3948;00;Turtmann-Unterems;6119;VS;7.695062131341792;46.29112768921635;de
Unterems;3948;00;Agarn;6101;VS;7.67709625747522;46.289718548306354;de
Oberems;3948;01;Oberems;6112;VS;7.689957141608918;46.28155872649688;de
Oberems;3948;01;Ergisch;6104;VS;7.715584113943992;46.25629038255198;de
Hohtenn;3949;00;Steg-Hohtenn;6204;VS;7.758816458442276;46.31981488432987;de
Hohtenn;3949;00;Niedergesteln;6198;VS;7.786486994412064;46.326309297823244;de
Agarn;3951;00;Agarn;6101;VS;7.666090017644474;46.29539040083988;de
Agarn;3951;00;Leuk;6110;VS;7.669920103616304;46.2988459933014;de
Susten;3952;00;Leuk;6110;VS;7.645254547468094;46.304012060785965;de
Leuk Stadt;3953;00;Leuk;6110;VS;7.6358582389543574;46.318664677166666;de
Leuk Stadt;3953;00;Varen;6116;VS;7.6214823050137825;46.31761822035755;de
Inden;3953;01;Inden;6109;VS;7.617633496745229;46.343558793172555;de
Inden;3953;01;Leukerbad;6111;VS;7.6128750286456155;46.35437894632197;de
Inden;3953;01;Leuk;6110;VS;7.621800815410593;46.33129109198699;de
Varen;3953;02;Varen;6116;VS;7.6073871479399395;46.31902533234043;de
Leukerbad;3954;00;Leukerbad;6111;VS;7.6282283006539835;46.37968616312683;de
Albinen;3955;00;Albinen;6102;VS;7.632860135967509;46.34084411853787;de
Guttet-Feschel;3956;00;Guttet-Feschel;6117;VS;7.66965498803392;46.325122856261586;de
Guttet-Feschel;3956;00;Leuk;6110;VS;7.660668885498349;46.318993048325275;de
Erschmatt;3957;00;Leuk;6110;VS;7.692065158240919;46.32198955859055;de
Erschmatt;3957;00;Gampel-Bratsch;6118;VS;7.710632682557445;46.34401242267414;de
Bratsch;3957;02;Gampel-Bratsch;6118;VS;7.708361874052232;46.322338835593456;de
Sierre;3960;00;Sierre;6248;VS;7.531947645300452;46.292251128677364;fr
Sierre;3960;00;Crans-Montana;6253;VS;7.513305573276172;46.28689443349231;fr
Sierre;3960;00;Noble-Contrée;6254;VS;7.550875956070803;46.302498095011835;fr
Corin-de-la-Crête;3960;02;Crans-Montana;6253;VS;7.504337487932271;46.28526272265167;fr
Loc;3960;03;Crans-Montana;6253;VS;7.511172315286282;46.29275195309434;fr
Niouc;3960;04;Anniviers;6252;VS;7.551850338238592;46.27154318609557;fr
Muraz (Sierre);3960;05;Sierre;6248;VS;7.529127523049289;46.29761478861442;fr
Vissoie;3961;21;Anniviers;6252;VS;7.582703411787789;46.21461105235752;fr
St-Luc;3961;22;Anniviers;6252;VS;7.597455178456604;46.22084334214145;fr
Chandolin;3961;23;Anniviers;6252;VS;7.592954168548605;46.251632548021405;fr
Ayer;3961;24;Anniviers;6252;VS;7.601881775516446;46.17983510246306;fr
Zinal;3961;25;Anniviers;6252;VS;7.627889972393042;46.13615710054295;fr
Grimentz;3961;26;Anniviers;6252;VS;7.575220944695586;46.18121963458929;fr
Mission;3961;27;Anniviers;6252;VS;7.592796544320541;46.19108330124804;fr
St-Jean VS;3961;41;Anniviers;6252;VS;7.583499741066832;46.1972305352461;fr
Crans-Montana;3963;00;Crans-Montana;6253;VS;7.484415741590931;46.31090089806039;fr
Crans-Montana;3963;00;Icogne;6239;VS;7.486577115119415;46.37065244761244;fr
Montana;3963;03;Crans-Montana;6253;VS;7.48920679293041;46.29772031240356;fr
Aminona;3963;04;Crans-Montana;6253;VS;7.531745220863999;46.33357720505776;fr
Crans VS;3963;05;Lens;6240;VS;7.457645437147736;46.30248844118167;fr
Crans VS;3963;05;Icogne;6239;VS;7.451831397610632;46.3055747181445;fr
Chippis;3965;00;Chippis;6235;VS;7.53978816992841;46.27952464190063;fr
Chippis;3965;00;Sierre;6248;VS;7.535392309728857;46.28081482642545;fr
Chalais;3966;00;Chalais;6232;VS;7.512498757747879;46.265818225973966;fr
Chalais;3966;00;Sierre;6248;VS;7.5122716623759676;46.270586048093165;fr
Réchy;3966;01;Chalais;6232;VS;7.494919504506971;46.261762183599465;fr
Réchy;3966;01;Sierre;6248;VS;7.495055313516778;46.26775319469177;fr
Vercorin;3967;00;Chalais;6232;VS;7.5303686640417205;46.255928099821745;fr
Vercorin;3967;00;Mont-Noble;6090;VS;7.518176735374987;46.20084817353215;fr
Vercorin;3967;00;Grône;6238;VS;7.506969188414806;46.24157848994189;fr
Veyras;3968;00;Noble-Contrée;6254;VS;7.537131412385621;46.302816635471075;fr
Salgesch;3970;00;Salgesch;6113;VS;7.570754968877911;46.31104063030338;de
Salgesch;3970;00;Varen;6116;VS;7.588564900089596;46.310847660298066;de
Salgesch;3970;00;Leuk;6110;VS;7.5868975616173;46.30873586919942;de
Salgesch;3970;00;Crans-Montana;6253;VS;7.551194351031242;46.32480694463048;de
Salgesch;3970;00;Noble-Contrée;6254;VS;7.558469099899836;46.30853543227394;de
Chermignon;3971;00;Crans-Montana;6253;VS;7.474795140787189;46.28866713099993;fr
Chermignon-d'en-Bas;3971;01;Crans-Montana;6253;VS;7.483276776437522;46.28284400710863;fr
Chermignon-d'en-Bas;3971;01;Lens;6240;VS;7.47377616130082;46.277782748766924;fr
Ollon VS;3971;02;Crans-Montana;6253;VS;7.478586737149808;46.27420993236051;fr
Ollon VS;3971;02;Lens;6240;VS;7.472645383033054;46.27434676070531;fr
Ollon VS;3971;02;Sierre;6248;VS;7.478377570789398;46.27196110101427;fr
Miège;3972;00;Noble-Contrée;6254;VS;7.547130083150272;46.311659268757126;fr
Miège;3972;00;Crans-Montana;6253;VS;7.5529336623566925;46.33072434202461;fr
Miège;3972;00;Salgesch;6113;VS;7.582263381511135;46.3383824355012;fr
Venthône;3973;00;Noble-Contrée;6254;VS;7.528039083846717;46.306647252578124;fr
Venthône;3973;00;Crans-Montana;6253;VS;7.514244735940048;46.29991947702271;fr
Mollens VS;3974;00;Crans-Montana;6253;VS;7.519962028496085;46.31319310025759;fr
Randogne;3975;00;Crans-Montana;6253;VS;7.502705573548747;46.31015452904259;fr
Noës;3976;00;Sierre;6248;VS;7.505304590329129;46.28026959664592;fr
Noës;3976;00;Crans-Montana;6253;VS;7.508293423354348;46.28407296608765;fr
Champzabé;3976;02;Crans-Montana;6253;VS;7.49820672874737;46.27927498669134;fr
Champzabé;3976;02;Sierre;6248;VS;7.497375288002278;46.27822292769983;fr
Granges VS;3977;00;Sierre;6248;VS;7.4669309829660735;46.261520546234216;fr
Flanthey;3978;00;Lens;6240;VS;7.452069612266794;46.26902550514669;fr
Flanthey;3978;00;Saint-Léonard;6246;VS;7.430720287509419;46.25988630979735;fr
Grône;3979;00;Grône;6238;VS;7.46591391155037;46.25027627837861;fr
Grône;3979;00;Chalais;6232;VS;7.482789234350972;46.2571167422848;fr
Bitsch;3982;00;Bitsch;6173;VS;8.013421776385293;46.3378093647389;de
Bitsch;3982;00;Riederalp;6181;VS;8.024111892809676;46.34513128292515;de
Bitsch;3982;00;Termen;6010;VS;8.015566469542797;46.33184320532446;de
Mörel;3983;00;Mörel-Filet;6203;VS;8.04505671508864;46.35723762369901;de
Mörel;3983;00;Riederalp;6181;VS;8.045225815264171;46.36275517544801;de
Bister;3983;02;Bister;6172;VS;8.066882354867126;46.36266029540454;de
Filet;3983;03;Mörel-Filet;6203;VS;8.053617129998324;46.36052000930061;de
Filet;3983;03;Riederalp;6181;VS;8.049297507212883;46.366948432440374;de
Goppisberg;3983;04;Riederalp;6181;VS;8.049804399017482;46.371578591767694;de
Goppisberg;3983;04;Bettmeralp;6205;VS;8.055273510352432;46.37252055085832;de
Greich;3983;05;Riederalp;6181;VS;8.038831682180096;46.366518517041065;de
Fiesch;3984;00;Fiesch;6057;VS;8.132655061563245;46.4030646201885;de
Fiesch;3984;00;Fieschertal;6058;VS;8.131422804054507;46.421657840825766;de
Fiesch;3984;00;Lax;6061;VS;8.098402814585084;46.409485121786;de
Fieschertal;3984;02;Fieschertal;6058;VS;8.143304544178557;46.425057157962;de
Münster VS;3985;00;Goms;6077;VS;8.26434522894484;46.48677323524021;de
Geschinen;3985;02;Goms;6077;VS;8.283444288775943;46.49632167974528;de
Ried-Mörel;3986;00;Riederalp;6181;VS;8.030906611643964;46.35715047934894;de
Riederalp;3987;00;Riederalp;6181;VS;8.034558576345281;46.37857754602794;de
Ulrichen;3988;00;Obergoms;6076;VS;8.307748696144706;46.50587225712539;de
Obergesteln;3988;02;Obergoms;6076;VS;8.325089618246793;46.514599577245484;de
Biel VS;3989;00;Goms;6077;VS;8.217219324274264;46.45562867849604;de
Ritzingen;3989;02;Goms;6077;VS;8.222676761966689;46.457669227019956;de
Selkingen;3989;03;Goms;6077;VS;8.212692824029512;46.45312273000887;de
Niederwald;3989;04;Goms;6077;VS;8.190723703418879;46.4354222010355;de
Niederwald;3989;04;Ernen;6056;VS;8.20321296999311;46.411265340789626;de
Blitzingen;3989;05;Goms;6077;VS;8.201541155716578;46.44408519195735;de
Betten;3991;00;Bettmeralp;6205;VS;8.068834933515593;46.37752871274581;de
Betten;3991;00;Riederalp;6181;VS;8.05484651185322;46.369661484766766;de
Bettmeralp;3992;00;Bettmeralp;6205;VS;8.062550704861769;46.38942905874583;de
Grengiols;3993;00;Grengiols;6177;VS;8.099242165915557;46.372641833698566;de
Grengiols;3993;00;Lax;6061;VS;8.105426773046476;46.38097188172415;de
Lax;3994;00;Lax;6061;VS;8.116002437627195;46.388897641502325;de
Martisberg;3994;02;Bettmeralp;6205;VS;8.099660652811675;46.38674504309476;de
Martisberg;3994;02;Grengiols;6177;VS;8.0976539499633;46.382069829014526;de
Ernen;3995;00;Ernen;6056;VS;8.142356939282838;46.396113941215965;de
Ausserbinn;3995;02;Ernen;6056;VS;8.149725855265654;46.38195327540375;de
Mühlebach (Goms);3995;03;Ernen;6056;VS;8.158620776068963;46.40871426490518;de
Steinhaus;3995;04;Ernen;6056;VS;8.178606323419077;46.422763448957724;de
Binn;3996;00;Binn;6054;VS;8.191754790677399;46.3653271928877;de
Binn;3996;00;Grengiols;6177;VS;8.174176845517492;46.34067652368755;de
Bellwald;3997;00;Bellwald;6052;VS;8.160106803123856;46.42756945520588;de
Bellwald;3997;00;Fieschertal;6058;VS;8.144936411153989;46.43249569662738;de
Reckingen VS;3998;00;Goms;6077;VS;8.244025321560967;46.46997043891213;de
Gluringen;3998;01;Goms;6077;VS;8.23272565735834;46.46386968119713;de
Oberwald;3999;00;Obergoms;6076;VS;8.353702082633973;46.53289606232879;de
Basel;4001;00;Basel;2701;BS;7.588938268483581;47.55627327044449;de
Basel;4031;00;Basel;2701;BS;7.582588897812256;47.561686512998556;de
Basel;4051;00;Basel;2701;BS;7.584962687692576;47.5551451180776;de
Basel;4052;00;Basel;2701;BS;7.606936096183351;47.55060058899463;de
Basel;4052;00;Münchenstein;2769;BL;7.616146619929348;47.53593603924906;de
Basel;4053;00;Basel;2701;BS;7.593784851105357;47.541598096619786;de
Basel;4053;00;Binningen;2765;BL;7.585858142647838;47.540898574336005;de
Basel;4054;00;Basel;2701;BS;7.566815880240022;47.55017494772074;de
Basel;4055;00;Basel;2701;BS;7.569590522532975;47.56028981775187;de
Basel;4056;00;Basel;2701;BS;7.575281430227663;47.5670915278921;de
Basel;4057;00;Basel;2701;BS;7.5923253400079505;47.56983137413242;de
Basel;4058;00;Basel;2701;BS;7.6082176096317164;47.56509663036669;de
Basel;4058;00;Riehen;2703;BS;7.626579621657864;47.56824322430364;de
Basel;4059;00;Basel;2701;BS;7.5925783976913905;47.533154522009035;de
Bruderholz;4101;00;Binningen;2765;BL;7.5815563845426235;47.52837485993648;de
Bruderholz;4101;00;Bottmingen;2767;BL;7.579431287359952;47.52819757029994;de
Binningen;4102;00;Binningen;2765;BL;7.568406188281713;47.53765386060956;de
Binningen;4102;00;Bottmingen;2767;BL;7.565983595542704;47.528938239817045;de
Bottmingen;4103;00;Bottmingen;2767;BL;7.572115841281447;47.523367496889726;de
Oberwil BL;4104;00;Oberwil (BL);2771;BL;7.55689590528682;47.51567619715105;de
Biel-Benken BL;4105;00;Biel-Benken;2764;BL;7.523401301096124;47.50734100646699;de
Biel-Benken BL;4105;00;Bättwil;2471;SO;7.511023917852802;47.50263651422138;de
Therwil;4106;00;Therwil;2775;BL;7.556740081861972;47.49919956071728;de
Ettingen;4107;00;Ettingen;2768;BL;7.546685767771703;47.48221976554812;de
Witterswil;4108;00;Witterswil;2481;SO;7.5239253545852565;47.486276885660516;de
Bättwil;4112;01;Bättwil;2471;SO;7.5112453667465635;47.489694138271624;de
Bättwil;4112;01;Witterswil;2481;SO;7.522601501356168;47.49668381733089;de
Flüh;4112;02;Hofstetten-Flüh;2476;SO;7.498261647045807;47.483909355974866;de
Hofstetten SO;4114;00;Hofstetten-Flüh;2476;SO;7.5146237019055935;47.47652485060121;de
Mariastein;4115;00;Metzerlen-Mariastein;2477;SO;7.487004650718912;47.47730396031834;de
Mariastein;4115;00;Hofstetten-Flüh;2476;SO;7.487964217622592;47.48214231321787;de
Metzerlen;4116;00;Metzerlen-Mariastein;2477;SO;7.4670191428258885;47.46437707683977;de
Burg im Leimental;4117;00;Burg im Leimental;2783;BL;7.439591396685265;47.457994580860344;de
Rodersdorf;4118;00;Rodersdorf;2479;SO;7.458258404316522;47.48163826779898;de
Allschwil;4123;00;Allschwil;2762;BL;7.546493889442824;47.551724427757954;de
Schönenbuch;4124;00;Schönenbuch;2774;BL;7.503434393351976;47.53771691371416;de
Riehen;4125;00;Riehen;2703;BS;7.647587078405401;47.57781267717344;de
Bettingen;4126;00;Bettingen;2702;BS;7.66583054151261;47.57027774544192;de
Birsfelden;4127;00;Birsfelden;2766;BL;7.626908259968157;47.55217089439488;de
Birsfelden;4127;00;Muttenz;2770;BL;7.653946658375982;47.543193179049005;de
Muttenz;4132;00;Muttenz;2770;BL;7.640754428577318;47.52850297104283;de
Pratteln;4133;00;Pratteln;2831;BL;7.694891699864108;47.51995997879373;de
Pratteln;4133;00;Muttenz;2770;BL;7.666227496852476;47.532539102170375;de
Pratteln;4133;00;Augst;2822;BL;7.696178765893531;47.531786958981655;de
Pratteln;4133;00;Frenkendorf;2824;BL;7.7089292657414905;47.50868314336774;de
Münchenstein;4142;00;Münchenstein;2769;BL;7.61086023299741;47.51927841030742;de
Münchenstein;4142;00;Muttenz;2770;BL;7.623969482880185;47.52459162277554;de
Dornach;4143;00;Dornach;2473;SO;7.616810701072135;47.480244833572314;de
Arlesheim;4144;00;Arlesheim;2763;BL;7.618322742462183;47.49590997794551;de
Arlesheim;4144;00;Reinach (BL);2773;BL;7.6068840386677605;47.50226241218256;de
Gempen;4145;00;Gempen;2474;SO;7.660516823692543;47.47502503030493;de
Hochwald;4146;00;Hochwald;2475;SO;7.643592330672495;47.4549274820541;de
Aesch BL;4147;00;Aesch (BL);2761;BL;7.596246393322854;47.471046686568066;de
Aesch BL;4147;00;Pfeffingen;2772;BL;7.566744108157978;47.464760107977;de
Pfeffingen;4148;00;Pfeffingen;2772;BL;7.590044994855823;47.45926376435686;de
Reinach BL;4153;00;Reinach (BL);2773;BL;7.593619591937918;47.49837386658393;de
Reinach BL;4153;00;Therwil;2775;BL;7.569402550974668;47.48831888480151;de
Reinach BL;4153;00;Aesch (BL);2761;BL;7.594398707397;47.48337093191418;de
Reinach BL;4153;00;Münchenstein;2769;BL;7.607695762325526;47.50523461102292;de
Duggingen;4202;00;Duggingen;2785;BL;7.6065212820257315;47.452495609150006;de
Duggingen;4202;00;Aesch (BL);2761;BL;7.603810431487935;47.4677893539677;de
Grellingen;4203;00;Grellingen;2786;BL;7.5869834933637055;47.44082988094933;de
Himmelried;4204;00;Himmelried;2618;SO;7.592126009234111;47.4219085780053;de
Himmelried;4204;00;Seewen;2480;SO;7.615769060689009;47.41815135864354;de
Himmelried;4204;00;Nunningen;2621;SO;7.598229622639364;47.415541489463756;de
Seewen SO;4206;00;Seewen;2480;SO;7.658667701279506;47.435139864113964;de
Seewen SO;4206;00;Himmelried;2618;SO;7.614457528096392;47.430358404243584;de
Bretzwil;4207;00;Bretzwil;2883;BL;7.651085738527023;47.39853870509078;de
Nunningen;4208;00;Nunningen;2621;SO;7.618857813990359;47.394896612393765;de
Zwingen;4222;00;Zwingen;2793;BL;7.53198684569523;47.43720835970896;de
Blauen;4223;00;Blauen;2781;BL;7.51906772181274;47.449854636011295;de
Nenzlingen;4224;00;Nenzlingen;2789;BL;7.5610010025624765;47.44724589273359;de
Brislach;4225;00;Brislach;2782;BL;7.542107201903276;47.41963431406481;de
Breitenbach;4226;00;Breitenbach;2613;SO;7.547143162892985;47.40666015443919;de
Büsserach;4227;00;Büsserach;2614;SO;7.542083725383851;47.39368612926164;de
Erschwil;4228;00;Erschwil;2615;SO;7.54162147011706;47.37364736583436;de
Beinwil SO;4229;00;Beinwil (SO);2612;SO;7.597813102633028;47.360128538051924;de
Beinwil SO;4229;00;Lauwil;2889;BL;7.650010310602316;47.371108163891535;de
Beinwil SO;4229;00;Mümliswil-Ramiswil;2428;SO;7.645268996050896;47.36386729717837;de
Beinwil SO;4229;00;Meltingen;2620;SO;7.590948849125134;47.37147056561846;de
Fehren;4232;00;Fehren;2616;SO;7.579667271247501;47.396165029489005;de
Fehren;4232;00;Breitenbach;2613;SO;7.573757875412936;47.40600270800138;de
Meltingen;4233;00;Meltingen;2620;SO;7.590344576100039;47.387184335246886;de
Meltingen;4233;00;Erschwil;2615;SO;7.567209802067761;47.382499244722744;de
Meltingen;4233;00;Zullwil;2622;SO;7.599358105452445;47.385710223009895;de
Zullwil;4234;00;Zullwil;2622;SO;7.600951565146693;47.391145450102584;de
Laufen;4242;00;Laufen;2787;BL;7.500908410592058;47.42051797337877;de
Laufen;4242;00;Brislach;2782;BL;7.52743152672155;47.41419139283199;de
Laufen;4242;00;Zwingen;2793;BL;7.512207370522819;47.425818444200104;de
Dittingen;4243;00;Dittingen;2784;BL;7.500769106887916;47.4376698148579;de
Röschenz;4244;00;Röschenz;2791;BL;7.475931634533534;47.42527742978141;de
Kleinlützel;4245;00;Kleinlützel;2619;SO;7.417644492892612;47.424372655045204;de
Kleinlützel;4245;00;Roggenburg;2790;BL;7.381562614688856;47.431078768542605;de
Wahlen b. Laufen;4246;00;Wahlen;2792;BL;7.515365636171018;47.40140579200292;de
Wahlen b. Laufen;4246;00;Laufen;2787;BL;7.515020349227745;47.410148358846094;de
Grindel;4247;00;Grindel;2617;SO;7.503511917779601;47.381481778184416;de
Bärschwil;4252;00;Bärschwil;2611;SO;7.472051104293993;47.38618090960775;de
Bärschwil;4252;00;Laufen;2787;BL;7.480599629341327;47.39461476557654;de
Liesberg;4253;00;Liesberg;2788;BL;7.426623465669775;47.39680691151202;de
Liesberg;4253;00;Bärschwil;2611;SO;7.443883501003013;47.40138560366952;de
Liesberg Dorf;4254;00;Liesberg;2788;BL;7.43094057569336;47.40368787028703;de
Augst BL;4302;00;Augst;2822;BL;7.718107374024071;47.53408077550551;de
Augst BL;4302;00;Pratteln;2831;BL;7.713541330044726;47.53455035682352;de
Kaiseraugst;4303;00;Kaiseraugst;4252;AG;7.728340726338239;47.53788708088102;de
Kaiseraugst;4303;00;Giebenach;2826;BL;7.73425077172551;47.53067710775494;de
Kaiseraugst;4303;00;Rheinfelden;4258;AG;7.763090239062517;47.54312854784063;de
Kaiseraugst;4303;00;Augst;2822;BL;7.72416035127991;47.53601771911792;de
Giebenach;4304;00;Giebenach;2826;BL;7.7434480407823205;47.522756703741415;de
Giebenach;4304;00;Olsberg;4257;AG;7.756266926659359;47.525987123295984;de
Olsberg;4305;00;Olsberg;4257;AG;7.783727139757757;47.52195141703063;de
Olsberg;4305;00;Arisdorf;2821;BL;7.788873051538633;47.51818937692125;de
Olsberg;4305;00;Magden;4253;AG;7.795309350191194;47.52432380252314;de
Rheinfelden;4310;00;Rheinfelden;4258;AG;7.792262841535054;47.55168644385235;de
Magden;4312;00;Magden;4253;AG;7.812819537620922;47.527833220268505;de
Möhlin;4313;00;Möhlin;4254;AG;7.842831304031614;47.5612347437822;de
Möhlin;4313;00;Rheinfelden;4258;AG;7.82634530244768;47.56719090021622;de
Zeiningen;4314;00;Zeiningen;4263;AG;7.872270326335794;47.542610134183846;de
Zuzgen;4315;00;Zuzgen;4264;AG;7.899034605732904;47.52568834906885;de
Zuzgen;4315;00;Zeiningen;4263;AG;7.888312940313243;47.53127068689479;de
Hellikon;4316;00;Hellikon;4251;AG;7.922694851088894;47.50941178614038;de
Hellikon;4316;00;Hemmiken;2848;BL;7.895892886183781;47.50180769890497;de
Wegenstetten;4317;00;Wegenstetten;4262;AG;7.931306750855111;47.49759328943168;de
Mumpf;4322;00;Mumpf;4255;AG;7.915344821954173;47.54691113174412;de
Wallbach;4323;00;Wallbach;4261;AG;7.90248853360639;47.559374801309275;de
Wallbach;4323;00;Zeiningen;4263;AG;7.895432344566164;47.55463603786766;de
Obermumpf;4324;00;Obermumpf;4256;AG;7.935141140742856;47.53162832373466;de
Schupfart;4325;00;Schupfart;4259;AG;7.964757448555364;47.51436413221975;de
Stein AG;4332;00;Stein (AG);4260;AG;7.953026531823706;47.543701230650704;de
Münchwilen AG;4333;00;Münchwilen (AG);4172;AG;7.964509632974399;47.53899086580669;de
Sisseln AG;4334;00;Sisseln;4177;AG;7.9909861731089515;47.55233177416028;de
Frenkendorf;4402;00;Frenkendorf;2824;BL;7.71340912110448;47.503764579233575;de
Frenkendorf;4402;00;Pratteln;2831;BL;7.694230204452352;47.5038353613062;de
Liestal;4410;00;Liestal;2829;BL;7.734745879974435;47.48357459560227;de
Liestal;4410;00;Bubendorf;2823;BL;7.73805676243055;47.46595577259305;de
Seltisberg;4411;00;Seltisberg;2833;BL;7.718879551104313;47.461227841528284;de
Nuglar;4412;00;Nuglar-St. Pantaleon;2478;SO;7.692970368529758;47.470668321998666;de
Nuglar;4412;00;Seltisberg;2833;BL;7.701765443484435;47.462733952594064;de
Büren SO;4413;00;Büren (SO);2472;SO;7.671946927244034;47.44963041428624;de
Füllinsdorf;4414;00;Füllinsdorf;2825;BL;7.729509641062487;47.50629762196193;de
Lausen;4415;00;Lausen;2828;BL;7.759957575537273;47.47303844663203;de
Lausen;4415;00;Liestal;2829;BL;7.751524160876083;47.476018495197536;de
Bubendorf;4416;00;Bubendorf;2823;BL;7.73832769053785;47.4504402722142;de
Ziefen;4417;00;Ziefen;2834;BL;7.7061579427789715;47.431505363747576;de
Reigoldswil;4418;00;Reigoldswil;2893;BL;7.690345582691262;47.39789348316166;de
Reigoldswil;4418;00;Waldenburg;2895;BL;7.701425184986325;47.37478957321189;de
Reigoldswil;4418;00;Lauwil;2889;BL;7.68546267890794;47.376038913293996;de
Reigoldswil;4418;00;Mümliswil-Ramiswil;2428;SO;7.702346315690488;47.37094690723398;de
Lupsingen;4419;00;Lupsingen;2830;BL;7.6929228086991674;47.44677118885738;de
St. Pantaleon;4421;00;Nuglar-St. Pantaleon;2478;SO;7.690643267127137;47.46101379321326;de
Arisdorf;4422;00;Arisdorf;2821;BL;7.765588085141741;47.51079750238109;de
Arisdorf;4422;00;Liestal;2829;BL;7.748684630624084;47.49855815183959;de
Hersberg;4423;00;Hersberg;2827;BL;7.7834852179042535;47.49279371922814;de
Arboldswil;4424;00;Arboldswil;2881;BL;7.717127302964136;47.41518208093162;de
Titterten;4425;00;Titterten;2894;BL;7.716331168118731;47.40223231262214;de
Titterten;4425;00;Arboldswil;2881;BL;7.702689975809189;47.41103356469396;de
Lauwil;4426;00;Lauwil;2889;BL;7.675549846049338;47.38904734348065;de
Bennwil;4431;00;Bennwil;2882;BL;7.78098918539655;47.403786153831916;de
Bennwil;4431;00;Niederdorf;2891;BL;7.767874599419677;47.40178248376915;de
Lampenberg;4432;00;Lampenberg;2887;BL;7.758905483341954;47.425975116502066;de
Ramlinsburg;4433;00;Ramlinsburg;2832;BL;7.764350508855293;47.44950664671548;de
Hölstein;4434;00;Hölstein;2886;BL;7.770975857765744;47.42327884035729;de
Hölstein;4434;00;Bennwil;2882;BL;7.773115804874823;47.4094755411344;de
Niederdorf;4435;00;Niederdorf;2891;BL;7.752433391755078;47.40719491597967;de
Niederdorf;4435;00;Oberdorf (BL);2892;BL;7.74501461818203;47.40267268138421;de
Oberdorf BL;4436;00;Oberdorf (BL);2892;BL;7.751861612590039;47.39329133710449;de
Oberdorf BL;4436;00;Niederdorf;2891;BL;7.766447394317854;47.406670413338425;de
Liedertswil;4436;02;Liedertswil;2890;BL;7.7186980408202945;47.391280606815705;de
Liedertswil;4436;02;Oberdorf (BL);2892;BL;7.734428789259226;47.39771737880852;de
Waldenburg;4437;00;Waldenburg;2895;BL;7.747156348446114;47.38127859617153;de
Langenbruck;4438;00;Langenbruck;2888;BL;7.76907902171737;47.35024151320317;de
Langenbruck;4438;00;Hägendorf;2579;SO;7.795983801823492;47.3441172767961;de
Langenbruck;4438;00;Waldenburg;2895;BL;7.73000188690838;47.369822808423535;de
Langenbruck;4438;00;Holderbank (SO);2425;SO;7.760731877477547;47.342107120430306;de
Thürnen;4441;00;Thürnen;2864;BL;7.828664164890404;47.455729862957455;de
Diepflingen;4442;00;Diepflingen;2845;BL;7.838237264034629;47.44671207980235;de
Diepflingen;4442;00;Wittinsburg;2867;BL;7.8429213585816235;47.438570817019695;de
Wittinsburg;4443;00;Wittinsburg;2867;BL;7.84122593715885;47.424611962928395;de
Wittinsburg;4443;00;Tenniken;2863;BL;7.82858149213886;47.42630117485805;de
Rümlingen;4444;00;Rümlingen;2859;BL;7.8488613713932365;47.42481901519193;de
Rümlingen;4444;00;Gelterkinden;2846;BL;7.852269189659107;47.43871196165589;de
Rümlingen;4444;00;Wittinsburg;2867;BL;7.84811274882697;47.432610668033504;de
Rümlingen;4444;00;Buckten;2843;BL;7.846676348246726;47.41985291666871;de
Häfelfingen;4445;00;Häfelfingen;2847;BL;7.8650600975151095;47.41528053638357;de
Häfelfingen;4445;00;Rünenberg;2860;BL;7.879276561445793;47.41827635556233;de
Häfelfingen;4445;00;Buckten;2843;BL;7.849838986068638;47.41925710106295;de
Buckten;4446;00;Buckten;2843;BL;7.843921807705559;47.4096361092112;de
Buckten;4446;00;Läufelfingen;2852;BL;7.839515020365583;47.40297760165878;de
Känerkinden;4447;00;Känerkinden;2850;BL;7.836043621878676;47.41211885857549;de
Känerkinden;4447;00;Buckten;2843;BL;7.839317774950885;47.41583119980965;de
Känerkinden;4447;00;Diegten;2884;BL;7.826200926407532;47.408761385643665;de
Läufelfingen;4448;00;Läufelfingen;2852;BL;7.855943157865505;47.394914683416346;de
Läufelfingen;4448;00;Diegten;2884;BL;7.829082109120732;47.39873206571363;de
Läufelfingen;4448;00;Häfelfingen;2847;BL;7.867301637021808;47.40730331552252;de
Sissach;4450;00;Sissach;2861;BL;7.810499811997414;47.46568310184236;de
Sissach;4450;00;Itingen;2849;BL;7.790203882407965;47.47328347049039;de
Sissach;4450;00;Thürnen;2864;BL;7.815654569661117;47.4537672277982;de
Sissach;4450;00;Böckten;2842;BL;7.825601517137572;47.46495011443947;de
Wintersingen;4451;00;Wintersingen;2866;BL;7.825872372604091;47.49492643141388;de
Wintersingen;4451;00;Maisprach;2853;BL;7.836051147163467;47.50739366383165;de
Itingen;4452;00;Itingen;2849;BL;7.78585677649229;47.46777420916612;de
Nusshof;4453;00;Nusshof;2854;BL;7.805017287138339;47.492008179712535;de
Zunzgen;4455;00;Zunzgen;2869;BL;7.805659466948939;47.45231528227421;de
Tenniken;4456;00;Tenniken;2863;BL;7.8121710490532426;47.43730120660521;de
Tenniken;4456;00;Diegten;2884;BL;7.7932912650311135;47.4249215711455;de
Diegten;4457;00;Diegten;2884;BL;7.8102972993846675;47.41000976649151;de
Diegten;4457;00;Bennwil;2882;BL;7.797129928408846;47.400544339134015;de
Diegten;4457;00;Hölstein;2886;BL;7.78940575673002;47.41449110874554;de
Eptingen;4458;00;Eptingen;2885;BL;7.817439583858437;47.38399308673006;de
Eptingen;4458;00;Läufelfingen;2852;BL;7.845130438940658;47.377297465746345;de
Gelterkinden;4460;00;Gelterkinden;2846;BL;7.85480359033883;47.464489160326906;de
Gelterkinden;4460;00;Ormalingen;2856;BL;7.866120641341454;47.46852828419223;de
Böckten;4461;00;Böckten;2842;BL;7.836489288188891;47.46476934343031;de
Rickenbach BL;4462;00;Rickenbach (BL);2857;BL;7.85127100790805;47.48445070090302;de
Rickenbach BL;4462;00;Buus;2844;BL;7.857875253914006;47.49077681164527;de
Buus;4463;00;Buus;2844;BL;7.864061182138016;47.50600815543239;de
Maisprach;4464;00;Maisprach;2853;BL;7.845700531276714;47.52466459026637;de
Hemmiken;4465;00;Hemmiken;2848;BL;7.891200141348459;47.488196118011096;de
Hemmiken;4465;00;Hellikon;4251;AG;7.904558954440245;47.49389939873158;de
Hemmiken;4465;00;Ormalingen;2856;BL;7.890120048636363;47.479745882910805;de
Ormalingen;4466;00;Ormalingen;2856;BL;7.874460015423728;47.471027580922524;de
Ormalingen;4466;00;Hemmiken;2848;BL;7.872948546271101;47.492268299396564;de
Rothenfluh;4467;00;Rothenfluh;2858;BL;7.914495073877695;47.46232562397264;de
Kienberg;4468;00;Kienberg;2492;SO;7.966521267250008;47.44057696893889;de
Anwil;4469;00;Anwil;2841;BL;7.939656437749;47.451264578221306;de
Tecknau;4492;00;Tecknau;2862;BL;7.883915698054125;47.4501431708733;de
Wenslingen;4493;00;Wenslingen;2865;BL;7.907741575660062;47.44091998828937;de
Wenslingen;4493;00;Kilchberg (BL);2851;BL;7.90678866914139;47.426011372348356;de
Oltingen;4494;00;Oltingen;2855;BL;7.934394448150542;47.432974936137796;de
Zeglingen;4495;00;Zeglingen;2868;BL;7.906988052490004;47.41702527205895;de
Zeglingen;4495;00;Wenslingen;2865;BL;7.911894316466976;47.424857332617876;de
Kilchberg BL;4496;00;Kilchberg (BL);2851;BL;7.898426247286643;47.426080864967204;de
Rünenberg;4497;00;Rünenberg;2860;BL;7.882624434169347;47.43361676397956;de
Solothurn;4500;00;Solothurn;2601;SO;7.5322670519057615;47.20999169218187;de
Solothurn;4500;00;Biberist;2513;SO;7.543505178350664;47.19904454463078;de
Solothurn;4500;00;Rüttenen;2555;SO;7.534581436151894;47.21990192819857;de
Solothurn;4500;00;Bellach;2542;SO;7.510366265280268;47.19826018521135;de
Solothurn;4500;00;Zuchwil;2534;SO;7.546676817450853;47.20120935912677;de
Bellach;4512;00;Bellach;2542;SO;7.499192500236754;47.213674411393164;de
Bellach;4512;00;Lommiswil;2551;SO;7.4838382422383045;47.21797267989895;de
Bellach;4512;00;Selzach;2556;SO;7.476998334627179;47.208241991939744;de
Langendorf;4513;00;Langendorf;2550;SO;7.513975950014054;47.22220173411333;de
Lommiswil;4514;00;Lommiswil;2551;SO;7.470844001873514;47.22492891866487;de
Oberdorf SO;4515;00;Oberdorf (SO);2553;SO;7.503568881550286;47.230501046383296;de
Weissenstein b. Solothurn;4515;01;Oberdorf (SO);2553;SO;7.500884363701953;47.250083770205755;de
Rüttenen;4522;00;Rüttenen;2555;SO;7.5296515483968145;47.2323274913527;de
Rüttenen;4522;00;Oberdorf (SO);2553;SO;7.522388219495863;47.232063106624544;de
Rüttenen;4522;00;Langendorf;2550;SO;7.525789548922402;47.22857968751502;de
Niederwil SO;4523;00;Riedholz;2554;SO;7.5731951327851315;47.2504273263074;de
Günsberg;4524;00;Günsberg;2547;SO;7.577438513023218;47.256718533395514;de
Balmberg;4524;02;Balm bei Günsberg;2541;SO;7.560741225931847;47.26725475997635;de
Oberbalmberg;4524;03;Balm bei Günsberg;2541;SO;7.538717211611622;47.26445771911703;de
Balm b. Günsberg;4525;00;Balm bei Günsberg;2541;SO;7.555801616063331;47.252164161039694;de
Zuchwil;4528;00;Zuchwil;2534;SO;7.557759445398945;47.20565088348278;de
Zuchwil;4528;00;Biberist;2513;SO;7.562409866256549;47.1965991150809;de
Feldbrunnen;4532;00;Feldbrunnen-St. Niklaus;2544;SO;7.555533504499189;47.21995468262333;de
Feldbrunnen;4532;00;Rüttenen;2555;SO;7.542057410489339;47.221730423740574;de
Riedholz;4533;00;Riedholz;2554;SO;7.56682525391596;47.23264319256478;de
Flumenthal;4534;00;Flumenthal;2545;SO;7.59988988215832;47.236478581153804;de
Hubersdorf;4535;00;Hubersdorf;2548;SO;7.5884373496015884;47.24501187070344;de
Kammersrohr;4535;02;Kammersrohr;2549;SO;7.594041925709321;47.25559112761254;de
Attiswil;4536;00;Attiswil;971;BE;7.611457394019717;47.24839775891177;de
Attiswil;4536;00;Wangen an der Aare;992;BE;7.621141703941067;47.233415831812266;de
Wiedlisbach;4537;00;Wiedlisbach;995;BE;7.646591161030139;47.251029342773876;de
Oberbipp;4538;00;Oberbipp;983;BE;7.66151757596726;47.26035592670806;de
Rumisberg;4539;00;Rumisberg;987;BE;7.64177353713254;47.26604087642777;de
Rumisberg;4539;00;Wiedlisbach;995;BE;7.635054610947061;47.25708487955365;de
Farnern;4539;02;Farnern;975;BE;7.620583732684964;47.26749726509916;de
Farnern;4539;02;Rumisberg;987;BE;7.623668546246315;47.27305101119703;de
Luterbach;4542;00;Luterbach;2527;SO;7.583640039249859;47.21466104922416;de
Luterbach;4542;00;Deitingen;2516;SO;7.590365395072317;47.22616560427826;de
Deitingen;4543;00;Deitingen;2516;SO;7.619601133847881;47.21515908541532;de
Deitingen;4543;00;Flumenthal;2545;SO;7.614225735406663;47.22649165839119;de
Derendingen;4552;00;Derendingen;2517;SO;7.587602723148505;47.19646874003248;de
Derendingen;4552;00;Luterbach;2527;SO;7.584670998545182;47.20510083204659;de
Subingen;4553;00;Subingen;2532;SO;7.613609294955789;47.1953439730348;de
Subingen;4553;00;Derendingen;2517;SO;7.604363738281845;47.19267716024122;de
Etziken;4554;00;Etziken;2518;SO;7.646332578260863;47.18767126124975;de
Hüniken;4554;02;Hüniken;2524;SO;7.637283289429246;47.184646945896354;de
Aeschi SO;4556;00;Aeschi (SO);2511;SO;7.661800813307178;47.17923230608075;de
Bolken;4556;02;Bolken;2514;SO;7.663663069133259;47.192334062533654;de
Burgäschi;4556;03;Aeschi (SO);2511;SO;7.670547112087079;47.17308962148161;de
Burgäschi;4556;03;Niederönz;982;BE;7.6745377118864315;47.174682609201426;de
Steinhof SO;4556;04;Aeschi (SO);2511;SO;7.686771624046425;47.16165945879823;de
Horriwil;4557;00;Horriwil;2523;SO;7.621470547637833;47.18263123272054;de
Hersiwil;4558;00;Drei Höfe;2535;SO;7.634904849107311;47.165609064986434;de
Heinrichswil;4558;02;Drei Höfe;2535;SO;7.636525850204304;47.15811362497247;de
Winistorf;4558;03;Drei Höfe;2535;SO;7.64892131467517;47.15802875493545;de
Biberist;4562;00;Biberist;2513;SO;7.559660841143094;47.18250550351447;de
Gerlafingen;4563;00;Gerlafingen;2519;SO;7.573270588048993;47.16978089019095;de
Gerlafingen;4563;00;Kriegstetten;2525;SO;7.587051708792865;47.17373073479645;de
Gerlafingen;4563;00;Obergerlafingen;2528;SO;7.581304719276436;47.17055100849666;de
Obergerlafingen;4564;00;Obergerlafingen;2528;SO;7.584339636659934;47.16105153819654;de
Zielebach;4564;01;Zielebach;556;BE;7.575734285827407;47.15831863946851;de
Recherswil;4565;00;Recherswil;2530;SO;7.595362329419025;47.1602815659687;de
Kriegstetten;4566;00;Kriegstetten;2525;SO;7.597558601240725;47.17609139799246;de
Halten;4566;02;Kriegstetten;2525;SO;7.607231275613408;47.168746959091415;de
Oekingen;4566;03;Kriegstetten;2525;SO;7.604994781924879;47.17913016635393;de
Lüterkofen;4571;01;Lüterkofen-Ichertswil;2455;SO;7.511796730202163;47.16304488260762;de
Ichertswil;4571;02;Lüterkofen-Ichertswil;2455;SO;7.498682504422792;47.1583750848595;de
Lohn-Ammannsegg;4573;00;Lohn-Ammannsegg;2526;SO;7.528229032743189;47.170885823281715;de
Lohn-Ammannsegg;4573;00;Bätterkinden;533;BE;7.527933714023275;47.15979549047719;de
Nennigkofen;4574;00;Lüsslingen-Nennigkofen;2464;SO;7.494161102670951;47.18593726100677;de
Nennigkofen;4574;00;Selzach;2556;SO;7.482688848349091;47.193857485435956;de
Lüsslingen;4574;01;Lüsslingen-Nennigkofen;2464;SO;7.502108577798349;47.19002581468081;de
Lüsslingen;4574;01;Biberist;2513;SO;7.512735928118802;47.194040184939546;de
Tscheppach;4576;00;Buchegg;2465;SO;7.479208842218964;47.14543093349257;de
Hessigkofen;4577;00;Buchegg;2465;SO;7.466471158390824;47.14127901323924;de
Bibern SO;4578;00;Buchegg;2465;SO;7.455860419597559;47.145994290417256;de
Gossliwil;4579;00;Buchegg;2465;SO;7.434437333915225;47.13673965529512;de
Küttigkofen;4581;00;Buchegg;2465;SO;7.514403018560279;47.15006372770938;de
Brügglen;4582;00;Buchegg;2465;SO;7.4972281705541794;47.142652903440414;de
Mühledorf SO;4583;00;Buchegg;2465;SO;7.476117114402983;47.135609608981284;de
Aetigkofen;4583;02;Buchegg;2465;SO;7.466028131279977;47.125106394093116;de
Lüterswil;4584;02;Buchegg;2465;SO;7.439709977588285;47.120216233008485;de
Gächliwil;4584;03;Buchegg;2465;SO;7.448039585533353;47.128716062142395;de
Biezwil;4585;00;Biezwil;2445;SO;7.4173632268498535;47.11415153929551;de
Kyburg-Buchegg;4586;00;Buchegg;2465;SO;7.5099886376802605;47.14201615625047;de
Aetingen;4587;00;Buchegg;2465;SO;7.505086026133238;47.13244855194301;de
Unterramsern;4588;00;Unterramsern;2463;SO;7.483327746272685;47.11996504269175;de
Brittern;4588;01;Buchegg;2465;SO;7.491433433435645;47.12149079720731;de
Oberramsern;4588;02;Messen;2457;SO;7.462847515024761;47.114718010860535;de
Olten;4600;00;Olten;2581;SO;7.906390251703663;47.348877155195105;de
Olten;4600;00;Trimbach;2500;SO;7.904568514724686;47.35698853561167;de
Olten;4600;00;Aarburg;4271;AG;7.908932057809129;47.3414553737567;de
Olten;4600;00;Starrkirch-Wil;2584;SO;7.919202113556058;47.3357824178748;de
Wangen b. Olten;4612;00;Wangen bei Olten;2586;SO;7.871265503636134;47.34389608689803;de
Wangen b. Olten;4612;00;Olten;2581;SO;7.881803251290288;47.33801874297661;de
Rickenbach SO;4613;00;Rickenbach (SO);2582;SO;7.8539296231761275;47.34213378464504;de
Hägendorf;4614;00;Hägendorf;2579;SO;7.840781265093413;47.33575821344612;de
Hägendorf;4614;00;Gunzgen;2578;SO;7.8224530112578075;47.32426260034629;de
Allerheiligenberg;4615;00;Hägendorf;2579;SO;7.815532451769436;47.35208725018124;de
Kappel SO;4616;00;Kappel (SO);2580;SO;7.848593788922252;47.32276969271912;de
Kappel SO;4616;00;Gunzgen;2578;SO;7.847414109909767;47.310352418109915;de
Gunzgen;4617;00;Gunzgen;2578;SO;7.830973340923909;47.315437356198615;de
Boningen;4618;00;Boningen;2571;SO;7.85453122836402;47.30723289041705;de
Boningen;4618;00;Kappel (SO);2580;SO;7.863555992953944;47.31131056512496;de
Egerkingen;4622;00;Egerkingen;2401;SO;7.795581681591232;47.32156040248836;de
Egerkingen;4622;00;Neuendorf;2404;SO;7.802575898447228;47.31332660951495;de
Neuendorf;4623;00;Neuendorf;2404;SO;7.79576045393807;47.29882169670541;de
Neuendorf;4623;00;Oberbuchsiten;2406;SO;7.7796553405087945;47.30853727805811;de
Härkingen;4624;00;Härkingen;2402;SO;7.8179732794324694;47.30627935019886;de
Oberbuchsiten;4625;00;Oberbuchsiten;2406;SO;7.767507208101863;47.309887862119886;de
Niederbuchsiten;4626;00;Niederbuchsiten;2405;SO;7.774388362060184;47.295836613874144;de
Niederbuchsiten;4626;00;Oberbuchsiten;2406;SO;7.773394452008402;47.301802877420265;de
Wolfwil;4628;00;Wolfwil;2408;SO;7.7967485640446865;47.26867776796277;de
Fulenbach;4629;00;Fulenbach;2575;SO;7.832557823097288;47.27380503946582;de
Trimbach;4632;00;Trimbach;2500;SO;7.900391506572636;47.36376912284424;de
Trimbach;4632;00;Wangen bei Olten;2586;SO;7.872393916763139;47.35900254973092;de
Hauenstein;4633;00;Hauenstein-Ifenthal;2491;SO;7.865634797672471;47.37617105416642;de
Wisen SO;4634;00;Wisen (SO);2502;SO;7.885126564356214;47.39367246931028;de
Wisen SO;4634;00;Läufelfingen;2852;BL;7.873828801588177;47.398626422327766;de
Wisen SO;4634;00;Trimbach;2500;SO;7.892330074909066;47.38252740248485;de
Wisen SO;4634;00;Lostorf;2493;SO;7.90951590368735;47.39265835064719;de
Winznau;4652;00;Winznau;2501;SO;7.931802447495383;47.364862657709516;de
Winznau;4652;00;Obergösgen;2497;SO;7.941629080583711;47.35963950440102;de
Obergösgen;4653;00;Obergösgen;2497;SO;7.952399275361906;47.36463804557112;de
Lostorf;4654;00;Lostorf;2493;SO;7.946242971624263;47.38407525849074;de
Stüsslingen;4655;00;Stüsslingen;2499;SO;7.970395442576041;47.391728916496504;de
Rohr b. Olten;4655;02;Stüsslingen;2499;SO;7.95414002442009;47.410537801070404;de
Starrkirch-Wil;4656;00;Starrkirch-Wil;2584;SO;7.9267686077510975;47.34858601966586;de
Starrkirch-Wil;4656;00;Oftringen;4280;AG;7.9268792239544545;47.331738806031936;de
Dulliken;4657;00;Dulliken;2573;SO;7.942259243395441;47.350669247416384;de
Dulliken;4657;00;Starrkirch-Wil;2584;SO;7.929557969296179;47.35400688262772;de
Däniken SO;4658;00;Däniken;2572;SO;7.982570606490221;47.3530499966114;de
Däniken SO;4658;00;Gretzenbach;2576;SO;7.989819923067119;47.352547008381414;de
Aarburg;4663;00;Aarburg;4271;AG;7.904271638321947;47.32143442454003;de
Aarburg;4663;00;Olten;2581;SO;7.889249714098425;47.313536073562474;de
Aarburg;4663;00;Boningen;2571;SO;7.880309179095798;47.31255194439023;de
Oftringen;4665;00;Oftringen;4280;AG;7.9306247630139;47.308912663273546;de
Oftringen;4665;00;Aarburg;4271;AG;7.911885046514633;47.31332636105264;de
Oensingen;4702;00;Oensingen;2407;SO;7.716633404254789;47.28976571480464;de
Kestenholz;4703;00;Kestenholz;2403;SO;7.755132472109764;47.281427698662;de
Niederbipp;4704;00;Niederbipp;981;BE;7.692638515985878;47.269978922915215;de
Wolfisberg;4704;02;Niederbipp;981;BE;7.6615234832165156;47.274486389523496;de
Balsthal;4710;00;Balsthal;2422;SO;7.693738675212036;47.31507503370318;de
Balsthal;4710;00;Oensingen;2407;SO;7.701646287193911;47.298633393048426;de
Laupersdorf;4712;00;Laupersdorf;2426;SO;7.654702719735376;47.31347251831566;de
Matzendorf;4713;00;Matzendorf;2427;SO;7.628885460504995;47.30568362932905;de
Aedermannsdorf;4714;00;Aedermannsdorf;2421;SO;7.60879932241626;47.30579581651263;de
Herbetswil;4715;00;Herbetswil;2424;SO;7.591952500745147;47.29651903468146;de
Herbetswil;4715;00;Günsberg;2547;SO;7.573404717694405;47.27079977625385;de
Welschenrohr;4716;00;Welschenrohr-Gänsbrunnen;2430;SO;7.525873821027289;47.28073916142919;de
Welschenrohr;4716;00;Herbetswil;2424;SO;7.551703043008624;47.30715169975626;de
Gänsbrunnen;4716;01;Welschenrohr-Gänsbrunnen;2430;SO;7.475399303465163;47.264467827592995;de
Gänsbrunnen;4716;01;Crémines;691;BE;7.463984004371877;47.266548550449734;de
Mümliswil;4717;00;Mümliswil-Ramiswil;2428;SO;7.703255149865992;47.34325120582533;de
Mümliswil;4717;00;Aedermannsdorf;2421;SO;7.585628272718654;47.32385234861378;de
Mümliswil;4717;00;Matzendorf;2427;SO;7.615554067022545;47.32909028162249;de
Mümliswil;4717;00;Laupersdorf;2426;SO;7.6297358571994724;47.332791451810785;de
Mümliswil;4717;00;Balsthal;2422;SO;7.722478368005647;47.33499376255509;de
Holderbank SO;4718;00;Holderbank (SO);2425;SO;7.753044250918231;47.333196798578676;de
Holderbank SO;4718;00;Oberbuchsiten;2406;SO;7.7540737056277695;47.326043406297906;de
Ramiswil;4719;00;Mümliswil-Ramiswil;2428;SO;7.657931552077846;47.34944408815412;de
Ramiswil;4719;00;Beinwil (SO);2612;SO;7.590264053469064;47.34000930393188;de
Ramiswil;4719;00;Lauwil;2889;BL;7.684132339305968;47.371796427390834;de
Ramiswil;4719;00;Aedermannsdorf;2421;SO;7.575952320366904;47.32596687601512;de
Zofingen;4800;00;Zofingen;4289;AG;7.946266071046063;47.286295385921875;de
Zofingen;4800;00;Oftringen;4280;AG;7.957495784296359;47.29883327835219;de
Strengelbach;4802;00;Strengelbach;4285;AG;7.928808608583078;47.28104598580439;de
Strengelbach;4802;00;Rothrist;4282;AG;7.921474116659543;47.29728526136909;de
Vordemwald;4803;00;Vordemwald;4287;AG;7.901329668756891;47.274989052379595;de
Vordemwald;4803;00;Brittnau;4274;AG;7.9034671671643055;47.26242387624091;de
Brittnau;4805;00;Brittnau;4274;AG;7.944835840780161;47.262294794902125;de
Wikon;4806;00;Wikon;1147;LU;7.964341718574331;47.26533774226734;de
Mühlethal;4812;00;Zofingen;4289;AG;7.9764997573703775;47.30224995273115;de
Mühlethal;4812;00;Uerkheim;4286;AG;7.984923666254881;47.30363155986613;de
Uerkheim;4813;00;Uerkheim;4286;AG;8.021511947324708;47.30357856420004;de
Uerkheim;4813;00;Kölliken;4276;AG;8.01405675345638;47.31365402041107;de
Uerkheim;4813;00;Bottenwil;4273;AG;8.001799486620099;47.29638171279897;de
Bottenwil;4814;00;Bottenwil;4273;AG;8.005970137289156;47.285729540496455;de
Bottenwil;4814;00;Zofingen;4289;AG;7.988565788534816;47.2800619905915;de
Rothrist;4852;00;Rothrist;4282;AG;7.8854823900078195;47.3033126050314;de
Rothrist;4852;00;Vordemwald;4287;AG;7.905002521019403;47.294546635585085;de
Murgenthal;4853;00;Murgenthal;4279;AG;7.838258964160978;47.269189187070495;de
Riken AG;4853;02;Murgenthal;4279;AG;7.851033273344621;47.273785504576075;de
Glashütten;4856;00;Murgenthal;4279;AG;7.8399690616231394;47.259343095480894;de
Langenthal;4900;00;Langenthal;329;BE;7.784611177087664;47.212479966567884;de
Schwarzhäusern;4911;00;Schwarzhäusern;341;BE;7.766770610336162;47.25234262466178;de
Aarwangen;4912;00;Aarwangen;321;BE;7.774510765586815;47.237425184173105;de
Aarwangen;4912;00;Bannwil;323;BE;7.755242576759367;47.24642034302643;de
Bannwil;4913;00;Bannwil;323;BE;7.735010055270592;47.239889935970616;de
Roggwil BE;4914;00;Roggwil (BE);337;BE;7.820599413943548;47.240744828339864;de
Roggwil BE;4914;00;Murgenthal;4279;AG;7.8310170526938006;47.24212204815351;de
St. Urban;4915;00;Pfaffnau;1139;LU;7.8433709611254905;47.22874918809112;de
St. Urban;4915;00;Murgenthal;4279;AG;7.857690218736532;47.23450867065365;de
Untersteckholz;4916;00;Langenthal;329;BE;7.84396217689191;47.205875753749226;de
Melchnau;4917;00;Melchnau;333;BE;7.851179829980516;47.181417837695484;de
Busswil b. Melchnau;4917;02;Busswil bei Melchnau;325;BE;7.829663554644121;47.18521670257279;de
Reisiswil;4919;00;Reisiswil;336;BE;7.842773500916294;47.16360178767335;de
Reisiswil;4919;00;Madiswil;332;BE;7.832591049720811;47.159886180181765;de
Bützberg;4922;00;Thunstetten;342;BE;7.745647716571699;47.21555846717282;de
Bützberg;4922;00;Aarwangen;321;BE;7.7386814663387025;47.22334821990695;de
Thunstetten;4922;02;Thunstetten;342;BE;7.756766954936337;47.20285475523294;de
Wynau;4923;00;Wynau;345;BE;7.816875596808752;47.25766710872481;de
Obersteckholz;4924;00;Langenthal;329;BE;7.822846284983705;47.20048584121379;de
Lotzwil;4932;00;Lotzwil;331;BE;7.7914242998983045;47.190682968052606;de
Gutenburg;4932;02;Madiswil;332;BE;7.7956468970234445;47.18080265621414;de
Rütschelen;4933;00;Rütschelen;340;BE;7.775200396859786;47.17484660971407;de
Madiswil;4934;00;Madiswil;332;BE;7.801565653301552;47.16451249099923;de
Leimiswil;4935;00;Madiswil;332;BE;7.76705528793349;47.15231100322948;de
Kleindietwil;4936;00;Madiswil;332;BE;7.790935282804452;47.14439693030894;de
Kleindietwil;4936;00;Ursenbach;344;BE;7.780711487081345;47.14782997195156;de
Ursenbach;4937;00;Ursenbach;344;BE;7.771633754051876;47.13581021972099;de
Rohrbach;4938;00;Rohrbach;338;BE;7.816492969647045;47.136121564884945;de
Rohrbach;4938;00;Auswil;322;BE;7.811827386789387;47.14191151955173;de
Rohrbachgraben;4938;02;Rohrbachgraben;339;BE;7.802021193332384;47.11691893592388;de
Rohrbachgraben;4938;02;Huttwil;954;BE;7.810811794446701;47.10102945543354;de
Rohrbachgraben;4938;02;Walterswil (BE);959;BE;7.790816899892386;47.11231234268679;de
Walterswil BE;4942;00;Walterswil (BE);959;BE;7.776401797153735;47.11009778752325;de
Walterswil BE;4942;00;Dürrenroth;952;BE;7.773714306895629;47.09114420540914;de
Walterswil BE;4942;00;Ursenbach;344;BE;7.7744126742256805;47.12361328783268;de
Oeschenbach;4943;00;Oeschenbach;335;BE;7.7483134888878995;47.110329648162974;de
Oeschenbach;4943;00;Ursenbach;344;BE;7.754434083828546;47.12052229720491;de
Oeschenbach;4943;00;Seeberg;988;BE;7.728159655814026;47.11358426008365;de
Oeschenbach;4943;00;Walterswil (BE);959;BE;7.74854990308968;47.09878846903319;de
Auswil;4944;00;Auswil;322;BE;7.8333226215379375;47.13566035089801;de
Huttwil;4950;00;Huttwil;954;BE;7.848287050016252;47.113660344604995;de
Huttwil;4950;00;Eriswil;953;BE;7.852755567573693;47.09091550829918;de
Eriswil;4952;00;Eriswil;953;BE;7.853098219113718;47.0780857297106;de
Eriswil;4952;00;Huttwil;954;BE;7.8734804864392185;47.08934427896446;de
Eriswil;4952;00;Sumiswald;957;BE;7.86794891831563;47.04488426204194;de
Eriswil;4952;00;Luthern;1135;LU;7.876640652528454;47.052146534027365;de
Eriswil;4952;00;Ufhusen;1145;LU;7.880721481092551;47.085826592634604;de
Schwarzenbach (Huttwil);4953;00;Huttwil;954;BE;7.829468154214655;47.104164088001255;de
Schwarzenbach (Huttwil);4953;00;Wyssachen;960;BE;7.8168889897395895;47.09134323869644;de
Wyssachen;4954;00;Wyssachen;960;BE;7.8242013087964395;47.07703483956652;de
Wyssachen;4954;00;Sumiswald;957;BE;7.799449932855465;47.05982660875582;de
Gondiswil;4955;00;Gondiswil;326;BE;7.8714202359125;47.14253055225449;de
Gondiswil;4955;00;Ufhusen;1145;LU;7.885140185092362;47.12781635444717;de
Aarau;5000;00;Aarau;4001;AG;8.048174962419795;47.38974409289045;de
Aarau;5000;00;Suhr;4012;AG;8.059437837532437;47.38333404840583;de
Aarau;5004;00;Aarau;4001;AG;8.060698546432551;47.400587704180744;de
Schönenwerd;5012;00;Schönenwerd;2583;SO;8.00596314836119;47.37347202620014;de
Wöschnau;5012;03;Eppenberg-Wöschnau;2574;SO;8.026901375480373;47.3847094372229;de
Eppenberg;5012;04;Eppenberg-Wöschnau;2574;SO;8.024039467520842;47.376143216249574;de
Niedergösgen;5013;00;Niedergösgen;2495;SO;7.990951838388411;47.37253733448488;de
Gretzenbach;5014;00;Gretzenbach;2576;SO;7.998159937026815;47.357895584036726;de
Erlinsbach SO;5015;00;Erlinsbach (SO);2503;SO;8.00525694638686;47.397985400071455;de
Barmelweid;5017;00;Erlinsbach (AG);4005;AG;7.971568399626947;47.42162982155115;de
Barmelweid;5017;00;Erlinsbach (SO);2503;SO;7.966251038275016;47.418641084473215;de
Erlinsbach;5018;00;Erlinsbach (AG);4005;AG;8.012286578318363;47.40373416379429;de
Rombach;5022;00;Küttigen;4008;AG;8.047765445523979;47.404910921696185;de
Biberstein;5023;00;Biberstein;4002;AG;8.083073792740956;47.41485633259767;de
Küttigen;5024;00;Küttigen;4008;AG;8.049250655949535;47.414284284380855;de
Asp;5025;00;Densbüren;4004;AG;8.050402809509167;47.44308719584548;de
Densbüren;5026;00;Densbüren;4004;AG;8.055946619501206;47.4546964190695;de
Densbüren;5026;00;Wölflinswil;4182;AG;8.027081701276234;47.46226700582391;de
Herznach;5027;00;Herznach-Ueken;4186;AG;8.051411221429603;47.47312280613887;de
Ueken;5028;00;Herznach-Ueken;4186;AG;8.049572923516182;47.484015539131256;de
Aarau Rohr;5032;00;Aarau;4001;AG;8.080720433454236;47.400999951924376;de
Buchs AG;5033;00;Buchs (AG);4003;AG;8.074717571880685;47.38975402701627;de
Suhr;5034;00;Suhr;4012;AG;8.074136836717457;47.37658922884656;de
Unterentfelden;5035;00;Unterentfelden;4013;AG;8.043427938757596;47.369414438981266;de
Oberentfelden;5036;00;Oberentfelden;4010;AG;8.043691958995083;47.356505867134906;de
Muhen;5037;00;Muhen;4009;AG;8.055991267800595;47.33613997011646;de
Schöftland;5040;00;Schöftland;4144;AG;8.051278012745481;47.30591597251689;de
Hirschthal;5042;00;Hirschthal;4007;AG;8.056291803881427;47.3198040579511;de
Holziken;5043;00;Holziken;4136;AG;8.038558307140137;47.32137267498189;de
Schlossrued;5044;00;Schlossrued;4142;AG;8.088654070355588;47.29113104414132;de
Schmiedrued;5046;01;Schmiedrued;4143;AG;8.10424321343159;47.27116361559061;de
Schmiedrued;5046;01;Gontenschwil;4135;AG;8.121357134314708;47.26599048477111;de
Walde AG;5046;02;Schmiedrued;4143;AG;8.111739948330554;47.25886010269553;de
Walde AG;5046;02;Gontenschwil;4135;AG;8.131173492001427;47.247501385401264;de
Staffelbach;5053;00;Staffelbach;4284;AG;8.043758670974674;47.28301905410126;de
Wittwil;5053;02;Staffelbach;4284;AG;8.037701891720541;47.29102000428467;de
Kirchleerau;5054;01;Kirchleerau;4275;AG;8.064733087928209;47.275999156039575;de
Moosleerau;5054;02;Moosleerau;4277;AG;8.063726833547754;47.26793626761168;de
Attelwil;5056;00;Reitnau;4281;AG;8.042692928266986;47.260069927958455;de
Reitnau;5057;00;Reitnau;4281;AG;8.041981222732517;47.252032275449785;de
Wiliberg;5058;00;Wiliberg;4288;AG;8.015961447286148;47.26840106741915;de
Oberhof;5062;00;Oberhof;4173;AG;8.007231594730797;47.44900070009094;de
Wölflinswil;5063;00;Wölflinswil;4182;AG;7.998025868252174;47.46127773734212;de
Wölflinswil;5063;00;Gipf-Oberfrick;4165;AG;7.999945453268235;47.47982351208217;de
Wittnau;5064;00;Wittnau;4181;AG;7.9762336225320745;47.480790422146505;de
Frick;5070;00;Frick;4163;AG;8.020832466097534;47.506927758862034;de
Oeschgen;5072;00;Oeschgen;4175;AG;8.017146975156946;47.51956493348593;de
Gipf-Oberfrick;5073;00;Gipf-Oberfrick;4165;AG;8.002776076873774;47.49779808395416;de
Eiken;5074;00;Eiken;4161;AG;7.987707430198861;47.53458423181972;de
Hornussen;5075;00;Böztal;4185;AG;8.061943039805183;47.50022914059713;de
Bözen;5076;00;Böztal;4185;AG;8.084159909845727;47.49577228442541;de
Elfingen;5077;00;Böztal;4185;AG;8.09909616738758;47.50695783775323;de
Effingen;5078;00;Böztal;4185;AG;8.10371540470915;47.488897998518375;de
Effingen;5078;00;Mönthal;4106;AG;8.120626130486041;47.514163388570616;de
Zeihen;5079;00;Zeihen;4183;AG;8.085753142181268;47.47509462254537;de
Laufenburg;5080;00;Laufenburg;4170;AG;8.06045577666805;47.55922033108432;de
Laufenburg;5080;00;Kaisten;4169;AG;8.056027189296433;47.55201281274581;de
Kaisten;5082;00;Kaisten;4169;AG;8.04617090804034;47.54050754584702;de
Ittenthal;5083;00;Kaisten;4169;AG;8.058289075646211;47.51925336656086;de
Rheinsulz;5084;00;Laufenburg;4170;AG;8.089479122986384;47.55523865072055;de
Sulz AG;5085;00;Laufenburg;4170;AG;8.09644308141098;47.53500767857692;de
Rupperswil;5102;00;Rupperswil;4206;AG;8.128204031929137;47.40132018416396;de
Wildegg;5103;00;Möriken-Wildegg;4203;AG;8.164685470669538;47.41472360775965;de
Wildegg;5103;00;Niederlenz;4204;AG;8.165803505713628;47.41175753110178;de
Wildegg;5103;00;Rupperswil;4206;AG;8.153156712004987;47.41173727009218;de
Möriken AG;5103;02;Möriken-Wildegg;4203;AG;8.183233977267879;47.41545116149605;de
Auenstein;5105;00;Auenstein;4091;AG;8.13727201285253;47.41697917504793;de
Veltheim AG;5106;00;Veltheim (AG);4120;AG;8.148446394432012;47.43612334850748;de
Schinznach Dorf;5107;00;Schinznach;4125;AG;8.142147785400956;47.447027088691556;de
Schinznach Dorf;5107;00;Brugg;4095;AG;8.157664187934937;47.463958132782466;de
Oberflachs;5108;00;Schinznach;4125;AG;8.129191533216039;47.441753449778204;de
Thalheim AG;5112;00;Thalheim (AG);4117;AG;8.102495564944066;47.437916161156664;de
Holderbank AG;5113;00;Holderbank (AG);4199;AG;8.169017385651983;47.428170116987175;de
Schinznach Bad;5116;00;Brugg;4095;AG;8.169237598559697;47.45002527768837;de
Brugg AG;5200;00;Brugg;4095;AG;8.208210422564504;47.48501282496045;de
Brugg AG;5200;00;Rüfenach;4112;AG;8.231755470866975;47.50501932484004;de
Windisch;5210;00;Windisch;4123;AG;8.2176352807993;47.47713367674229;de
Windisch;5210;00;Brugg;4095;AG;8.20771087710251;47.477991531809636;de
Windisch;5210;00;Hausen (AG);4100;AG;8.208501322898869;47.472103939842945;de
Hausen AG;5212;00;Hausen (AG);4100;AG;8.212368975165296;47.46166260467978;de
Hausen AG;5212;00;Lupfig;4104;AG;8.213714910399549;47.452991934025356;de
Villnachern;5213;00;Brugg;4095;AG;8.161223786799603;47.47116744453381;de
Umiken;5222;00;Brugg;4095;AG;8.190066414146306;47.48273049030126;de
Riniken;5223;00;Riniken;4111;AG;8.18726346474807;47.4909784688045;de
Bözberg;5225;01;Bözberg;4124;AG;8.158519026236833;47.48892111789553;de
Bözberg;5225;01;Brugg;4095;AG;8.167745223487643;47.47854690476306;de
Stilli;5233;00;Villigen;4121;AG;8.231338091127986;47.51798299138741;de
Villigen;5234;00;Villigen;4121;AG;8.216727092178937;47.524809742703646;de
Rüfenach AG;5235;00;Rüfenach;4112;AG;8.213628104583869;47.508065169866164;de
Remigen;5236;00;Remigen;4110;AG;8.189948937988072;47.51575835023415;de
Remigen;5236;00;Bözberg;4124;AG;8.177479859732681;47.50219423057936;de
Mönthal;5237;00;Mönthal;4106;AG;8.143564975687244;47.51802853658149;de
Mönthal;5237;00;Bözberg;4124;AG;8.151031043585098;47.50745963660452;de
Birr;5242;01;Birr;4092;AG;8.202631278205486;47.43467190717371;de
Lupfig;5242;02;Lupfig;4104;AG;8.200358212302575;47.44072220760475;de
Mülligen;5243;00;Mülligen;4107;AG;8.23915547249272;47.456947220537465;de
Birrhard;5244;00;Birrhard;4093;AG;8.24458633793132;47.434621081739195;de
Habsburg;5245;00;Habsburg;4099;AG;8.186851422465995;47.46262187447429;de
Scherz;5246;00;Lupfig;4104;AG;8.18486164903077;47.44746110625483;de
Gansingen;5272;00;Gansingen;4164;AG;8.13532638887051;47.54182292691877;de
Oberhofen AG;5273;00;Mettauertal;4184;AG;8.131675038155898;47.55415772469412;de
Mettau;5274;00;Mettauertal;4184;AG;8.127533475149585;47.564687454599955;de
Etzgen;5275;00;Mettauertal;4184;AG;8.111044632088102;47.57116096342575;de
Wil AG;5276;00;Mettauertal;4184;AG;8.152279544072803;47.56094021230383;de
Hottwil;5277;00;Mettauertal;4184;AG;8.161962813886817;47.54800066677722;de
Turgi;5300;00;Baden;4021;AG;8.2543803584993;47.49072303078622;de
Siggenthal Station;5301;00;Untersiggenthal;4044;AG;8.241958450887042;47.51790085062777;de
Würenlingen;5303;00;Würenlingen;4047;AG;8.25428171181683;47.53102738424321;de
Endingen;5304;00;Endingen;4305;AG;8.290783554843635;47.53729460164113;de
Unterendingen;5305;00;Endingen;4305;AG;8.291001251369222;47.54672801222182;de
Tegerfelden;5306;00;Tegerfelden;4320;AG;8.28682134544855;47.56116745639788;de
Döttingen;5312;00;Döttingen;4304;AG;8.259682202042136;47.56942158036327;de
Klingnau;5313;00;Klingnau;4309;AG;8.251967790513548;47.58203174951957;de
Kleindöttingen;5314;00;Böttstein;4303;AG;8.245099092944875;47.57002757538709;de
Böttstein;5315;00;Böttstein;4303;AG;8.221978845403811;47.555003921343406;de
Leuggern;5316;00;Leuggern;4313;AG;8.219056097275338;47.58396669898794;de
Hettenschwil;5317;00;Leuggern;4313;AG;8.198573054056602;47.57482979816635;de
Mandach;5318;00;Mandach;4105;AG;8.185638708886545;47.54727491993426;de
Koblenz;5322;00;Koblenz;4310;AG;8.241772296253224;47.60841939745217;de
Koblenz;5322;00;Klingnau;4309;AG;8.229278854477496;47.59647117726082;de
Rietheim;5323;00;Zurzach;4324;AG;8.278620028899688;47.600495615193054;de
Full-Reuenthal;5324;00;Full-Reuenthal;4307;AG;8.204186266423886;47.61386290443138;de
Leibstadt;5325;00;Leibstadt;4311;AG;8.173927259562534;47.590863088857894;de
Schwaderloch;5326;00;Schwaderloch;4176;AG;8.14393170795336;47.58572484312079;de
Bad Zurzach;5330;00;Zurzach;4324;AG;8.293735983246895;47.58706490962797;de
Rekingen AG;5332;00;Zurzach;4324;AG;8.319914827111972;47.57117409620767;de
Baldingen;5333;00;Zurzach;4324;AG;8.316449890056486;47.555325516018996;de
Böbikon;5334;00;Zurzach;4324;AG;8.332533960361054;47.55418626066678;de
Baden;5400;00;Baden;4021;AG;8.300172112524443;47.474093382875466;de
Baden;5404;00;Baden;4021;AG;8.27849017714927;47.45611977945451;de
Dättwil AG;5405;02;Baden;4021;AG;8.28423489108094;47.454602838431775;de
Dättwil AG;5405;02;Fislisbach;4027;AG;8.295513242934543;47.445930050335804;de
Rütihof;5406;02;Baden;4021;AG;8.267870823440354;47.4375956227575;de
Rütihof;5406;02;Birmenstorf (AG);4024;AG;8.260491382584982;47.437900131870016;de
Ennetbaden;5408;00;Ennetbaden;4026;AG;8.319560991188133;47.48092720841088;de
Gebenstorf;5412;00;Gebenstorf;4029;AG;8.241086743210646;47.480373403711546;de
Vogelsang AG;5412;01;Gebenstorf;4029;AG;8.240416067325944;47.493977585104815;de
Birmenstorf AG;5413;00;Birmenstorf (AG);4024;AG;8.251244263999867;47.46090149955692;de
Nussbaumen AG;5415;00;Obersiggenthal;4038;AG;8.29286969830981;47.488592638949555;de
Hertenstein AG;5415;01;Obersiggenthal;4038;AG;8.3116022329422;47.48670799523766;de
Rieden AG;5415;02;Obersiggenthal;4038;AG;8.303240416584835;47.484126359456546;de
Kirchdorf AG;5416;00;Obersiggenthal;4038;AG;8.275975350466995;47.49605549323832;de
Kirchdorf AG;5416;00;Untersiggenthal;4044;AG;8.271039194814442;47.50119989819928;de
Untersiggenthal;5417;00;Untersiggenthal;4044;AG;8.258029980392587;47.49935886984854;de
Ehrendingen;5420;00;Ehrendingen;4049;AG;8.343837879863582;47.49788349255221;de
Freienwil;5423;00;Freienwil;4028;AG;8.326941739255837;47.502610502196774;de
Schneisingen;5425;00;Schneisingen;4318;AG;8.363263431703388;47.51897500463238;de
Lengnau AG;5426;00;Lengnau (AG);4312;AG;8.328246193226791;47.52266706497096;de
Wettingen;5430;00;Wettingen;4045;AG;8.32584838421649;47.46571438707608;de
Wettingen;5430;00;Würenlos;4048;AG;8.342757412278473;47.44837682309069;de
Neuenhof;5432;00;Neuenhof;4034;AG;8.326839699506271;47.448814929775004;de
Würenlos;5436;00;Würenlos;4048;AG;8.36261908230907;47.44141093065632;de
Fislisbach;5442;00;Fislisbach;4027;AG;8.29007718886948;47.437650181202486;de
Niederrohrdorf;5443;00;Niederrohrdorf;4035;AG;8.304260631105528;47.42450268017933;de
Künten;5444;00;Künten;4031;AG;8.330275611472485;47.3887397942762;de
Eggenwil;5445;00;Eggenwil;4066;AG;8.340979991730817;47.36932679973622;de
Oberrohrdorf;5452;00;Oberrohrdorf;4037;AG;8.315310432269923;47.42104643841245;de
Remetschwil;5453;00;Remetschwil;4039;AG;8.324806948737356;47.409541768991055;de
Bellikon;5454;00;Bellikon;4022;AG;8.346073683289124;47.39010996484782;de
Siglistorf;5462;00;Siglistorf;4319;AG;8.37968173482354;47.54489069352691;de
Siglistorf;5462;00;Oberweningen;93;ZH;8.401251944141082;47.52639184203116;de
Wislikofen;5463;00;Zurzach;4324;AG;8.36643589209851;47.55620445546975;de
Rümikon AG;5464;00;Zurzach;4324;AG;8.37521179381172;47.56562291659699;de
Mellikon;5465;00;Mellikon;4314;AG;8.350960548839433;47.56725535152361;de
Kaiserstuhl AG;5466;00;Zurzach;4324;AG;8.418345617890061;47.56834255088435;de
Fisibach;5467;00;Fisibach;4306;AG;8.408495408079068;47.56311868240732;de
Hunzenschwil;5502;00;Hunzenschwil;4200;AG;8.124609742842603;47.3855561279094;de
Schafisheim;5503;00;Schafisheim;4207;AG;8.143129126618316;47.377880286194895;de
Othmarsingen;5504;00;Othmarsingen;4205;AG;8.214915562433292;47.40164299851014;de
Brunegg;5505;00;Brunegg;4193;AG;8.21717684401712;47.41859161139515;de
Mägenwil;5506;00;Mägenwil;4032;AG;8.235817166643884;47.412024484395324;de
Mägenwil;5506;00;Wohlenschwil;4046;AG;8.24081536911417;47.41836709972772;de
Mellingen;5507;00;Mellingen;4033;AG;8.273616660530159;47.417658199147446;de
Wohlenschwil;5512;00;Wohlenschwil;4046;AG;8.257909932883244;47.41401078660163;de
Tägerig;5522;00;Tägerig;4077;AG;8.27896340703022;47.40376767328964;de
Tägerig;5522;00;Hägglingen;4068;AG;8.274707309355518;47.390891130151026;de
Niederwil AG;5524;00;Niederwil (AG);4072;AG;8.295655624354614;47.37734448642505;de
Nesselnbach;5524;02;Niederwil (AG);4072;AG;8.291507130869302;47.388699590928994;de
Fischbach-Göslikon;5525;00;Fischbach-Göslikon;4067;AG;8.307937809066043;47.37045265783433;de
Lenzburg;5600;00;Lenzburg;4201;AG;8.176372493522233;47.387890767785024;de
Ammerswil AG;5600;03;Ammerswil;4191;AG;8.205175348931796;47.370118756941224;de
Staufen;5603;00;Staufen;4210;AG;8.166949613011951;47.38259872605069;de
Hendschiken;5604;00;Hendschiken;4198;AG;8.218841485561432;47.38656852491423;de
Hendschiken;5604;00;Othmarsingen;4205;AG;8.225365556870939;47.39338723199286;de
Hendschiken;5604;00;Dottikon;4065;AG;8.227381660271995;47.39357137535964;de
Dottikon;5605;00;Dottikon;4065;AG;8.240498966924243;47.378855750884156;de
Dottikon;5605;00;Villmergen;4080;AG;8.235754713975588;47.37242137084666;de
Dintikon;5606;00;Dintikon;4194;AG;8.227359187393835;47.36430277516738;de
Hägglingen;5607;00;Hägglingen;4068;AG;8.252579659471836;47.38863849474154;de
Stetten AG;5608;00;Stetten (AG);4041;AG;8.307511162313817;47.40114604814205;de
Wohlen AG;5610;00;Wohlen (AG);4082;AG;8.277730511036209;47.3498710013489;de
Wohlen AG;5610;00;Villmergen;4080;AG;8.259657093790105;47.349389250982654;de
Anglikon;5611;00;Wohlen (AG);4082;AG;8.263788307560313;47.36491182115081;de
Anglikon;5611;00;Villmergen;4080;AG;8.25379264030201;47.36229334662072;de
Villmergen;5612;00;Villmergen;4080;AG;8.247278092524162;47.348235305112006;de
Villmergen;5612;00;Wohlen (AG);4082;AG;8.259527046420637;47.35297910575192;de
Hilfikon;5613;00;Villmergen;4080;AG;8.247023068539681;47.33315276731505;de
Sarmenstorf;5614;00;Sarmenstorf;4076;AG;8.249769515131657;47.31102409522809;de
Fahrwangen;5615;00;Fahrwangen;4196;AG;8.242209790554906;47.29467924326539;de
Fahrwangen;5615;00;Meisterschwanden;4202;AG;8.235014309208706;47.296249277338404;de
Meisterschwanden;5616;00;Meisterschwanden;4202;AG;8.228690056427121;47.29506944609929;de
Tennwil;5617;00;Meisterschwanden;4202;AG;8.222053615497353;47.305935564199814;de
Bettwil;5618;00;Bettwil;4227;AG;8.266878947549154;47.28943161818456;de
Bettwil;5618;00;Sarmenstorf;4076;AG;8.262232117899853;47.30015090277331;de
Büttikon AG;5619;00;Büttikon;4064;AG;8.27024850991732;47.32838243529697;de
Uezwil;5619;02;Uezwil;4078;AG;8.274888719602835;47.31718623693112;de
Bremgarten AG;5620;00;Bremgarten (AG);4063;AG;8.342483516791251;47.35023687626527;de
Zufikon;5621;00;Zufikon;4083;AG;8.355975923753775;47.34978867655242;de
Waltenschwil;5622;00;Waltenschwil;4240;AG;8.300876193941592;47.33496688804356;de
Boswil;5623;00;Boswil;4228;AG;8.31406730298951;47.30024598480565;de
Bünzen;5624;00;Bünzen;4229;AG;8.325505576625256;47.310619828906496;de
Waldhäusern AG;5624;02;Bünzen;4229;AG;8.314669712221628;47.32728931426287;de
Kallern;5625;00;Kallern;4233;AG;8.29261816315806;47.31089487529104;de
Hermetschwil-Staffeln;5626;00;Bremgarten (AG);4063;AG;8.34055253430962;47.33075093770998;de
Besenbüren;5627;00;Besenbüren;4226;AG;8.344055211964184;47.312616589756686;de
Aristau;5628;00;Aristau;4222;AG;8.361846087537323;47.2890164752883;de
Muri AG;5630;00;Muri (AG);4236;AG;8.340446714337531;47.27204111439136;de
Muri AG;5630;00;Aristau;4222;AG;8.339308448296878;47.29545522697915;de
Muri AG;5630;00;Boswil;4228;AG;8.31808617933943;47.2825311713989;de
Buttwil;5632;00;Buttwil;4230;AG;8.311208106071089;47.26769656793126;de
Buttwil;5632;00;Boswil;4228;AG;8.303849557922138;47.27761960936731;de
Buttwil;5632;00;Bettwil;4227;AG;8.292912746506481;47.280543573052014;de
Merenschwand;5634;00;Merenschwand;4234;AG;8.376048956062174;47.25989253195653;de
Benzenschwil;5636;00;Merenschwand;4234;AG;8.366136067974475;47.24829695066517;de
Beinwil (Freiamt);5637;00;Beinwil (Freiamt);4224;AG;8.342285744313807;47.2291917010179;de
Beinwil (Freiamt);5637;00;Auw;4223;AG;8.346984041712085;47.21425862834083;de
Geltwil;5637;02;Geltwil;4232;AG;8.325770967716545;47.249397286494236;de
Mühlau;5642;00;Mühlau;4235;AG;8.388860980706346;47.22991440673801;de
Mühlau;5642;00;Auw;4223;AG;8.376985737333067;47.22746607552481;de
Mühlau;5642;00;Hünenberg;1703;ZG;8.396868993227994;47.22800404480649;de
Sins;5643;00;Sins;4239;AG;8.392162369778505;47.193635949636786;de
Alikon;5643;02;Sins;4239;AG;8.358906032232088;47.19819733863904;de
Meienberg;5643;03;Sins;4239;AG;8.375963000552895;47.19775390983726;de
Meienberg;5643;03;Auw;4223;AG;8.369884862425296;47.204162922919664;de
Auw;5644;00;Auw;4223;AG;8.365426299000342;47.21117924686905;de
Aettenschwil;5645;00;Sins;4239;AG;8.371641547210828;47.18380123876824;de
Fenkrieden;5645;02;Sins;4239;AG;8.370825478942136;47.160437827170945;de
Abtwil AG;5646;00;Abtwil;4221;AG;8.355498997968803;47.17498056621502;de
Oberrüti;5647;00;Oberrüti;4237;AG;8.39653357574684;47.16580385136909;de
Niederlenz;5702;00;Niederlenz;4204;AG;8.174483725418838;47.401700519501574;de
Seon;5703;00;Seon;4209;AG;8.160221793660025;47.348326284721416;de
Seon;5703;00;Egliswil;4195;AG;8.171688830280738;47.354532389304794;de
Egliswil;5704;00;Egliswil;4195;AG;8.186945046760071;47.34945148952457;de
Hallwil;5705;00;Hallwil;4197;AG;8.17561993372446;47.32770303776194;de
Boniswil;5706;00;Boniswil;4192;AG;8.18730067994749;47.3153769581317;de
Boniswil;5706;00;Leutwil;4138;AG;8.178546928879092;47.31457889376204;de
Seengen;5707;00;Seengen;4208;AG;8.207526073408486;47.325624042914626;de
Birrwil;5708;00;Birrwil;4132;AG;8.197108113167056;47.28977650124025;de
Birrwil;5708;00;Boniswil;4192;AG;8.196760722383784;47.29976310940048;de
Beinwil am See;5712;00;Beinwil am See;4131;AG;8.20295347488272;47.265901343382424;de
Gränichen;5722;00;Gränichen;4006;AG;8.099232649263163;47.360806930208;de
Gränichen;5722;00;Unterkulm;4146;AG;8.103708675798835;47.33758405200441;de
Teufenthal AG;5723;00;Teufenthal (AG);4145;AG;8.119264955103864;47.328939458236526;de
Teufenthal AG;5723;00;Gränichen;4006;AG;8.11265110412321;47.33425814349425;de
Teufenthal AG;5723;00;Unterkulm;4146;AG;8.107329122281172;47.33401024541137;de
Dürrenäsch;5724;00;Dürrenäsch;4134;AG;8.157461316790087;47.32123334404573;de
Dürrenäsch;5724;00;Teufenthal (AG);4145;AG;8.144093539271458;47.33266717384406;de
Leutwil;5725;00;Leutwil;4138;AG;8.173288682221573;47.30923357797162;de
Unterkulm;5726;00;Unterkulm;4146;AG;8.112123723978929;47.31238604631149;de
Unterkulm;5726;00;Dürrenäsch;4134;AG;8.13069123412468;47.31841065678104;de
Oberkulm;5727;00;Oberkulm;4140;AG;8.12147948253873;47.30142041923862;de
Gontenschwil;5728;00;Gontenschwil;4135;AG;8.1448184941615;47.27046360145746;de
Zetzwil;5732;00;Zetzwil;4147;AG;8.151464122227335;47.28718018052061;de
Leimbach AG;5733;00;Leimbach (AG);4137;AG;8.169338776330054;47.27282944099615;de
Reinach AG;5734;00;Reinach (AG);4141;AG;8.182706760498716;47.25622925450939;de
Pfeffikon LU;5735;00;Rickenbach (LU);1097;LU;8.175943941212346;47.24772747652458;de
Burg AG;5736;00;Menziken;4139;AG;8.179811913963498;47.236117107830296;de
Menziken;5737;00;Menziken;4139;AG;8.189750629044445;47.24038836586578;de
Kölliken;5742;00;Kölliken;4276;AG;8.02248835108828;47.33483905025342;de
Safenwil;5745;00;Safenwil;4283;AG;7.982065258985992;47.321616336609594;de
Walterswil SO;5746;00;Walterswil (SO);2585;SO;7.9677580373001184;47.326144084990126;de
Walterswil SO;5746;00;Dulliken;2573;SO;7.948396455848038;47.3350278309899;de
Luzern;6003;00;Luzern;1061;LU;8.301124245756101;47.048259538200284;de
Luzern;6004;00;Luzern;1061;LU;8.304197323867092;47.056827160107964;de
Luzern;6004;00;Ebikon;1054;LU;8.297031709645152;47.06391543825613;de
Luzern;6005;00;Luzern;1061;LU;8.312830562581272;47.03976915015949;de
Luzern;6005;00;Kriens;1059;LU;8.29257010643278;47.04083917657768;de
Luzern;6005;00;Horw;1058;LU;8.31096939603758;47.03374727091394;de
St. Niklausen LU;6005;02;Horw;1058;LU;8.334444954139487;47.0292036005638;de
Luzern;6006;00;Luzern;1061;LU;8.327806649003689;47.05812206828249;de
Luzern;6006;00;Meggen;1063;LU;8.354374629123106;47.037574201307535;de
Luzern;6006;00;Ebikon;1054;LU;8.315302547126713;47.06784342348129;de
Kriens;6010;00;Kriens;1059;LU;8.281896347310045;47.03234531069825;de
Kriens;6010;00;Hergiswil (NW);1507;NW;8.251989548093833;46.99057884211467;de
Pilatus Kulm;6010;02;Alpnach;1401;OW;8.254757171002154;46.97910462945509;de
Obernau;6012;00;Kriens;1059;LU;8.252305378458827;47.032253008515255;de
Eigenthal;6013;00;Schwarzenberg;1066;LU;8.217963869915136;47.00580161015766;de
Eigenthal;6013;00;Hergiswil (NW);1507;NW;8.224987066434123;46.98521685506856;de
Eigenthal;6013;00;Kriens;1059;LU;8.22386671690832;47.01738358316834;de
Luzern;6014;00;Luzern;1061;LU;8.262933698374924;47.05265996858489;de
Luzern;6014;00;Malters;1062;LU;8.235743830977759;47.053697474193285;de
Luzern;6015;00;Luzern;1061;LU;8.278116430057203;47.064055235950875;de
Hellbühl;6016;00;Neuenkirch;1093;LU;8.199431199220943;47.07233934119111;de
Hellbühl;6016;00;Malters;1062;LU;8.193401778337687;47.060235332867585;de
Hellbühl;6016;00;Ruswil;1098;LU;8.18457446265683;47.070088961129414;de
Hellbühl;6016;00;Luzern;1061;LU;8.215634444109073;47.07292355416115;de
Ruswil;6017;00;Ruswil;1098;LU;8.123348371153227;47.08517742267823;de
Buttisholz;6018;00;Buttisholz;1083;LU;8.093251148764296;47.11390359272046;de
Buttisholz;6018;00;Ruswil;1098;LU;8.091815366025834;47.09664095770889;de
Buttisholz;6018;00;Oberkirch;1095;LU;8.096678070503998;47.13974514525272;de
Sigigen;6019;00;Ruswil;1098;LU;8.13570755383354;47.06133751618594;de
Sigigen;6019;00;Malters;1062;LU;8.15156140598147;47.04683864860943;de
Emmenbrücke;6020;00;Emmen;1024;LU;8.271237816059083;47.0780392817997;de
Emmenbrücke;6020;00;Luzern;1061;LU;8.289654077373234;47.06522970586104;de
Emmenbrücke;6020;00;Ebikon;1054;LU;8.296872982610111;47.066336417014526;de
Grosswangen;6022;00;Grosswangen;1086;LU;8.049074909762812;47.132820424311774;de
Grosswangen;6022;00;Buttisholz;1083;LU;8.083698136533137;47.13251458977021;de
Grosswangen;6022;00;Ettiswil;1128;LU;8.031770411522984;47.14353870963658;de
Rothenburg;6023;00;Rothenburg;1040;LU;8.269144447623784;47.0984650696292;de
Rothenburg;6023;00;Neuenkirch;1093;LU;8.23434368411378;47.11281596368643;de
Rothenburg;6023;00;Emmen;1024;LU;8.247766718369412;47.08551124383052;de
Hildisrieden;6024;00;Hildisrieden;1088;LU;8.226000885956555;47.150338797982904;de
Hildisrieden;6024;00;Neuenkirch;1093;LU;8.228939386883946;47.13412715591973;de
Hildisrieden;6024;00;Sempach;1102;LU;8.206298061661176;47.15746122326408;de
Neudorf;6025;00;Beromünster;1081;LU;8.208594795572404;47.17778402353777;de
Rain;6026;00;Rain;1037;LU;8.252818689728192;47.12852743212386;de
Rain;6026;00;Römerswil;1039;LU;8.258415075639117;47.14540787789066;de
Rain;6026;00;Eschenbach (LU);1026;LU;8.28322201973504;47.12744462219397;de
Rain;6026;00;Rothenburg;1040;LU;8.281854388761394;47.11926886377915;de
Römerswil LU;6027;00;Römerswil;1039;LU;8.247098305277241;47.16956828270026;de
Herlisberg;6028;00;Römerswil;1039;LU;8.234574699077593;47.19401455863673;de
Herlisberg;6028;00;Beromünster;1081;LU;8.221231085551077;47.20690808463635;de
Ebikon;6030;00;Ebikon;1054;LU;8.342023704258006;47.080050243084;de
Ebikon;6030;00;Buchrain;1052;LU;8.34557428162373;47.08909876726265;de
Ebikon;6030;00;Adligenswil;1051;LU;8.355642876246831;47.0781503005917;de
Emmen;6032;00;Emmen;1024;LU;8.29933772336693;47.08456083956513;de
Emmen;6032;00;Ebikon;1054;LU;8.31388954178268;47.078873707721066;de
Buchrain;6033;00;Buchrain;1052;LU;8.350566648602909;47.096876369606484;de
Inwil;6034;00;Inwil;1033;LU;8.351946598574163;47.123743949280396;de
Inwil;6034;00;Eschenbach (LU);1026;LU;8.336009576562674;47.11647516591532;de
Inwil;6034;00;Ballwil;1023;LU;8.348549668037283;47.13945893887438;de
Inwil;6034;00;Dietwil;4231;AG;8.379723047332048;47.13991874152554;de
Inwil;6034;00;Sins;4239;AG;8.374667611519518;47.14484452898089;de
Perlen;6035;00;Buchrain;1052;LU;8.357833897308026;47.10738820980095;de
Perlen;6035;00;Root;1065;LU;8.369216936630432;47.111911321675805;de
Dierikon;6036;00;Dierikon;1053;LU;8.367954250651328;47.09456915825036;de
Root;6037;00;Root;1065;LU;8.388888470785421;47.11259597616885;de
Root;6037;00;Dierikon;1053;LU;8.369431028757162;47.10223939940872;de
Gisikon;6038;00;Gisikon;1055;LU;8.400383555524215;47.12461737793369;de
Gisikon;6038;00;Inwil;1033;LU;8.395844732863091;47.13361417921915;de
Gisikon;6038;00;Root;1065;LU;8.400999222310613;47.12147278460119;de
Honau;6038;02;Root;1065;LU;8.406484714602229;47.13112392729769;de
Root D4;6039;00;Root;1065;LU;8.374170098939125;47.103541258330765;de
Dietwil;6042;00;Dietwil;4231;AG;8.391539618301948;47.14830418509373;de
Adligenswil;6043;00;Adligenswil;1051;LU;8.364862224949151;47.07037805437525;de
Udligenswil;6044;00;Udligenswil;1067;LU;8.399626807408117;47.08978387829378;de
Udligenswil;6044;00;Root;1065;LU;8.395029499326377;47.101561470259064;de
Meggen;6045;00;Meggen;1063;LU;8.371862700105556;47.048210156932434;de
Kastanienbaum;6047;00;Horw;1058;LU;8.336190518862132;47.010074217366736;de
Horw;6048;00;Horw;1058;LU;8.312265808420392;47.018822702738426;de
Horw;6048;00;Kriens;1059;LU;8.304076359403265;47.02159242825688;de
Hergiswil NW;6052;00;Hergiswil (NW);1507;NW;8.308107575236102;46.98948352893955;de
Hergiswil NW;6052;00;Horw;1058;LU;8.31207809048458;46.99839504737862;de
Alpnachstad;6053;00;Alpnach;1401;OW;8.287855558609696;46.965805243543244;de
Alpnach Dorf;6055;00;Alpnach;1401;OW;8.26264258994994;46.936879757885805;de
Kägiswil;6056;00;Sarnen;1407;OW;8.258359945714993;46.91957576207437;de
Sarnen;6060;00;Sarnen;1407;OW;8.2459101759351;46.895735570048366;de
Ramersberg;6060;02;Sarnen;1407;OW;8.230811559660433;46.89972716399018;de
Wilen (Sarnen);6062;00;Sarnen;1407;OW;8.210760052459245;46.87428033022586;de
Stalden (Sarnen);6063;00;Sarnen;1407;OW;8.196166064557302;46.88498376593819;de
Kerns;6064;00;Kerns;1404;OW;8.281052778484746;46.90317380106232;de
Kerns;6064;00;Alpnach;1401;OW;8.28039098570304;46.92630672860562;de
St. Niklausen OW;6066;00;Kerns;1404;OW;8.28441947635908;46.877717899847056;de
Melchtal;6067;00;Kerns;1404;OW;8.292770283500316;46.83187603648963;de
Melchtal;6067;00;Sachseln;1406;OW;8.289046837741884;46.840126004783066;de
Melchsee-Frutt;6068;00;Kerns;1404;OW;8.27294538421424;46.775636180590176;de
Sachseln;6072;00;Sachseln;1406;OW;8.235013018195795;46.865262341587325;de
Flüeli-Ranft;6073;00;Sachseln;1406;OW;8.261214595255769;46.87273242691918;de
Giswil;6074;00;Giswil;1403;OW;8.167948319871536;46.842716330829674;de
Giswil;6074;00;Sachseln;1406;OW;8.191611457214158;46.849219883311285;de
Lungern;6078;00;Lungern;1405;OW;8.156758035530391;46.785133422893765;de
Bürglen OW;6078;02;Lungern;1405;OW;8.167759196398148;46.81324751143003;de
Hasliberg Hohfluh;6083;00;Hasliberg;783;BE;8.176021986372344;46.74965720651568;de
Hasliberg Wasserwendi;6084;00;Hasliberg;783;BE;8.202780753882047;46.74927439425273;de
Hasliberg Goldern;6085;00;Hasliberg;783;BE;8.199302857811993;46.7393032082409;de
Hasliberg Reuti;6086;00;Hasliberg;783;BE;8.216362706070983;46.73000347463573;de
Malters;6102;00;Malters;1062;LU;8.179621435783572;47.038448224311274;de
Schwarzenberg LU;6103;00;Schwarzenberg;1066;LU;8.177457514773488;47.01507401559944;de
Schachen LU;6105;00;Werthenstein;1009;LU;8.138814318111427;47.03512412588579;de
Schachen LU;6105;00;Ruswil;1098;LU;8.131252144607142;47.04761058108841;de
Schachen LU;6105;00;Entlebuch;1002;LU;8.120020157065916;47.00669479822638;de
Werthenstein;6106;00;Ruswil;1098;LU;8.100568559279928;47.05771333667704;de
Werthenstein;6106;00;Werthenstein;1009;LU;8.10127778011368;47.04586241248865;de
Wolhusen;6110;00;Wolhusen;1107;LU;8.073689694446035;47.06211082137837;de
Wolhusen;6110;00;Werthenstein;1009;LU;8.073512378360329;47.05046290734984;de
Wolhusen;6110;00;Ruswil;1098;LU;8.092014077194785;47.06214301318794;de
Wolhusen;6110;00;Menznau;1136;LU;8.023105280988235;47.03103975895695;de
Wolhusen;6110;00;Entlebuch;1002;LU;8.067744310523054;47.028824936895326;de
Wolhusen;6110;00;Doppleschwand;1001;LU;8.05873413081654;47.028945906422244;de
Fontannen b. Wolhusen;6110;02;Romoos;1007;LU;7.99381890983848;47.02458252575307;de
Doppleschwand;6112;00;Doppleschwand;1001;LU;8.053986905768753;47.01763732990834;de
Romoos;6113;00;Romoos;1007;LU;8.016065811796674;47.00770557373079;de
Steinhuserberg;6114;00;Wolhusen;1107;LU;8.046352996073956;47.04622908686901;de
Menznau;6122;00;Menznau;1136;LU;8.039423523445079;47.08319098720761;de
Menznau;6122;00;Willisau;1151;LU;8.022505514224338;47.09361816964202;de
Menznau;6122;00;Wolhusen;1107;LU;8.040546051096884;47.055308895829896;de
Geiss;6123;00;Menznau;1136;LU;8.058741457382812;47.092227540762295;de
Menzberg;6125;00;Menznau;1136;LU;8.001370481237839;47.040989116831796;de
Menzberg;6125;00;Willisau;1151;LU;7.991783999254407;47.0530712933018;de
Menzberg;6125;00;Hergiswil bei Willisau;1132;LU;7.976496197654504;47.04314118387281;de
Daiwil;6126;00;Willisau;1151;LU;8.01325367513678;47.09149238353891;de
Willisau;6130;00;Willisau;1151;LU;7.991480927763193;47.11820668570648;de
Willisau;6130;00;Hergiswil bei Willisau;1132;LU;7.977050522668816;47.09054319728437;de
Willisau;6130;00;Menznau;1136;LU;8.03037720150971;47.10354901200348;de
Rohrmatt;6132;00;Willisau;1151;LU;7.982212312680632;47.09507414745131;de
Rohrmatt;6132;00;Hergiswil bei Willisau;1132;LU;7.978648175571119;47.07000875578351;de
Hergiswil b. Willisau;6133;00;Hergiswil bei Willisau;1132;LU;7.954197653562988;47.073907971203084;de
Hergiswil b. Willisau;6133;00;Willisau;1151;LU;7.9487987153308906;47.09738234410864;de
Gettnau;6142;00;Willisau;1151;LU;7.9697337012004414;47.140373989451234;de
Ohmstal;6143;00;Schötz;1143;LU;7.955976422618359;47.15871447980713;de
Ohmstal;6143;00;Willisau;1151;LU;7.970472348542287;47.14838514382593;de
Zell LU;6144;00;Zell (LU);1150;LU;7.928142084221607;47.137527042923544;de
Zell LU;6144;00;Altishofen;1123;LU;7.931071643869619;47.16225974163588;de
Zell LU;6144;00;Willisau;1151;LU;7.927416603136611;47.11723734801974;de
Fischbach LU;6145;00;Fischbach;1129;LU;7.908301813092439;47.15244240689782;de
Fischbach LU;6145;00;Grossdietwil;1131;LU;7.887096887358019;47.150480933851235;de
Grossdietwil;6146;00;Grossdietwil;1131;LU;7.887128079799344;47.17009389990827;de
Grossdietwil;6146;00;Melchnau;333;BE;7.876412215969167;47.166195346122684;de
Altbüron;6147;00;Altbüron;1122;LU;7.882107757791835;47.183461749306396;de
Altbüron;6147;00;Grossdietwil;1131;LU;7.9071336990145795;47.19378779029994;de
Altbüron;6147;00;Pfaffnau;1139;LU;7.860782313991357;47.20126167208741;de
Altbüron;6147;00;Melchnau;333;BE;7.875466440582339;47.17961032279134;de
Hüswil;6152;00;Zell (LU);1150;LU;7.907198907354767;47.12734189544244;de
Hüswil;6152;00;Fischbach;1129;LU;7.890117787860562;47.13043247471847;de
Ufhusen;6153;00;Ufhusen;1145;LU;7.894896066302909;47.11266647184686;de
Ufhusen;6153;00;Zell (LU);1150;LU;7.916482141307328;47.110132209275;de
Ufhusen;6153;00;Luthern;1135;LU;7.901753045662593;47.09346162062482;de
Ufhusen;6153;00;Fischbach;1129;LU;7.888896962613909;47.12788267720002;de
Hofstatt;6154;00;Luthern;1135;LU;7.90683068417853;47.083663405214935;de
Hofstatt;6154;00;Willisau;1151;LU;7.926128700844442;47.10022415285057;de
Luthern;6156;00;Luthern;1135;LU;7.91471410213426;47.05938017998339;de
Luthern;6156;00;Willisau;1151;LU;7.925829789660345;47.084717876109764;de
Luthern;6156;00;Hergiswil bei Willisau;1132;LU;7.925771646838146;47.0783135998946;de
Luthern Bad;6156;02;Luthern;1135;LU;7.925256807289688;47.0317028317741;de
Entlebuch;6162;00;Entlebuch;1002;LU;8.067120563846796;46.99352156334008;de
Entlebuch;6162;00;Hasle (LU);1005;LU;8.059154960517272;46.993645869016056;de
Rengg;6162;02;Entlebuch;1002;LU;8.099632679882625;47.00097600336993;de
Finsterwald b. Entlebuch;6162;03;Entlebuch;1002;LU;8.113718361376998;46.968807242360676;de
Finsterwald b. Entlebuch;6162;03;Hasle (LU);1005;LU;8.120231340234348;46.94044187522362;de
Ebnet;6163;00;Entlebuch;1002;LU;8.078036411740534;47.02146387022719;de
Hasle LU;6166;00;Hasle (LU);1005;LU;8.051177618677647;46.9754460714734;de
Hasle LU;6166;00;Entlebuch;1002;LU;8.016039045846115;46.97829992068762;de
Hasle LU;6166;00;Romoos;1007;LU;8.02815020551846;46.99085884027297;de
Bramboden;6167;00;Romoos;1007;LU;7.982592847995544;46.98119792948291;de
Schüpfheim;6170;00;Schüpfheim;1008;LU;8.01625039385768;46.95149258129881;de
Schüpfheim;6170;00;Romoos;1007;LU;7.9809853018387535;46.97428811885555;de
Schüpfheim;6170;00;Flühli;1004;LU;8.040781538661456;46.91206521097819;de
Schüpfheim;6170;00;Escholzmatt-Marbach;1010;LU;7.99077467884707;46.92679971772469;de
Schüpfheim;6170;00;Hasle (LU);1005;LU;8.069271144140673;46.92473056314726;de
Schüpfheim;6170;00;Entlebuch;1002;LU;8.01583922568925;46.97315557140349;de
Flühli LU;6173;00;Flühli;1004;LU;8.016726506522154;46.88335852060597;de
Flühli LU;6173;00;Escholzmatt-Marbach;1010;LU;8.011196559336984;46.918531664087745;de
Sörenberg;6174;00;Flühli;1004;LU;8.03195986839182;46.82274043282615;de
Sörenberg;6174;00;Giswil;1403;OW;8.062403420611721;46.79331562232657;de
Escholzmatt;6182;00;Escholzmatt-Marbach;1010;LU;7.9419395157930595;46.91806508448223;de
Wiggen;6192;00;Escholzmatt-Marbach;1010;LU;7.9144626006548515;46.89140309114077;de
Wiggen;6192;00;Flühli;1004;LU;7.970252331686931;46.8710439321879;de
Marbach LU;6196;00;Escholzmatt-Marbach;1010;LU;7.898918952418274;46.85982062743209;de
Schangnau;6197;00;Schangnau;906;BE;7.875569829100241;46.82024205805905;de
Schangnau;6197;00;Eggiwil;901;BE;7.837403849887576;46.83006049135829;de
Schangnau;6197;00;Flühli;1004;LU;7.966432318268985;46.791756887357614;de
Schangnau;6197;00;Eriz;924;BE;7.837219566101266;46.79802823645821;de
Schangnau;6197;00;Escholzmatt-Marbach;1010;LU;7.919006623628434;46.824169944574855;de
Schangnau;6197;00;Habkern;579;BE;7.951840238738667;46.790231083782864;de
Sempach Station;6203;00;Neuenkirch;1093;LU;8.196524463272898;47.11634574743405;de
Sempach;6204;00;Sempach;1102;LU;8.194389222526604;47.13312698957791;de
Sempach;6204;00;Neuenkirch;1093;LU;8.221556651022118;47.13406070358713;de
Eich;6205;00;Eich;1084;LU;8.167946052073026;47.1562714246866;de
Neuenkirch;6206;00;Neuenkirch;1093;LU;8.203801065994051;47.099926081556966;de
Neuenkirch;6206;00;Emmen;1024;LU;8.230730870206058;47.08768987177561;de
Neuenkirch;6206;00;Ruswil;1098;LU;8.173617613490647;47.09101976309184;de
Neuenkirch;6206;00;Rothenburg;1040;LU;8.230877850279686;47.09941883068089;de
Nottwil;6207;00;Nottwil;1094;LU;8.135474232979295;47.13357091224302;de
Nottwil;6207;00;Neuenkirch;1093;LU;8.160540948482458;47.1127003079246;de
Nottwil;6207;00;Ruswil;1098;LU;8.13359169664498;47.11343302581539;de
Nottwil;6207;00;Oberkirch;1095;LU;8.11191040035624;47.141276153902;de
Oberkirch LU;6208;00;Oberkirch;1095;LU;8.112940391167797;47.159215417102125;de
Sursee;6210;00;Sursee;1103;LU;8.10907461142564;47.17171419999177;de
Sursee;6210;00;Mauensee;1091;LU;8.090670905265005;47.17150506600193;de
Sursee;6210;00;Oberkirch;1095;LU;8.096788975538706;47.16808810723973;de
Sursee;6210;00;Schenkon;1099;LU;8.123490295378405;47.17466069970049;de
Buchs LU;6211;01;Dagmersellen;1125;LU;8.036023238109484;47.20118816492935;de
St. Erhard;6212;00;Knutwil;1089;LU;8.073478651818968;47.184455049218855;de
Kaltbach;6212;02;Mauensee;1091;LU;8.05949562310838;47.18353282930276;de
Knutwil;6213;00;Knutwil;1089;LU;8.072671647516284;47.19875256004319;de
Knutwil;6213;00;Triengen;1104;LU;8.071623837937217;47.213932840278005;de
Schenkon;6214;00;Schenkon;1099;LU;8.134717997436256;47.178848049526906;de
Schenkon;6214;00;Eich;1084;LU;8.152785995534092;47.16752947582719;de
Beromünster;6215;00;Beromünster;1081;LU;8.194307515254604;47.20582655462525;de
Schwarzenbach LU;6215;02;Beromünster;1081;LU;8.21146282819405;47.23296784207009;de
Mauensee;6216;00;Mauensee;1091;LU;8.070470887704737;47.1666074396383;de
Mauensee;6216;00;Oberkirch;1095;LU;8.090932265362635;47.166889318820424;de
Kottwil;6217;00;Ettiswil;1128;LU;8.043109725104454;47.16255365386576;de
Ettiswil;6218;00;Ettiswil;1128;LU;8.019206933355942;47.149894717080436;de
Rickenbach LU;6221;00;Rickenbach (LU);1097;LU;8.15368734211132;47.22217797786465;de
Rickenbach LU;6221;00;Beromünster;1081;LU;8.15575889071366;47.20533538853526;de
Gunzwil;6222;00;Beromünster;1081;LU;8.178071598680093;47.20290957216343;de
Gunzwil;6222;00;Schenkon;1099;LU;8.155113955619022;47.17491800429338;de
Schlierbach;6231;00;Schlierbach;1100;LU;8.113337197764189;47.226298116784605;de
Geuensee;6232;00;Geuensee;1085;LU;8.109264246019064;47.1984374062954;de
Büron;6233;00;Büron;1082;LU;8.095294511753435;47.2118574677107;de
Triengen;6234;00;Triengen;1104;LU;8.07753586968857;47.235865845300324;de
Kulmerau;6234;01;Triengen;1104;LU;8.08712155635387;47.25418890481768;de
Winikon;6235;00;Triengen;1104;LU;8.047440621183432;47.236091663964906;de
Winikon;6235;00;Dagmersellen;1125;LU;8.029638865604923;47.230184710460506;de
Wilihof;6236;00;Triengen;1104;LU;8.063282883547716;47.220904457639996;de
Wauwil;6242;00;Wauwil;1146;LU;8.024004686322936;47.18594043093766;de
Wauwil;6242;00;Mauensee;1091;LU;8.040097867426432;47.185605663021796;de
Egolzwil;6243;00;Egolzwil;1127;LU;8.006924286753437;47.18527038452021;de
Nebikon;6244;00;Nebikon;1137;LU;7.978647356834689;47.19159492096002;de
Nebikon;6244;00;Egolzwil;1127;LU;7.97933826453155;47.18422482903737;de
Nebikon;6244;00;Altishofen;1123;LU;7.963210655548764;47.18507295750631;de
Ebersecken;6245;00;Altishofen;1123;LU;7.938428857353138;47.18185500609252;de
Ebersecken;6245;00;Grossdietwil;1131;LU;7.9245898752701365;47.18773390740664;de
Altishofen;6246;00;Altishofen;1123;LU;7.9653249038387415;47.201497015568606;de
Altishofen;6246;00;Dagmersellen;1125;LU;7.961430234361457;47.21488113365148;de
Schötz;6247;00;Schötz;1143;LU;7.986213640066228;47.171464481630494;de
Schötz;6247;00;Altishofen;1123;LU;7.960741508019047;47.1686414144111;de
Alberswil;6248;00;Alberswil;1121;LU;8.001452746167852;47.15050460085231;de
Alberswil;6248;00;Willisau;1151;LU;8.002723166319607;47.13716772007488;de
Alberswil;6248;00;Ettiswil;1128;LU;8.004161654962681;47.13732257183756;de
Dagmersellen;6252;00;Dagmersellen;1125;LU;7.9873432302662115;47.21476969050046;de
Dagmersellen;6252;00;Reiden;1140;LU;7.971952590531211;47.230870748724655;de
Uffikon;6253;00;Dagmersellen;1125;LU;8.020095779402505;47.21235139125953;de
Reiden;6260;00;Reiden;1140;LU;7.973632991018845;47.24440916634807;de
Reidermoos;6260;02;Reiden;1140;LU;7.991062094598397;47.25275513161889;de
Reidermoos;6260;02;Dagmersellen;1125;LU;8.009674253418117;47.23527747266018;de
Reidermoos;6260;02;Wikon;1147;LU;8.003208018555105;47.26076465182994;de
Hintermoos;6260;03;Wikon;1147;LU;8.005610544117701;47.26678836597623;de
Hintermoos;6260;03;Reiden;1140;LU;8.014900064455816;47.259429576209506;de
Mehlsecken;6260;04;Reiden;1140;LU;7.959331458425543;47.24611166894363;de
Langnau b. Reiden;6262;00;Reiden;1140;LU;7.960712578845699;47.22927613462937;de
Richenthal;6263;00;Reiden;1140;LU;7.940015019747663;47.213177293314295;de
Richenthal;6263;00;Altishofen;1123;LU;7.947129529451654;47.20198350222967;de
Pfaffnau;6264;00;Pfaffnau;1139;LU;7.898931890840822;47.229809120892845;de
Pfaffnau;6264;00;Brittnau;4274;AG;7.910269295131001;47.24415495928058;de
Roggliswil;6265;00;Roggliswil;1142;LU;7.885416483797839;47.21317692852243;de
Roggliswil;6265;00;Pfaffnau;1139;LU;7.905608750515901;47.2065576757068;de
Eschenbach LU;6274;00;Eschenbach (LU);1026;LU;8.319961504514799;47.131027964259424;de
Eschenbach LU;6274;00;Ballwil;1023;LU;8.337238275159962;47.13709211649156;de
Eschenbach LU;6274;00;Hochdorf;1031;LU;8.308831601373333;47.14288767416408;de
Ballwil;6275;00;Ballwil;1023;LU;8.323332136759154;47.15234815064498;de
Ballwil;6275;00;Hohenrain;1032;LU;8.32906372266931;47.1639709224778;de
Ballwil;6275;00;Hochdorf;1031;LU;8.30820551581859;47.15061042950995;de
Ballwil;6275;00;Sins;4239;AG;8.362522262336203;47.147767285064404;de
Hohenrain;6276;00;Hohenrain;1032;LU;8.317878978728286;47.180014620913035;de
Kleinwangen;6277;00;Hohenrain;1032;LU;8.29644964949957;47.19460469921935;de
Kleinwangen;6277;00;Auw;4223;AG;8.329174956574375;47.20474579057001;de
Lieli LU;6277;02;Hohenrain;1032;LU;8.298766903895338;47.20822418265839;de
Hochdorf;6280;00;Hochdorf;1031;LU;8.292664739979195;47.16665754554432;de
Hochdorf;6280;00;Römerswil;1039;LU;8.273275393443603;47.162410095712985;de
Hochdorf;6280;00;Hohenrain;1032;LU;8.30340268403319;47.1683764232513;de
Urswil;6280;02;Hochdorf;1031;LU;8.290556666621702;47.151884874334925;de
Urswil;6280;02;Römerswil;1039;LU;8.274016323736646;47.150728821669304;de
Baldegg;6283;00;Hochdorf;1031;LU;8.280646252170353;47.18494352421375;de
Baldegg;6283;00;Römerswil;1039;LU;8.266227373984698;47.177429109683025;de
Baldegg;6283;00;Hohenrain;1032;LU;8.27827411572006;47.195215411668606;de
Gelfingen;6284;00;Hitzkirch;1030;LU;8.267813999403973;47.21427104671718;de
Sulz LU;6284;02;Hitzkirch;1030;LU;8.284345396332483;47.22114011672945;de
Hitzkirch;6285;00;Hitzkirch;1030;LU;8.261896044911241;47.224325087863996;de
Retschwil;6285;02;Hitzkirch;1030;LU;8.245155394411197;47.1973231274415;de
Altwis;6286;00;Hitzkirch;1030;LU;8.251903551981894;47.23841042528242;de
Aesch LU;6287;00;Aesch (LU);1021;LU;8.240420186886341;47.25738050251616;de
Aesch LU;6287;00;Schongau;1041;LU;8.245520382403743;47.26965010912872;de
Schongau;6288;00;Schongau;1041;LU;8.268909570460943;47.26868352317887;de
Schongau;6288;00;Hitzkirch;1030;LU;8.293005660292122;47.248340515233714;de
Müswangen;6289;00;Hitzkirch;1030;LU;8.289430354436575;47.237842659011584;de
Hämikon;6289;02;Hitzkirch;1030;LU;8.276479682914182;47.23737084778302;de
Ermensee;6294;00;Ermensee;1025;LU;8.242099484253098;47.22671361281229;de
Mosen;6295;00;Hitzkirch;1030;LU;8.22649987805223;47.244298749716954;de
Zug;6300;00;Zug;1711;ZG;8.517282984325531;47.17079829583606;de
Zug;6300;00;Baar;1701;ZG;8.500512489345391;47.186534595448656;de
Zugerberg;6300;05;Zug;1711;ZG;8.534407538126421;47.149001935994264;de
Steinhausen;6312;00;Steinhausen;1708;ZG;8.486199224947667;47.196147021000115;de
Steinhausen;6312;00;Baar;1701;ZG;8.500836616820973;47.192225782120914;de
Menzingen;6313;00;Menzingen;1704;ZG;8.594989351431007;47.17608873898682;de
Menzingen;6313;00;Neuheim;1705;ZG;8.60744761808915;47.19741766391522;de
Edlibach;6313;02;Menzingen;1704;ZG;8.570714771187077;47.179838423835456;de
Finstersee;6313;03;Menzingen;1704;ZG;8.627553173263605;47.16616738272059;de
Unterägeri;6314;00;Unterägeri;1709;ZG;8.580519237173647;47.136022272538305;de
Unterägeri;6314;00;Oberägeri;1706;ZG;8.605094421561478;47.11917826588893;de
Neuägeri;6314;01;Unterägeri;1709;ZG;8.562226187202684;47.14891945053689;de
Neuägeri;6314;01;Menzingen;1704;ZG;8.563588526004153;47.153406999056166;de
Neuägeri;6314;01;Zug;1711;ZG;8.551037183100854;47.15290836241046;de
Neuägeri;6314;01;Baar;1701;ZG;8.561981720744766;47.1535036638343;de
Oberägeri;6315;00;Oberägeri;1706;ZG;8.613240486313115;47.13727593787871;de
Oberägeri;6315;00;Unterägeri;1709;ZG;8.593041609374163;47.14757377518466;de
Alosen;6315;02;Oberägeri;1706;ZG;8.635494709932571;47.14025797769368;de
Alosen;6315;02;Menzingen;1704;ZG;8.653456473427514;47.15500279175455;de
Morgarten;6315;03;Oberägeri;1706;ZG;8.649722765355198;47.10968432617566;de
Morgarten;6315;03;Sattel;1371;SZ;8.64732879006849;47.098563987223116;de
Oberwil b. Zug;6317;00;Zug;1711;ZG;8.508471716926568;47.14443342548581;de
Walchwil;6318;00;Walchwil;1710;ZG;8.516216868673363;47.10213527216371;de
Walchwil;6318;00;Arth;1362;SZ;8.523504816124408;47.08989542123544;de
Walchwil;6318;00;Zug;1711;ZG;8.570102290339294;47.08691718123566;de
Allenwinden;6319;00;Baar;1701;ZG;8.553495909224475;47.165856343490354;de
Cham;6330;00;Cham;1702;ZG;8.458936241913555;47.18523747383674;de
Cham;6330;00;Steinhausen;1708;ZG;8.476442769426276;47.20685004512702;de
Cham;6330;00;Zug;1711;ZG;8.47996182525128;47.184203601167944;de
Hünenberg;6331;00;Hünenberg;1703;ZG;8.424288404298508;47.177443472744905;de
Hünenberg;6331;00;Cham;1702;ZG;8.416668579927341;47.22315788361924;de
Hagendorn;6332;00;Cham;1702;ZG;8.433853064524827;47.20368181407132;de
Hagendorn;6332;00;Hünenberg;1703;ZG;8.424611492005123;47.20285278162655;de
Hünenberg See;6333;00;Hünenberg;1703;ZG;8.447423269644567;47.1736628128721;de
Baar;6340;00;Baar;1701;ZG;8.526688201228627;47.19479095719438;de
Baar;6340;00;Neuheim;1705;ZG;8.559841112823763;47.18918340269169;de
Baar;6340;00;Zug;1711;ZG;8.512804183621299;47.18425261108025;de
Sihlbrugg;6340;04;Hausen am Albis;4;ZH;8.573667980488526;47.218913359156446;de
Sihlbrugg;6340;04;Neuheim;1705;ZG;8.580815794938871;47.216665755459026;de
Sihlbrugg;6340;04;Horgen;295;ZH;8.58187643872432;47.225515895715674;de
Rotkreuz;6343;00;Risch;1707;ZG;8.430033539056911;47.14075545159586;de
Buonas;6343;02;Risch;1707;ZG;8.454563239302601;47.14117107894569;de
Risch;6343;03;Risch;1707;ZG;8.461864760464776;47.12862945359721;de
Holzhäusern ZG;6343;04;Risch;1707;ZG;8.439604543249072;47.1534282286584;de
Meierskappel;6344;00;Meierskappel;1064;LU;8.4414663517594;47.121882564025974;de
Neuheim;6345;00;Neuheim;1705;ZG;8.576658140005671;47.20307855816079;de
Neuheim;6345;00;Baar;1701;ZG;8.56243816470302;47.20413578754055;de
Weggis;6353;00;Weggis;1069;LU;8.433910753382408;47.03300800298863;de
Weggis;6353;00;Greppen;1056;LU;8.437624282661998;47.05155195594256;de
Vitznau;6354;00;Vitznau;1068;LU;8.482960108307473;47.01267337278149;de
Vitznau;6354;00;Weggis;1069;LU;8.475592271886926;47.029562422694205;de
Rigi Kaltbad;6356;00;Weggis;1069;LU;8.467331207187513;47.04472272122241;de
Rigi Kaltbad;6356;00;Arth;1362;SZ;8.47984843296257;47.040750672663975;de
Rigi Kaltbad;6356;00;Vitznau;1068;LU;8.476499396055239;47.0417705400378;de
Stansstad;6362;00;Stansstad;1510;NW;8.339901993948606;46.975771519976114;de
Stansstad;6362;00;Ennetmoos;1506;NW;8.329053527021982;46.96513337546616;de
Obbürgen;6363;00;Stansstad;1510;NW;8.363513199498527;46.983769638030026;de
Obbürgen;6363;00;Ennetbürgen;1505;NW;8.390375038383986;46.99377804618354;de
Fürigen;6363;01;Stansstad;1510;NW;8.351792009227072;46.98169559648078;de
Bürgenstock;6363;02;Ennetbürgen;1505;NW;8.383622747810577;46.997081342110285;de
Bürgenstock;6363;02;Stansstad;1510;NW;8.375967389665115;46.99615462200311;de
Kehrsiten;6365;00;Stansstad;1510;NW;8.370522929369743;47.000633876790715;de
Kehrsiten;6365;00;Luzern;1061;LU;8.420327602637359;47.001100056255936;de
Stans;6370;00;Stans;1509;NW;8.36411887323915;46.960942499760996;de
Stans;6370;00;Ennetmoos;1506;NW;8.342664340168797;46.96185135564832;de
Stans;6370;00;Oberdorf (NW);1508;NW;8.37490661212056;46.957940257157965;de
Oberdorf NW;6370;41;Oberdorf (NW);1508;NW;8.384395366685181;46.95659394760897;de
Ennetmoos;6372;00;Ennetmoos;1506;NW;8.319798787263316;46.946466771223776;de
Ennetmoos;6372;00;Stans;1509;NW;8.348632484750494;46.95650222068304;de
Ennetbürgen;6373;00;Ennetbürgen;1505;NW;8.411889330457818;46.98606802124136;de
Ennetbürgen;6373;00;Stans;1509;NW;8.387111442223697;46.976488215533095;de
Buochs;6374;00;Buochs;1502;NW;8.421179230026404;46.973628532150364;de
Buochs;6374;00;Ennetbürgen;1505;NW;8.414970147610047;46.97909706277385;de
Buochs;6374;00;Oberdorf (NW);1508;NW;8.405158955786126;46.956132870859626;de
Beckenried;6375;00;Beckenried;1501;NW;8.469511975209448;46.96577350035097;de
Emmetten;6376;00;Emmetten;1504;NW;8.513551999888934;46.95485264566441;de
Emmetten;6376;00;Beckenried;1501;NW;8.48360817297068;46.954086059891125;de
Seelisberg;6377;00;Seelisberg;1215;UR;8.580681306248175;46.971178966217586;de
Seelisberg;6377;00;Emmetten;1504;NW;8.565920480393237;46.97860288996273;de
Büren NW;6382;00;Oberdorf (NW);1508;NW;8.397939339490035;46.93956919421006;de
Dallenwil;6383;00;Dallenwil;1503;NW;8.389453312720425;46.92835911931349;de
Dallenwil;6383;00;Wolfenschiessen;1511;NW;8.395347172125724;46.930088510295796;de
Niederrickenbach;6383;02;Oberdorf (NW);1508;NW;8.427543276177714;46.927388930401484;de
Niederrickenbach;6383;02;Wolfenschiessen;1511;NW;8.443243163596659;46.91516175319746;de
Wiesenberg;6383;03;Dallenwil;1503;NW;8.35514183748998;46.91841049929554;de
Wirzweli;6383;04;Dallenwil;1503;NW;8.364270255001827;46.912525772569005;de
Wolfenschiessen;6386;00;Wolfenschiessen;1511;NW;8.396640587372056;46.90723085626697;de
Oberrickenbach;6387;00;Wolfenschiessen;1511;NW;8.421932480157095;46.88626278556636;de
Grafenort;6388;00;Wolfenschiessen;1511;NW;8.380560507824356;46.87573463322637;de
Grafenort;6388;00;Engelberg;1402;OW;8.373184878836875;46.85667873740046;de
Engelberg;6390;00;Engelberg;1402;OW;8.40858656287895;46.82066986454718;de
Engelberg;6390;00;Wolfenschiessen;1511;NW;8.373782263716679;46.80802359720345;de
Engelberg;6390;00;Attinghausen;1203;UR;8.492060133946852;46.80218168367167;de
Merlischachen;6402;00;Küssnacht (SZ);1331;SZ;8.410081520337691;47.067080933096356;de
Küssnacht am Rigi;6403;00;Küssnacht (SZ);1331;SZ;8.438260526136641;47.08215878639578;de
Greppen;6404;00;Greppen;1056;LU;8.430579758170474;47.0549504414749;de
Immensee;6405;00;Küssnacht (SZ);1331;SZ;8.461495162542404;47.095474791887725;de
Goldau;6410;00;Arth;1362;SZ;8.54962558351217;47.04931733178549;de
Rigi Klösterli;6410;02;Arth;1362;SZ;8.486475248071548;47.0445135946242;de
Rigi Staffel;6410;03;Arth;1362;SZ;8.473977396427966;47.052237427159326;de
Rigi Kulm;6410;04;Arth;1362;SZ;8.486029847004163;47.054727896961865;de
Rigi Scheidegg;6410;05;Gersau;1311;SZ;8.520020895189825;47.02624670882148;de
Oberarth;6414;00;Arth;1362;SZ;8.53931344938837;47.056046628709986;de
Arth;6415;00;Arth;1362;SZ;8.52561209603058;47.06456128468722;de
Steinerberg;6416;00;Steinerberg;1374;SZ;8.585608170590056;47.05603428842455;de
Steinerberg;6416;00;Arth;1362;SZ;8.567425637170938;47.06646982887207;de
Sattel;6417;00;Sattel;1371;SZ;8.636232481600135;47.077170797960726;de
Sattel;6417;00;Schwyz;1372;SZ;8.658303283398192;47.061555290339186;de
Sattel;6417;00;Oberägeri;1706;ZG;8.622939195431666;47.09715371624461;de
Rothenthurm;6418;00;Rothenthurm;1370;SZ;8.675412908889239;47.10301501742431;de
Rothenthurm;6418;00;Oberägeri;1706;ZG;8.659997807656277;47.11975947644367;de
Rothenthurm;6418;00;Sattel;1371;SZ;8.654282277903746;47.09439745237903;de
Steinen;6422;00;Steinen;1373;SZ;8.6107284744424;47.04962732220543;de
Steinen;6422;00;Sattel;1371;SZ;8.611937652884082;47.06761228347736;de
Seewen SZ;6423;00;Schwyz;1372;SZ;8.633898605404069;47.029201239303106;de
Seewen SZ;6423;00;Ingenbohl;1364;SZ;8.609975520862463;47.0169614086944;de
Lauerz;6424;00;Lauerz;1365;SZ;8.583640654329244;47.0317018333094;de
Schwyz;6430;00;Schwyz;1372;SZ;8.653980709285431;47.02418637060239;de
Rickenbach b. Schwyz;6432;00;Schwyz;1372;SZ;8.674383776320774;47.0127052263765;de
Stoos SZ;6433;00;Morschach;1366;SZ;8.665333468589575;46.977555256585354;de
Stoos SZ;6433;00;Muotathal;1367;SZ;8.689984850486168;46.979501896800315;de
Illgau;6434;00;Illgau;1363;SZ;8.729352717761753;46.991498338516216;de
Muotathal;6436;00;Muotathal;1367;SZ;8.766236953636621;46.97413696335774;de
Muotathal;6436;00;Bürglen (UR);1205;UR;8.75322789376368;46.91305708383024;de
Bisisthal;6436;02;Muotathal;1367;SZ;8.839715060550866;46.936529200928575;de
Bisisthal;6436;02;Bürglen (UR);1205;UR;8.807962076545106;46.928537412401;de
Bisisthal;6436;02;Unterschächen;1219;UR;8.839137805563213;46.903797435869095;de
Ried (Muotathal);6436;03;Muotathal;1367;SZ;8.709332615146142;46.98666603578612;de
Ibach;6438;00;Schwyz;1372;SZ;8.6452627514095;47.011503886765006;de
Brunnen;6440;00;Ingenbohl;1364;SZ;8.607194447869647;46.99978927472693;de
Brunnen;6440;00;Morschach;1366;SZ;8.610921647704284;46.97537176144699;de
Rütli;6441;02;Seelisberg;1215;UR;8.592737867514368;46.969573854062524;de
Gersau;6442;00;Gersau;1311;SZ;8.52454930686161;46.995833673632504;de
Morschach;6443;00;Morschach;1366;SZ;8.620005431340642;46.982016623386095;de
Sisikon;6452;00;Sisikon;1217;UR;8.622953510980064;46.948205571688106;de
Sisikon;6452;00;Morschach;1366;SZ;8.625140263702404;46.9538325619084;de
Riemenstalden;6452;02;Riemenstalden;1369;SZ;8.667548550897303;46.947987823008035;de
Riemenstalden;6452;02;Sisikon;1217;UR;8.674763516935064;46.937258584822416;de
Flüelen;6454;00;Flüelen;1207;UR;8.647299624779198;46.91888908722739;de
Altdorf UR;6460;00;Altdorf (UR);1201;UR;8.63953802906283;46.87910341884319;de
Altdorf UR;6460;00;Bürglen (UR);1205;UR;8.647944687664909;46.87136798078748;de
Altdorf UR;6460;00;Flüelen;1207;UR;8.651072521238994;46.91179140201717;de
Isenthal;6461;00;Isenthal;1211;UR;8.545110800963322;46.905118716134105;de
Seedorf UR;6462;00;Seedorf (UR);1214;UR;8.612109219630923;46.8829505211027;de
Bürglen UR;6463;00;Bürglen (UR);1205;UR;8.673379475183557;46.8775917045955;de
Spiringen;6464;00;Spiringen;1218;UR;8.731527018129318;46.87705738289962;de
Spiringen;6464;00;Bürglen (UR);1205;UR;8.697962980513845;46.871296153803456;de
Unterschächen;6465;00;Unterschächen;1219;UR;8.777559590849165;46.865255199302666;de
Bauen;6466;00;Seedorf (UR);1214;UR;8.576807064973616;46.931206211162795;de
Schattdorf;6467;00;Schattdorf;1213;UR;8.650878237195949;46.86299729993001;de
Attinghausen;6468;00;Attinghausen;1203;UR;8.626873120515478;46.862286562206606;de
Haldi b. Schattdorf;6469;00;Schattdorf;1213;UR;8.680535223642753;46.855661945538714;de
Haldi b. Schattdorf;6469;00;Bürglen (UR);1205;UR;8.685285479146557;46.860636679491634;de
Erstfeld;6472;00;Erstfeld;1206;UR;8.646703523691912;46.82309747118358;de
Erstfeld;6472;00;Silenen;1216;UR;8.675887085020236;46.813770835227004;de
Silenen;6473;00;Silenen;1216;UR;8.67099334137118;46.79232210403963;de
Silenen;6473;00;Gurtnellen;1209;UR;8.663934698493977;46.79297380740461;de
Amsteg;6474;00;Silenen;1216;UR;8.670360929796132;46.772104767022306;de
Amsteg;6474;00;Gurtnellen;1209;UR;8.655262361463569;46.77727767093955;de
Bristen;6475;00;Silenen;1216;UR;8.709682173313428;46.769307756266485;de
Intschi;6476;00;Gurtnellen;1209;UR;8.644961226601074;46.76286662476123;de
Intschi;6476;00;Silenen;1216;UR;8.658067118854602;46.75885890148026;de
Gurtnellen;6482;00;Gurtnellen;1209;UR;8.626414775633792;46.737520095686804;de
Wassen UR;6484;00;Wassen;1220;UR;8.599906562292567;46.70362438189339;de
Meien;6485;00;Wassen;1220;UR;8.54709053352512;46.728602030286645;de
Göschenen;6487;00;Göschenen;1208;UR;8.582102779643487;46.666936787674224;de
Andermatt;6490;00;Andermatt;1202;UR;8.596327408850298;46.635521334469196;de
Realp;6491;00;Realp;1212;UR;8.497298126934473;46.59401284201395;de
Hospental;6493;00;Hospental;1210;UR;8.566334453043003;46.61961056475262;de
Bellinzona;6500;00;Bellinzona;5002;TI;9.025382217613846;46.19389381052881;it
Bellinzona;6503;00;Bellinzona;5002;TI;9.019481301500862;46.20797656764341;it
Giubiasco;6512;00;Bellinzona;5002;TI;9.012025031301127;46.17372852584262;it
Monte Carasso;6513;00;Bellinzona;5002;TI;8.998302437235893;46.18931343677262;it
Sementina;6514;00;Bellinzona;5002;TI;8.990675768073872;46.182625493419344;it
Gudo;6515;00;Bellinzona;5002;TI;8.94416454256013;46.17526559353714;it
Gudo;6515;00;Sant'Antonino;5017;TI;8.951559388134518;46.16405512754739;it
Cugnasco;6516;00;Cugnasco-Gerra;5138;TI;8.917688221771714;46.17608336612489;it
Cugnasco;6516;00;Locarno;5113;TI;8.911370864193788;46.17236013213622;it
Arbedo;6517;00;Arbedo-Castione;5001;TI;9.046407144618286;46.21442569570805;it
Gorduno;6518;00;Bellinzona;5002;TI;9.027845686563236;46.21926799863873;it
Preonzo;6523;00;Bellinzona;5002;TI;8.999840715265668;46.26333179314981;it
Moleno;6524;00;Bellinzona;5002;TI;8.990837476420849;46.26832330966884;it
Gnosca;6525;00;Bellinzona;5002;TI;9.02146234100764;46.23333063500224;it
Prosito;6526;00;Riviera;5287;TI;8.980931971388834;46.281819913240795;it
Lodrino;6527;00;Riviera;5287;TI;8.980317179052342;46.300416869226474;it
Camorino;6528;00;Bellinzona;5002;TI;9.004253599428877;46.16288673898961;it
Camorino;6528;00;Sant'Antonino;5017;TI;8.991404284170558;46.15682905509183;it
Castione;6532;00;Arbedo-Castione;5001;TI;9.04565682564632;46.22633107355876;it
Castione;6532;00;Bellinzona;5002;TI;9.037041911774246;46.23625151339062;it
Lumino;6533;00;Lumino;5010;TI;9.065962267463378;46.2312321005073;it
Lumino;6533;00;San Vittore;3835;GR;9.07380692163281;46.23514079660242;it
S. Vittore;6534;00;San Vittore;3835;GR;9.104703396412726;46.238891506089715;it
Roveredo GR;6535;00;Roveredo (GR);3834;GR;9.126857872513765;46.23534161374262;it
Grono;6537;00;Grono;3832;GR;9.14821154885319;46.24807640822427;it
Grono;6537;00;Castaneda;3805;GR;9.144847635605093;46.25123145361327;it
Verdabbio;6538;00;Grono;3832;GR;9.157818607658996;46.268085785338116;it
Castaneda;6540;00;Castaneda;3805;GR;9.139939444354962;46.25769381878546;it
Sta. Maria in Calanca;6541;00;Santa Maria in Calanca;3810;GR;9.142351727115631;46.26430684057131;it
Sta. Maria in Calanca;6541;00;Castaneda;3805;GR;9.123103360775524;46.26652969151271;it
Buseno;6542;00;Buseno;3804;GR;9.1041770307886;46.26957228515086;it
Arvigo;6543;00;Calanca;3837;GR;9.11152177623632;46.30082981896169;it
Braggio;6544;00;Calanca;3837;GR;9.124203438541814;46.302450182647846;it
Selma;6545;00;Calanca;3837;GR;9.116646061933306;46.31964013106359;it
Cauco;6546;00;Calanca;3837;GR;9.121662113968664;46.33358411197853;it
Rossa;6548;00;Rossa;3808;GR;9.124919525710997;46.37701266471162;it
Augio;6548;01;Rossa;3808;GR;9.126959838579882;46.36528523539376;it
Sta. Domenica;6548;02;Rossa;3808;GR;9.121980136684018;46.351394868415866;it
Laura;6549;00;Roveredo (GR);3834;GR;9.102161135393477;46.21256584726013;it
Leggia;6556;00;Grono;3832;GR;9.164137687028745;46.26197001421186;it
Cama;6557;00;Cama;3831;GR;9.171261166338647;46.27423311329222;it
Cama;6557;00;Grono;3832;GR;9.173930702061933;46.2855114740543;it
Lostallo;6558;00;Lostallo;3821;GR;9.199373057168083;46.31731288378754;it
Soazza;6562;00;Soazza;3823;GR;9.220908254037335;46.36336940547721;it
Mesocco;6563;00;Mesocco;3822;GR;9.23254132113836;46.39879089895631;it
S. Bernardino;6565;00;Mesocco;3822;GR;9.195095764789393;46.4577915965318;it
Indemini;6571;00;Gambarogno;5398;TI;8.828781052396327;46.0950164806206;it
Quartino;6572;00;Gambarogno;5398;TI;8.896706223867424;46.1528287264612;it
Quartino;6572;00;Locarno;5113;TI;8.905959362250234;46.15896183542827;it
Magadino;6573;00;Gambarogno;5398;TI;8.860950091914818;46.146393222473314;it
Vira (Gambarogno);6574;00;Gambarogno;5398;TI;8.842163539572594;46.14069039193803;it
S. Nazzaro;6575;00;Gambarogno;5398;TI;8.807253048886539;46.13384066469098;it
Vairano;6575;01;Gambarogno;5398;TI;8.8098707168341;46.13089387432298;it
Gerra (Gambarogno);6576;00;Gambarogno;5398;TI;8.788696146387087;46.122890078823644;it
Ranzo;6577;00;Gambarogno;5398;TI;8.773019435083489;46.11250528961658;it
Caviano;6578;00;Gambarogno;5398;TI;8.764543976867943;46.10601955705724;it
Piazzogna;6579;00;Gambarogno;5398;TI;8.824481745564812;46.13501590574199;it
Pianezzo;6582;00;Bellinzona;5002;TI;9.03329686608935;46.17127069635329;it
S. Antonio (Val Morobbia);6583;00;Bellinzona;5002;TI;9.065750317307355;46.16992587289226;it
Carena;6584;00;Bellinzona;5002;TI;9.090275174779073;46.168526015125224;it
S. Antonino;6592;00;Sant'Antonino;5017;TI;8.978830765086395;46.15493194492876;it
S. Antonino;6592;00;Bellinzona;5002;TI;8.96904091666292;46.16822816391232;it
S. Antonino;6592;00;Cadenazzo;5003;TI;8.959533038583542;46.153517901775;it
Cadenazzo;6593;00;Cadenazzo;5003;TI;8.949167970271345;46.15065425210514;it
Cadenazzo;6593;00;Gambarogno;5398;TI;8.934480187343809;46.14519062953639;it
Cadenazzo;6593;00;Sant'Antonino;5017;TI;8.96190142053397;46.15232754928008;it
Contone;6594;00;Gambarogno;5398;TI;8.92585062191417;46.15009119439094;it
Contone;6594;00;Locarno;5113;TI;8.913040426101121;46.16035410043431;it
Contone;6594;00;Cugnasco-Gerra;5138;TI;8.914034376518622;46.16311224460666;it
Riazzino;6595;00;Lavertezzo;5112;TI;8.889265128547258;46.17871937059685;it
Riazzino;6595;00;Locarno;5113;TI;8.895622546456154;46.17137682603933;it
Riazzino;6595;00;Cugnasco-Gerra;5138;TI;8.881663995418066;46.183675204639236;it
Gordola;6596;00;Gordola;5108;TI;8.864903420026174;46.1812339817144;it
Gordola;6596;00;Locarno;5113;TI;8.876570478748329;46.16884096690009;it
Agarone;6597;00;Cugnasco-Gerra;5138;TI;8.907306105257419;46.179151959632335;it
Tenero;6598;00;Tenero-Contra;5131;TI;8.849711823325709;46.179301521075324;it
Robasacco;6599;00;Cadenazzo;5003;TI;8.945849594908914;46.1420702636234;it
Locarno;6600;00;Locarno;5113;TI;8.792883519433172;46.168040388125576;it
Locarno;6600;00;Muralto;5120;TI;8.794876193455124;46.174224353475154;it
Muralto;6600;02;Muralto;5120;TI;8.804576065709808;46.174215397129935;it
Muralto;6600;02;Orselina;5121;TI;8.79726531696671;46.17552688105006;it
Solduno;6600;04;Locarno;5113;TI;8.777207399838975;46.17036858682075;it
Locarno;6605;00;Locarno;5113;TI;8.783674788525301;46.176886467170554;it
Locarno;6605;00;Orselina;5121;TI;8.791613916459877;46.186796214477226;it
Ascona;6612;00;Ascona;5091;TI;8.773412422444125;46.156063478875836;it
Ascona;6612;00;Locarno;5113;TI;8.78515108568096;46.160107625657595;it
Porto Ronco;6613;00;Ronco sopra Ascona;5125;TI;8.726496248174223;46.1413139412373;it
Brissago;6614;00;Brissago;5097;TI;8.704540547571971;46.11824282133185;it
Isole di Brissago;6614;02;Brissago;5097;TI;8.735721180237775;46.13247240193917;it
Losone;6616;00;Losone;5115;TI;8.760335469093587;46.16883094684535;it
Arcegno;6618;00;Losone;5115;TI;8.742191249283504;46.16224027892037;it
Arcegno;6618;00;Ascona;5091;TI;8.746011289860004;46.1547017473084;it
Ronco sopra Ascona;6622;00;Ronco sopra Ascona;5125;TI;8.726601848782103;46.1463329415605;it
Ronco sopra Ascona;6622;00;Ascona;5091;TI;8.740838578614232;46.151144817920674;it
Corippo;6631;00;Verzasca;5399;TI;8.838043617909815;46.2358491540172;it
Vogorno;6632;00;Verzasca;5399;TI;8.86094743276677;46.22270645139039;it
Lavertezzo;6633;00;Verzasca;5399;TI;8.84457899895983;46.263488029169714;it
Brione (Verzasca);6634;00;Verzasca;5399;TI;8.789291058117843;46.29479642719211;it
Gerra (Verzasca);6635;00;Verzasca;5399;TI;8.800800429565651;46.319013340230995;it
Frasco;6636;00;Verzasca;5399;TI;8.801691028317643;46.34002860356333;it
Sonogno;6637;00;Verzasca;5399;TI;8.782416977331378;46.35119920907753;it
Orselina;6644;00;Orselina;5121;TI;8.798243656048244;46.17890725251767;it
Orselina;6644;00;Locarno;5113;TI;8.78842203810264;46.17717170643685;it
Brione sopra Minusio;6645;00;Brione sopra Minusio;5096;TI;8.818118873843233;46.18583681094092;it
Brione sopra Minusio;6645;00;Minusio;5118;TI;8.802891768713783;46.19181250656236;it
Contra;6646;00;Tenero-Contra;5131;TI;8.840382530104197;46.18771297442519;it
Contra;6646;00;Brione sopra Minusio;5096;TI;8.835970088661137;46.187166954135094;it
Mergoscia;6647;00;Mergoscia;5117;TI;8.842523311196851;46.20996306684337;it
Minusio;6648;00;Minusio;5118;TI;8.818113631690924;46.17795551521977;it
Tegna;6652;00;Terre di Pedemonte;5396;TI;8.743986548812346;46.18584522262017;it
Tegna;6652;00;Locarno;5113;TI;8.75562185151641;46.18436961829505;it
Verscio;6653;00;Terre di Pedemonte;5396;TI;8.731416373453964;46.18452331770904;it
Cavigliano;6654;00;Terre di Pedemonte;5396;TI;8.719668638839016;46.18454921056733;it
Intragna;6655;00;Centovalli;5397;TI;8.689424444169212;46.17555857356063;it
Intragna;6655;00;Onsernone;5136;TI;8.669972836538776;46.187611996161536;it
Verdasio;6655;02;Centovalli;5397;TI;8.641596897363547;46.170833122940884;it
Rasa;6655;03;Centovalli;5397;TI;8.656985792752593;46.155409791261704;it
Golino;6656;00;Centovalli;5397;TI;8.712299838988004;46.178514738093305;it
Palagnedra;6657;00;Centovalli;5397;TI;8.633657135014825;46.153625914738726;it
Borgnone;6658;00;Centovalli;5397;TI;8.61530236069935;46.16210458175085;it
Camedo;6659;00;Centovalli;5397;TI;8.609136608978286;46.155340266821405;it
Moneto;6659;09;Centovalli;5397;TI;8.616611851633566;46.148407114434484;it
Loco;6661;00;Onsernone;5136;TI;8.673789930773346;46.205140902432596;it
Auressio;6661;02;Onsernone;5136;TI;8.68629681572178;46.20129683625292;it
Berzona;6661;03;Onsernone;5136;TI;8.661157323291434;46.203460954190035;it
Mosogno;6661;04;Onsernone;5136;TI;8.63903248833291;46.1990379045579;it
Russo;6661;05;Onsernone;5136;TI;8.621211991424186;46.2029504352228;it
Comologno;6661;06;Onsernone;5136;TI;8.575893161857708;46.205044019261486;it
Spruga;6661;07;Onsernone;5136;TI;8.564140390712353;46.20063643772867;it
Crana;6661;08;Onsernone;5136;TI;8.608925243357307;46.20399601306065;it
Vergeletto;6661;09;Onsernone;5136;TI;8.58704457821971;46.23123720791358;it
Gresso;6661;10;Onsernone;5136;TI;8.616576244474746;46.22645304388704;it
Avegno;6670;00;Avegno Gordevio;5324;TI;8.747110387283865;46.20535023717028;it
Avegno;6670;00;Maggia;5317;TI;8.74213816517415;46.215790072394576;it
Gordevio;6672;00;Avegno Gordevio;5324;TI;8.745599927320404;46.22610547475498;it
Maggia;6673;00;Maggia;5317;TI;8.709274524996957;46.248732746974845;it
Someo;6674;00;Maggia;5317;TI;8.65752195406237;46.28999453162055;it
Riveo;6674;02;Maggia;5317;TI;8.626038758869937;46.293019229922066;it
Cevio;6675;00;Cevio;5310;TI;8.602876290158196;46.31322336283382;it
Bignasco;6676;00;Cevio;5310;TI;8.611331637198342;46.33925334916302;it
Aurigeno;6677;01;Maggia;5317;TI;8.7208303242481;46.231715280065124;it
Moghegno;6677;02;Maggia;5317;TI;8.703379805597558;46.24005395198749;it
Giumaglio;6678;00;Maggia;5317;TI;8.6809809709301;46.27670313835003;it
Lodano;6678;02;Maggia;5317;TI;8.680256232926073;46.258024841367636;it
Coglio;6678;03;Maggia;5317;TI;8.68959669867156;46.268259203306805;it
Linescio;6682;00;Linescio;5315;TI;8.583489779650572;46.309408564233884;it
Linescio;6682;00;Cerentino;5309;TI;8.564890057915665;46.305213788713004;it
Cerentino;6683;00;Cerentino;5309;TI;8.544762499743706;46.306806691911106;it
Niva (Vallemaggia);6683;02;Campo (Vallemaggia);5307;TI;8.530935736576797;46.29058529529911;it
Campo (Vallemaggia);6684;00;Campo (Vallemaggia);5307;TI;8.504758004912475;46.28851381057594;it
Cimalmotto;6684;01;Campo (Vallemaggia);5307;TI;8.484476800273288;46.28322420770372;it
Bosco/Gurin;6685;00;Bosco/Gurin;5304;TI;8.4904563005975;46.31732826301513;de
Cavergno;6690;00;Cevio;5310;TI;8.583654955384974;46.35855527994256;it
S. Carlo (Val Bavona);6690;01;Cevio;5310;TI;8.52335968328191;46.41437792909597;it
Menzonio;6692;00;Lavizzara;5323;TI;8.641969062828862;46.361900598523555;it
Brontallo;6692;01;Lavizzara;5323;TI;8.627966710931432;46.35566077964526;it
Broglio;6693;00;Lavizzara;5323;TI;8.65865079347156;46.38023749620641;it
Prato-Sornico;6694;00;Lavizzara;5323;TI;8.663293023439776;46.39413237763206;it
Peccia;6695;00;Lavizzara;5323;TI;8.646465173707126;46.40747504892364;it
Piano di Peccia;6695;01;Lavizzara;5323;TI;8.614371555533554;46.41371407142455;it
Fusio;6696;00;Lavizzara;5323;TI;8.661681587875979;46.43861159774428;it
Claro;6702;00;Bellinzona;5002;TI;9.024494882437303;46.255088985089024;it
Osogna;6703;00;Riviera;5287;TI;8.98815813378912;46.31089971909503;it
Cresciano;6705;00;Riviera;5287;TI;9.005142696552973;46.28527518423813;it
Iragna;6707;00;Riviera;5287;TI;8.963915678713018;46.330276350217154;it
Biasca;6710;00;Biasca;5281;TI;8.970894993058982;46.36083613001694;it
Biasca;6710;00;Serravalle;5050;TI;8.95345798103192;46.378192504881646;it
Malvaglia;6713;00;Serravalle;5050;TI;8.993969694532954;46.41281467769572;it
Semione;6714;00;Serravalle;5050;TI;8.968449613283058;46.40643177644402;it
Semione;6714;00;Faido;5072;TI;8.92377099130405;46.41020174600561;it
Dongio;6715;00;Acquarossa;5048;TI;8.953966711023776;46.439268504570656;it
Acquarossa;6716;00;Acquarossa;5048;TI;8.937275230101768;46.45597319625621;it
Leontica;6716;02;Acquarossa;5048;TI;8.921486605895717;46.45702630243968;it
Lottigna;6716;03;Acquarossa;5048;TI;8.94310286074653;46.469410023151674;it
Dangio;6717;00;Blenio;5049;TI;8.953261154991107;46.494620353671024;it
Torre;6717;01;Blenio;5049;TI;8.952849263531798;46.48827375331535;it
Olivone;6718;00;Blenio;5049;TI;8.929607551948282;46.52887988496966;it
Camperio;6718;01;Blenio;5049;TI;8.906900645712614;46.524137062054585;it
Aquila;6719;00;Blenio;5049;TI;8.944708097873242;46.50468507269236;it
Campo (Blenio);6720;00;Blenio;5049;TI;8.930546593766252;46.557280803918744;it
Ghirone;6720;02;Blenio;5049;TI;8.94346272626873;46.56585594102453;it
Ludiano;6721;00;Serravalle;5050;TI;8.967646019947193;46.420379509517524;it
Motto (Blenio);6721;02;Acquarossa;5048;TI;8.970397499102368;46.43120219196007;it
Corzoneso;6722;00;Acquarossa;5048;TI;8.93691295212339;46.44616195301894;it
Prugiasco;6723;00;Acquarossa;5048;TI;8.913699686542545;46.46605300634269;it
Castro;6723;02;Acquarossa;5048;TI;8.928040717169127;46.47097620172734;it
Marolta;6723;03;Acquarossa;5048;TI;8.920180125108953;46.47829482695138;it
Ponto Valentino;6724;00;Acquarossa;5048;TI;8.93231117661691;46.481815777914264;it
Largario;6724;02;Acquarossa;5048;TI;8.93966600449385;46.49389210422592;it
Pollegio;6742;00;Pollegio;5077;TI;8.94748766654197;46.364506262858654;it
Pollegio;6742;00;Biasca;5281;TI;8.958267994203187;46.35915274106947;it
Bodio TI;6743;00;Giornico;5073;TI;8.912789965919902;46.37898067269416;it
Personico;6744;00;Personico;5076;TI;8.917981375639727;46.36817032510357;it
Giornico;6745;00;Giornico;5073;TI;8.874555072547038;46.40150552538528;it
Lavorgo;6746;00;Faido;5072;TI;8.84055136880103;46.441464162499436;it
Calonico;6746;01;Faido;5072;TI;8.842450992677946;46.45149940601628;it
Nivo;6746;02;Faido;5072;TI;8.842611138800972;46.43606744364342;it
Chironico;6747;00;Faido;5072;TI;8.836623423224612;46.4223758658883;it
Anzonico;6748;00;Faido;5072;TI;8.862910393457797;46.430551139966326;it
Sobrio;6749;00;Faido;5072;TI;8.901516899522065;46.400612059945765;it
Cavagnago;6749;01;Faido;5072;TI;8.883990053197543;46.4139456988764;it
Faido;6760;00;Faido;5072;TI;8.798725393506553;46.478950753970715;it
Molare;6760;01;Faido;5072;TI;8.829697288470223;46.486627929694954;it
Calpiogna;6760;02;Faido;5072;TI;8.805443499176501;46.485581846404834;it
Campello;6760;03;Faido;5072;TI;8.815899607848504;46.489558165613914;it
Carì;6760;04;Faido;5072;TI;8.819971615936856;46.493953241238756;it
Rossura;6760;05;Faido;5072;TI;8.828814315545646;46.47404289098731;it
Osco;6763;00;Faido;5072;TI;8.775570293451741;46.49534820647553;it
Mairengo;6763;01;Faido;5072;TI;8.79005720158349;46.48909484292802;it
Chiggiogna;6764;00;Faido;5072;TI;8.820644286409077;46.46823157981718;it
Rodi-Fiesso;6772;00;Quinto;5079;TI;8.737590688265941;46.49080458213058;it
Prato (Leventina);6773;00;Quinto;5079;TI;8.754820320564765;46.48259001927587;it
Dalpe;6774;00;Dalpe;5071;TI;8.775886334394011;46.47595610778978;it
Ambrì;6775;00;Quinto;5079;TI;8.69603520532534;46.509247725653395;it
Piotta;6776;00;Quinto;5079;TI;8.67813644358143;46.51801825917956;it
Quinto;6777;00;Quinto;5079;TI;8.718849228862323;46.51079234512644;it
Airolo;6780;00;Airolo;5061;TI;8.614178199247592;46.527883321538624;it
Villa Bedretto;6781;01;Bedretto;5063;TI;8.524651835304988;46.510798880861174;it
Bedretto;6781;04;Bedretto;5063;TI;8.508138788588802;46.50072651668911;it
Rivera;6802;00;Monteceneri;5238;TI;8.921416547932417;46.12080973616818;it
Camignolo;6803;00;Monteceneri;5238;TI;8.936272045429709;46.10628094105787;it
Bironico;6804;00;Monteceneri;5238;TI;8.934701273070855;46.115038064678735;it
Mezzovico;6805;00;Mezzovico-Vira;5199;TI;8.918668207037213;46.09152410680527;it
Sigirino;6806;00;Monteceneri;5238;TI;8.91473456137612;46.08091407951173;it
Taverne;6807;00;Torricella-Taverne;5227;TI;8.928420279850048;46.063639439362085;it
Taverne;6807;00;Lamone;5189;TI;8.929926917645579;46.05349772467247;it
Taverne;6807;00;Capriasca;5226;TI;8.93493896374051;46.072766157080125;it
Torricella;6808;00;Torricella-Taverne;5227;TI;8.922277673925638;46.065420943352876;it
Medeglia;6809;00;Monteceneri;5238;TI;8.96197210746737;46.11779507600841;it
Medeglia;6809;00;Comunanza Cadenazzo/Monteceneri;5391;TI;9.04847713978207;46.14810267429946;it
Isone;6810;00;Isone;5009;TI;8.986264365908408;46.129016924206724;it
Lamone;6814;02;Lamone;5189;TI;8.931934107760986;46.043727236573666;it
Lamone;6814;02;Gravesano;5187;TI;8.92476281678776;46.03943148894807;it
Lamone;6814;02;Cadempino;5162;TI;8.93236505850563;46.03714349785407;it
Cadempino;6814;03;Cadempino;5162;TI;8.935120503449985;46.034588842438055;it
Cadempino;6814;03;Lamone;5189;TI;8.930180600667985;46.03609854422496;it
Melide;6815;00;Melide;5198;TI;8.945280113742703;45.95330839387712;it
Bissone;6816;00;Bissone;5154;TI;8.966452038754941;45.95209602351871;it
Maroggia;6817;00;Val Mara;5240;TI;8.971484724276314;45.934681080550334;it
Melano;6818;00;Val Mara;5240;TI;8.984915114918218;45.922611920116495;it
Rovio;6821;00;Val Mara;5240;TI;8.986162398995207;45.934354010816314;it
Arogno;6822;00;Arogno;5144;TI;8.986303275996862;45.95757373691949;it
Pugerna;6823;00;Lugano;5192;TI;8.983566977747149;45.984926800144905;it
Pugerna;6823;00;Arogno;5144;TI;8.97873093680414;45.978191232769476;it
Capolago;6825;00;Mendrisio;5254;TI;8.979519567771717;45.90359417329303;it
Capolago;6825;00;Castel San Pietro;5249;TI;9.018791862333412;45.92808470229491;it
Riva San Vitale;6826;00;Riva San Vitale;5263;TI;8.971159289490407;45.90279982529548;it
Brusino Arsizio;6827;00;Brusino Arsizio;5160;TI;8.937387993316602;45.92256686042381;it
Balerna;6828;00;Balerna;5242;TI;9.005797896713467;45.846899726835225;it
Balerna;6828;00;Novazzano;5260;TI;9.002703724601075;45.84042901695276;it
Chiasso;6830;00;Chiasso;5250;TI;9.026839671277655;45.83509660030253;it
Chiasso;6830;00;Balerna;5242;TI;9.015218051329258;45.83379397947714;it
Pedrinate;6832;00;Chiasso;5250;TI;9.01307712375785;45.8260235830778;it
Seseglio;6832;01;Chiasso;5250;TI;8.999340556503258;45.82719620739348;it
Vacallo;6833;00;Vacallo;5268;TI;9.033977988410287;45.845530973402326;it
Morbio Inferiore;6834;00;Morbio Inferiore;5257;TI;9.01996253462937;45.84968807171376;it
Morbio Superiore;6835;00;Breggia;5269;TI;9.023504847125938;45.86043466099034;it
Caneggio;6837;00;Breggia;5269;TI;9.031336673808303;45.87203811909731;it
Bruzella;6837;02;Breggia;5269;TI;9.03812010046918;45.88247740239369;it
Muggio;6838;00;Breggia;5269;TI;9.040493458435403;45.90636718911633;it
Cabbio;6838;02;Breggia;5269;TI;9.046414804037418;45.896466609541385;it
Sagno;6839;00;Breggia;5269;TI;9.03895329560557;45.8567605685774;it
Mendrisio;6850;00;Mendrisio;5254;TI;8.984185674562703;45.87075370815956;it
Mendrisio;6850;00;Castel San Pietro;5249;TI;8.98676405068411;45.86025031083536;it
Genestrerio;6852;00;Mendrisio;5254;TI;8.960547068266669;45.85389235817724;it
Ligornetto;6853;00;Mendrisio;5254;TI;8.952405393284188;45.86165887883311;it
Ligornetto;6853;00;Stabio;5266;TI;8.938765451388296;45.8634344390173;it
S. Pietro;6854;00;Stabio;5266;TI;8.937801161183511;45.857842225936885;it
Stabio;6855;00;Stabio;5266;TI;8.93818006510855;45.850513661268884;it
Stabio;6855;00;Mendrisio;5254;TI;8.944936990011637;45.84434125033786;it
Rancate;6862;00;Mendrisio;5254;TI;8.968673546389313;45.87102914963117;it
Besazio;6863;00;Mendrisio;5254;TI;8.952085833147331;45.87246856301943;it
Arzo;6864;00;Mendrisio;5254;TI;8.940599699462778;45.875384866584;it
Tremona;6865;00;Mendrisio;5254;TI;8.95692845946124;45.87989768934205;it
Meride;6866;00;Mendrisio;5254;TI;8.952701029575904;45.890535247438805;it
Serpiano;6867;00;Brusino Arsizio;5160;TI;8.930010374417265;45.91223363898427;it
Salorino;6872;00;Mendrisio;5254;TI;8.993742195555244;45.875741090596385;it
Corteglia;6873;00;Castel San Pietro;5249;TI;8.995328776862898;45.861314776065505;it
Castel San Pietro;6874;00;Castel San Pietro;5249;TI;9.007078568313204;45.86151110514247;it
Castel San Pietro;6874;00;Mendrisio;5254;TI;8.991057433904677;45.86827091509134;it
Monte;6875;00;Castel San Pietro;5249;TI;9.026805545001025;45.88145935891844;it
Casima;6875;02;Castel San Pietro;5249;TI;9.037115623825196;45.89087710027146;it
Campora;6875;03;Castel San Pietro;5249;TI;9.023835681679163;45.87409665731243;it
Coldrerio;6877;00;Coldrerio;5251;TI;8.98781001719203;45.85499489501173;it
Coldrerio;6877;00;Castel San Pietro;5249;TI;8.986533950548248;45.85874603368273;it
Novazzano;6883;00;Novazzano;5260;TI;8.979441749509634;45.84220835637714;it
Lugano;6900;00;Lugano;5192;TI;8.952342055828856;46.00854583318585;it
Massagno;6900;05;Massagno;5196;TI;8.944258008189616;46.01272095669748;it
Paradiso;6900;09;Paradiso;5210;TI;8.945139782751168;45.989433601469564;it
Paradiso;6900;09;Lugano;5192;TI;8.956167981663357;45.983113378303244;it
Pazzallo;6912;00;Lugano;5192;TI;8.940705187205683;45.98352780907589;it
Carabbia;6913;00;Lugano;5192;TI;8.937002446552805;45.971800001222135;it
Carona;6914;00;Lugano;5192;TI;8.936634339763142;45.957418594425974;it
Pambio-Noranco;6915;00;Lugano;5192;TI;8.93067591867873;45.985370699527934;it
Grancia;6916;00;Grancia;5186;TI;8.927684916154131;45.96795602666193;it
Grancia;6916;00;Collina d'Oro;5236;TI;8.927207047660463;45.97457518565931;it
Barbengo;6917;00;Lugano;5192;TI;8.916671544980868;45.96098464057725;it
Figino;6918;00;Lugano;5192;TI;8.910260573067916;45.95429396916112;it
Carabietta;6919;00;Collina d'Oro;5236;TI;8.899716777730003;45.96858370910868;it
Vico Morcote;6921;00;Vico Morcote;5233;TI;8.923862624259606;45.930776888527305;it
Morcote;6922;00;Morcote;5203;TI;8.911764597698307;45.92679748579969;it
Sorengo;6924;00;Sorengo;5225;TI;8.936225037116865;46.00089794136726;it
Sorengo;6924;00;Lugano;5192;TI;8.94258946327674;45.99948150170048;it
Gentilino;6925;00;Collina d'Oro;5236;TI;8.931096332380237;45.99178903861822;it
Gentilino;6925;00;Lugano;5192;TI;8.93499859643326;45.989344825897746;it
Montagnola;6926;00;Collina d'Oro;5236;TI;8.917014987470536;45.98276193846693;it
Agra;6927;00;Collina d'Oro;5236;TI;8.913961167186793;45.97002624215409;it
Manno;6928;00;Manno;5194;TI;8.919469020749293;46.03573143002669;it
Gravesano;6929;00;Gravesano;5187;TI;8.919427930395612;46.04136415588824;it
Bedano;6930;00;Bedano;5148;TI;8.920215798701188;46.05135858151974;it
Bedano;6930;00;Lamone;5189;TI;8.927505718604676;46.05157656613969;it
Breganzona;6932;00;Lugano;5192;TI;8.92905932559929;46.00703010903213;it
Muzzano;6933;00;Muzzano;5205;TI;8.918432374429042;45.996985640135904;it
Bioggio;6934;00;Bioggio;5151;TI;8.908304418913229;46.014482655600354;it
Bioggio;6934;00;Manno;5194;TI;8.919908978858317;46.02241894213811;it
Bioggio;6934;00;Agno;5141;TI;8.897364433603947;46.005196056923815;it
Bioggio;6934;00;Cademario;5161;TI;8.903636436009165;46.01733688770393;it
Bosco Luganese;6935;00;Bioggio;5151;TI;8.908746178596811;46.02562424660444;it
Cademario;6936;00;Cademario;5161;TI;8.89429740313108;46.020926571096034;it
Breno;6937;00;Alto Malcantone;5237;TI;8.87063947452496;46.03281806376065;it
Vezio;6938;00;Alto Malcantone;5237;TI;8.882888485897265;46.04515850870958;it
Fescoggia;6938;01;Alto Malcantone;5237;TI;8.876963912522811;46.04047489420154;it
Mugena;6939;01;Alto Malcantone;5237;TI;8.889919242369002;46.04815413092631;it
Arosio;6939;02;Alto Malcantone;5237;TI;8.901734351247715;46.0478663384056;it
Savosa;6942;00;Savosa;5221;TI;8.944501248344901;46.0187367873311;it
Savosa;6942;00;Porza;5214;TI;8.945313951926957;46.021982879756074;it
Vezia;6943;00;Vezia;5231;TI;8.937450652339502;46.02440908873172;it
Vezia;6943;00;Lugano;5192;TI;8.93172768260871;46.017159079217755;it
Cureglia;6944;00;Cureglia;5180;TI;8.944855548058772;46.036744338626235;it
Cureglia;6944;00;Lamone;5189;TI;8.938823348381982;46.04147637585818;it
Cureglia;6944;00;Comano;5176;TI;8.948821838571416;46.03722205608675;it
Origlio;6945;00;Origlio;5208;TI;8.94679478778949;46.052238500403746;it
Origlio;6945;00;Ponte Capriasca;5212;TI;8.95248756478607;46.056219876740684;it
Ponte Capriasca;6946;00;Ponte Capriasca;5212;TI;8.947882471650122;46.060735266341155;it
Vaglio;6947;00;Capriasca;5226;TI;8.956893826296994;46.0608481257638;it
Porza;6948;00;Porza;5214;TI;8.954212373642124;46.02756765454928;it
Porza;6948;00;Savosa;5221;TI;8.949855979778985;46.02356320627141;it
Comano;6949;00;Comano;5176;TI;8.955268473242102;46.036298689575645;it
Tesserete;6950;00;Capriasca;5226;TI;8.968325702638543;46.069393825218356;it
Insone;6951;08;Lugano;5192;TI;9.029887922494238;46.0864641125732;it
Scareglia;6951;17;Lugano;5192;TI;9.036169116542785;46.090334127951806;it
Colla;6951;18;Lugano;5192;TI;9.054525090926187;46.093158629018546;it
Bogno;6951;19;Lugano;5192;TI;9.062810820268421;46.090421294455105;it
Cozzo;6951;20;Lugano;5192;TI;9.062395163608553;46.096878472564924;it
Signôra;6951;23;Lugano;5192;TI;9.046829324128256;46.092683840662424;it
Canobbio;6952;00;Canobbio;5167;TI;8.966300244644351;46.03488997866622;it
Lugaggia;6953;00;Capriasca;5226;TI;8.972043372633625;46.059086443677366;it
Sala Capriasca;6954;00;Capriasca;5226;TI;8.955631100815436;46.06656936103471;it
Bigorio;6954;01;Capriasca;5226;TI;8.956402643932929;46.07247013861254;it
Cagiallo;6955;00;Capriasca;5226;TI;8.97316127589533;46.06667389350879;it
Oggio;6955;01;Capriasca;5226;TI;8.987028849296598;46.072080498088795;it
Lopagno;6956;00;Capriasca;5226;TI;8.97783029505257;46.069066465081235;it
Roveredo TI;6957;00;Capriasca;5226;TI;8.983100965541576;46.073519978065235;it
Bidogno;6958;00;Capriasca;5226;TI;8.999376533673345;46.07939593051425;it
Corticiasca;6958;02;Capriasca;5226;TI;9.016335547404381;46.0873204158931;it
Corticiasca;6958;02;Lugano;5192;TI;9.026123222407683;46.092600708967375;it
Maglio di Colla;6959;00;Lugano;5192;TI;9.042658634736966;46.08674197715761;it
Certara;6959;02;Lugano;5192;TI;9.059707843209198;46.08434768305258;it
Curtina;6959;03;Lugano;5192;TI;9.02377301489222;46.081610708777376;it
Cimadera;6959;04;Lugano;5192;TI;9.046477127481058;46.07853590441403;it
Piandera Paese;6959;05;Lugano;5192;TI;9.039732993569588;46.082662754879316;it
Odogno;6960;00;Capriasca;5226;TI;8.970333129833746;46.088881591116916;it
Viganello;6962;00;Lugano;5192;TI;8.970269686471264;46.01290088435239;it
Pregassona;6963;00;Lugano;5192;TI;8.97256308483239;46.02237969918742;it
Cureggia;6963;02;Lugano;5192;TI;8.983498178175712;46.02086261017203;it
Davesco-Soragno;6964;00;Lugano;5192;TI;8.980275210242057;46.035257367702116;it
Cadro;6965;00;Lugano;5192;TI;8.9862283341855;46.045666514462;it
Villa Luganese;6966;00;Lugano;5192;TI;8.99394906227052;46.05317186931216;it
Dino;6967;00;Lugano;5192;TI;8.982945017533545;46.05292737489546;it
Sonvico;6968;00;Lugano;5192;TI;8.994904091640281;46.060383501925415;it
Aldesago;6974;00;Lugano;5192;TI;8.978795157064704;46.00842091824265;it
Castagnola;6976;00;Lugano;5192;TI;8.97951126317313;46.00176218290621;it
Ruvigliana;6977;00;Lugano;5192;TI;8.977468459752425;46.00486717410203;it
Gandria;6978;00;Lugano;5192;TI;9.00318915848122;46.00582618084729;it
Brè sopra Lugano;6979;00;Lugano;5192;TI;8.99717269773434;46.01172187402998;it
Castelrotto;6980;00;Tresa;5239;TI;8.838195185906567;45.994656199776735;it
Castelrotto;6980;00;Lema;5395;TI;8.845005153949892;46.00185765003611;it
Bedigliora;6981;11;Lema;5395;TI;8.841616511106498;46.00272880146646;it
Bombinasco;6981;15;Lema;5395;TI;8.83374173504757;46.01387486243978;it
Banco;6981;16;Lema;5395;TI;8.844219123106015;46.010055803564384;it
Beride di Bedigliora;6981;17;Lema;5395;TI;8.833572621297497;46.00218999827894;it
Agno;6982;00;Agno;5141;TI;8.900235602449351;46.00055233362256;it
Agno;6982;00;Muzzano;5205;TI;8.909157808959517;45.999167530501204;it
Agno;6982;00;Bioggio;5151;TI;8.910096084039967;46.00476942434722;it
Magliaso;6983;00;Magliaso;5193;TI;8.889984813977916;45.98157537428451;it
Magliaso;6983;00;Neggio;5206;TI;8.87735958573325;45.984373634313464;it
Pura;6984;00;Pura;5216;TI;8.870511056829955;45.983561301255676;it
Novaggio;6986;00;Lema;5395;TI;8.855502376590254;46.009986330466354;it
Miglieglia;6986;02;Lema;5395;TI;8.857568920109548;46.024931224285254;it
Curio;6986;03;Lema;5395;TI;8.861544807755376;46.0025326200874;it
Caslano;6987;00;Caslano;5171;TI;8.878783903724129;45.97328016092813;it
Ponte Tresa;6988;00;Tresa;5239;TI;8.858796376084019;45.96979155040863;it
Purasca;6989;00;Tresa;5239;TI;8.849534552445295;45.978877996948825;it
Cassina d'Agno;6990;00;Agno;5141;TI;8.892138262734127;45.99219101707383;it
Neggio;6991;00;Neggio;5206;TI;8.880091196359471;45.987631562335075;it
Vernate;6992;00;Vernate;5230;TI;8.886387718558321;45.993893600022396;it
Vernate;6992;00;Agno;5141;TI;8.888716852757266;45.99410653105168;it
Cimo;6992;01;Bioggio;5151;TI;8.892186513342164;46.004201394301525;it
Cimo;6992;01;Agno;5141;TI;8.895449085838047;46.00308856973537;it
Iseo;6993;00;Bioggio;5151;TI;8.88145748670853;46.00468132057945;it
Aranno;6994;00;Aranno;5143;TI;8.87102600601315;46.01701444353536;it
Madonna del Piano;6995;02;Tresa;5239;TI;8.835123115993369;45.98809065475689;it
Sessa;6997;00;Tresa;5239;TI;8.818027330359596;46.000591205157555;it
Monteggio;6998;01;Tresa;5239;TI;8.808474526643646;45.99390627004733;it
Astano;6999;00;Lema;5395;TI;8.81557497350776;46.012398110827;it
Chur;7000;00;Chur;3901;GR;9.529322131540049;46.85654642346971;de
Chur;7000;00;Churwalden;3911;GR;9.548519792788614;46.83262645263766;de
Felsberg;7012;00;Felsberg;3731;GR;9.475419551123412;46.845740544632974;de
Domat/Ems;7013;00;Domat/Ems;3722;GR;9.450793926534452;46.832868194242735;multiple
Trin;7014;00;Trin;3734;GR;9.359412587770132;46.828600832742175;rm
Tamins;7015;00;Tamins;3733;GR;9.407732109910391;46.82954208406078;de
Tamins;7015;00;Trin;3734;GR;9.38254089423621;46.829379498859815;de
Trin Mulin;7016;00;Trin;3734;GR;9.339235017190815;46.83265436709913;rm
Flims Dorf;7017;00;Flims;3732;GR;9.28596197217124;46.83714500853183;rm
Flims Waldhaus;7018;00;Flims;3732;GR;9.288589076050176;46.829652301050146;rm
Fidaz;7019;00;Flims;3732;GR;9.307730674792861;46.840246288820715;rm
Haldenstein;7023;00;Chur;3901;GR;9.526570765472146;46.87826506096211;de
Maladers;7026;00;Chur;3901;GR;9.562926925663497;46.838199665655736;de
Castiel;7027;00;Arosa;3921;GR;9.604864214376532;46.84049004742504;de
Lüen;7027;01;Arosa;3921;GR;9.61413421776623;46.83460873174274;de
Calfreisen;7027;03;Arosa;3921;GR;9.595186054100603;46.842454821641304;de
St. Peter;7028;00;Arosa;3921;GR;9.651169432918648;46.837272287696365;de
Pagig;7028;01;Arosa;3921;GR;9.639579904583442;46.83894489359185;de
Peist;7029;00;Arosa;3921;GR;9.676234913517453;46.833931579863645;de
Laax GR;7031;00;Laax;3575;GR;9.264905995464199;46.808889924307564;rm
Laax GR 2;7032;00;Laax;3575;GR;9.25860447337369;46.82416821960107;rm
Laax GR 2;7032;00;Falera;3572;GR;9.2132260061393;46.833420701609064;rm
Arosa;7050;00;Arosa;3921;GR;9.676989287336458;46.780498482664946;de
Molinis;7056;00;Arosa;3921;GR;9.653552666113645;46.826355408348775;de
Langwies;7057;00;Arosa;3921;GR;9.724146941388167;46.82398419038249;de
Litzirüti;7058;00;Arosa;3921;GR;9.702090182808973;46.798928773547495;de
Passugg;7062;00;Churwalden;3911;GR;9.550891547293586;46.825905667166204;de
Praden;7063;00;Chur;3901;GR;9.581486951675556;46.8244811014124;de
Tschiertschen;7064;00;Chur;3901;GR;9.605151536628972;46.81537798939887;de
Malix;7074;00;Churwalden;3911;GR;9.525815147917202;46.81720595305611;de
Malix;7074;00;Chur;3901;GR;9.52423039357901;46.83314430777457;de
Churwalden;7075;00;Churwalden;3911;GR;9.542604821705039;46.7819383214278;de
Parpan;7076;00;Churwalden;3911;GR;9.56325939711771;46.764575229773484;de
Parpan;7076;00;Vaz/Obervaz;3506;GR;9.554408247038387;46.76160810711874;de
Valbella;7077;00;Vaz/Obervaz;3506;GR;9.550577757682284;46.74973778064702;rm
Lenzerheide/Lai;7078;00;Vaz/Obervaz;3506;GR;9.554680799171704;46.72619306652465;multiple
Vaz/Obervaz;7082;00;Vaz/Obervaz;3506;GR;9.531312209359536;46.6965956269844;multiple
Lantsch/Lenz;7083;00;Lantsch/Lenz;3513;GR;9.563090701841537;46.68555116021082;multiple
Brienz/Brinzauls GR;7084;00;Albula/Alvra;3542;GR;9.589995628452284;46.669649294364525;multiple
Versam;7104;00;Safiental;3672;GR;9.333667550822671;46.788098747883424;de
Tenna;7106;00;Safiental;3672;GR;9.338368062750465;46.747907282922796;de
Safien Platz;7107;00;Safiental;3672;GR;9.314874137455927;46.69534251448539;de
Thalkirch;7109;00;Safiental;3672;GR;9.283559954330915;46.65498467515678;de
Peiden;7110;00;Lumnezia;3618;GR;9.196176088229468;46.71999860476831;rm
Pitasch;7111;00;Ilanz/Glion;3619;GR;9.220977619704081;46.73056402124328;rm
Duvin;7112;00;Ilanz/Glion;3619;GR;9.213766700470904;46.715038330189216;rm
Camuns;7113;00;Lumnezia;3618;GR;9.197118012134021;46.703140313418054;rm
Uors (Lumnezia);7114;00;Lumnezia;3618;GR;9.183871400025234;46.70119339455462;rm
Surcasti;7115;00;Lumnezia;3618;GR;9.17707633311961;46.696906329054016;rm
Tersnaus;7116;00;Lumnezia;3618;GR;9.18464475880853;46.691949889299714;rm
St. Martin (Lugnez);7116;02;Vals;3603;GR;9.191929974256093;46.663423136391835;de
Valendas;7122;00;Safiental;3672;GR;9.286305835502061;46.78451991506798;de
Valendas;7122;00;Ilanz/Glion;3619;GR;9.260465527400395;46.77999530897264;de
Castrisch;7126;00;Ilanz/Glion;3619;GR;9.231465101717204;46.77561356440847;rm
Sevgein;7127;00;Ilanz/Glion;3619;GR;9.220554780715085;46.76370940150214;rm
Riein;7128;00;Ilanz/Glion;3619;GR;9.236345587392048;46.74799457741644;rm
Ilanz;7130;00;Ilanz/Glion;3619;GR;9.20278815215451;46.77336097643799;rm
Schnaus;7130;02;Ilanz/Glion;3619;GR;9.178895449719802;46.776840858728235;rm
Vals;7132;00;Vals;3603;GR;9.176844945714718;46.614607536949116;de
Obersaxen;7134;00;Obersaxen Mundaun;3988;GR;9.106776525511394;46.74991721180126;de
Obersaxen;7134;00;Breil/Brigels;3981;GR;9.037261293878082;46.74568471677539;de
Flond;7137;00;Obersaxen Mundaun;3988;GR;9.164520474523437;46.76760258729832;rm
Surcuolm;7138;00;Obersaxen Mundaun;3988;GR;9.142394077577437;46.759009397717705;rm
Luven;7141;00;Ilanz/Glion;3619;GR;9.196575482196481;46.75834969799462;rm
Cumbel;7142;00;Lumnezia;3618;GR;9.190516836215537;46.72541232044594;rm
Cumbel;7142;00;Ilanz/Glion;3619;GR;9.211491906728234;46.74613398440347;rm
Morissen;7143;00;Lumnezia;3618;GR;9.180449371505144;46.728886646014715;rm
Vella;7144;00;Lumnezia;3618;GR;9.171835618509752;46.718184660086315;rm
Degen;7145;00;Lumnezia;3618;GR;9.168633916745074;46.70768800547548;rm
Vattiz;7146;00;Lumnezia;3618;GR;9.157034768073727;46.70818731164812;rm
Vignogn;7147;00;Lumnezia;3618;GR;9.15558224929833;46.69953546412438;rm
Lumbrein;7148;00;Lumnezia;3618;GR;9.135947463168025;46.68275201079747;rm
Vrin;7149;00;Lumnezia;3618;GR;9.09561830338341;46.65305077205711;rm
Schluein;7151;00;Schluein;3582;GR;9.228123300607056;46.78738106165831;rm
Sagogn;7152;00;Sagogn;3581;GR;9.25617667729658;46.79185980134065;rm
Falera;7153;00;Falera;3572;GR;9.230544693563546;46.80189243614669;rm
Ruschein;7154;00;Ilanz/Glion;3619;GR;9.190923810315528;46.78546558684036;rm
Ladir;7155;00;Ilanz/Glion;3619;GR;9.201554597654587;46.79089851169816;rm
Rueun;7156;00;Ilanz/Glion;3619;GR;9.147995999330824;46.77960202379498;rm
Pigniu;7156;01;Ilanz/Glion;3619;GR;9.116256915790903;46.810178222857665;rm
Siat;7157;00;Ilanz/Glion;3619;GR;9.160717177996386;46.79118868993119;rm
Waltensburg/Vuorz;7158;00;Breil/Brigels;3981;GR;9.108575681559774;46.77715321813895;multiple
Andiast;7159;00;Breil/Brigels;3981;GR;9.11211099818894;46.78682770346468;rm
Tavanasa;7162;00;Breil/Brigels;3981;GR;9.066404062990943;46.75588963416493;rm
Danis;7163;00;Breil/Brigels;3981;GR;9.054690163293209;46.75511137347219;rm
Dardin;7164;00;Breil/Brigels;3981;GR;9.041969679689256;46.75700926477075;rm
Breil/Brigels;7165;00;Breil/Brigels;3981;GR;9.061745584273732;46.77030675498563;multiple
Trun;7166;00;Trun;3987;GR;8.986090481965785;46.74270123379947;rm
Zignau;7167;00;Trun;3987;GR;9.005533075341685;46.740240586125566;rm
Schlans;7168;00;Trun;3987;GR;9.01454978217899;46.75410714791814;rm
Rabius;7172;00;Sumvitg;3985;GR;8.958812117387028;46.73469155463623;rm
Rabius;7172;00;Trun;3987;GR;8.962992032382578;46.7399800936998;rm
Surrein;7173;00;Sumvitg;3985;GR;8.947800209542933;46.712938725736514;rm
S. Benedetg;7174;00;Sumvitg;3985;GR;8.939424565588375;46.734894238998855;rm
Sumvitg;7175;00;Sumvitg;3985;GR;8.935053760453695;46.729229495043995;rm
Cumpadials;7176;00;Sumvitg;3985;GR;8.920366658617409;46.719947280805904;rm
Disentis/Mustér;7180;00;Disentis/Mustér;3982;GR;8.852411669537808;46.70421041418686;multiple
Disentis/Mustér;7180;00;Sumvitg;3985;GR;8.900862972792856;46.71759882517667;multiple
Cavardiras;7182;00;Disentis/Mustér;3982;GR;8.884917268794956;46.707374597712814;rm
Mumpé Medel;7183;00;Disentis/Mustér;3982;GR;8.841692417981207;46.68578213363011;rm
Curaglia;7184;00;Medel (Lucmagn);3983;GR;8.858391120774678;46.67349244113661;rm
Platta;7185;00;Medel (Lucmagn);3983;GR;8.847081331882224;46.64478846332827;rm
Segnas;7186;00;Disentis/Mustér;3982;GR;8.828907085341562;46.69240755381224;rm
Camischolas;7187;00;Tujetsch;3986;GR;8.764142138596418;46.67999859770158;rm
Sedrun;7188;00;Tujetsch;3986;GR;8.777788051555664;46.6799470637581;rm
Rueras;7189;00;Tujetsch;3986;GR;8.741473023724048;46.67177600910626;rm
Says;7202;00;Trimmis;3945;GR;9.580383241404553;46.90449086284016;de
Trimmis;7203;00;Trimmis;3945;GR;9.561767910024612;46.90056345377536;de
Untervaz;7204;00;Untervaz;3946;GR;9.537517416796057;46.92774525451001;de
Untervaz;7204;00;Landquart;3955;GR;9.540785433154603;46.94815671102975;de
Zizers;7205;00;Zizers;3947;GR;9.565638155775362;46.93533389770334;de
Igis;7206;00;Landquart;3955;GR;9.573610794108914;46.946532649916634;de
Malans GR;7208;00;Malans;3954;GR;9.573911255203392;46.98152215891026;de
Seewis Dorf;7212;00;Seewis im Prättigau;3972;GR;9.631447963353208;46.99210683402455;de
Seewis-Pardisla;7212;01;Seewis im Prättigau;3972;GR;9.635535415010777;46.97887254275619;de
Seewis-Schmitten;7212;02;Seewis im Prättigau;3972;GR;9.642651239713421;46.98085958389561;de
Valzeina;7213;00;Grüsch;3961;GR;9.608058238317575;46.94476944004141;de
Valzeina;7213;00;Trimmis;3945;GR;9.624363130495572;46.91664441263284;de
Grüsch;7214;00;Grüsch;3961;GR;9.644998272004608;46.97526222763438;de
Fanas;7215;00;Grüsch;3961;GR;9.666773129723499;46.98705216581385;de
Fanas;7215;00;Seewis im Prättigau;3972;GR;9.657111063156881;47.01512653745484;de
Schiers;7220;00;Schiers;3962;GR;9.688487646813627;46.97207682939956;de
Lunden;7222;00;Schiers;3962;GR;9.71133430820672;46.950595403088045;de
Lunden;7222;00;Luzein;3891;GR;9.714985426376899;46.94558245157427;de
Buchen im Prättigau;7223;00;Luzein;3891;GR;9.718600677398141;46.94066907362621;de
Putz;7224;00;Luzein;3891;GR;9.743095192507013;46.92634712383863;de
Stels;7226;00;Schiers;3962;GR;9.730169216409589;46.96637328203531;de
Stels;7226;00;Luzein;3891;GR;9.743619588520703;46.959696123695565;de
Fajauna;7226;02;Schiers;3962;GR;9.699406604951871;46.96912623279462;de
Schuders;7228;00;Schiers;3962;GR;9.739118601292981;46.99391981698401;de
Pusserein;7228;01;Schiers;3962;GR;9.710403272271671;46.98450380221002;de
Pragg-Jenaz;7231;00;Jenaz;3863;GR;9.704685979540965;46.93847958294499;de
Furna;7232;00;Furna;3862;GR;9.670491008386078;46.93605562358354;de
Furna;7232;00;Jenaz;3863;GR;9.685310942612999;46.94454868551715;de
Jenaz;7233;00;Jenaz;3863;GR;9.71545688661538;46.92818703585864;de
Fideris;7235;00;Fideris;3861;GR;9.742058794514303;46.91228438574679;de
Küblis;7240;00;Küblis;3882;GR;9.779758774884513;46.915829991569915;de
Küblis;7240;00;Luzein;3891;GR;9.767123237595934;46.913981952774265;de
Conters im Prättigau;7241;00;Conters im Prättigau;3881;GR;9.796500098569213;46.902275325097385;de
Luzein;7242;00;Luzein;3891;GR;9.763667651845843;46.920621609870885;de
Pany;7243;00;Luzein;3891;GR;9.76384041273458;46.93129111277441;de
Gadenstätt;7244;00;Luzein;3891;GR;9.793601806485746;46.94311072610032;de
Ascharina;7245;00;Luzein;3891;GR;9.809110504467323;46.957774523130745;de
St. Antönien;7246;00;Luzein;3891;GR;9.828583610654533;46.973289653280474;de
Saas im Prättigau;7247;00;Klosters;3871;GR;9.812411604451441;46.9114406487486;de
Serneus;7249;00;Klosters;3871;GR;9.84016589992583;46.891575702726314;de
Klosters;7250;00;Klosters;3871;GR;9.889722638857537;46.86823236845261;de
Klosters Dorf;7252;00;Klosters;3871;GR;9.871992004599793;46.88499938126177;de
Davos Dorf;7260;00;Davos;3851;GR;9.846558033078383;46.80567545724502;de
Davos Dorf;7260;00;Arosa;3921;GR;9.795052055472278;46.834503980194334;de
Davos Wolfgang;7265;00;Davos;3851;GR;9.860404546412061;46.835234534982135;de
Davos Wolfgang;7265;00;Klosters;3871;GR;9.87525849445725;46.851937154131114;de
Davos Platz;7270;00;Davos;3851;GR;9.82227575939766;46.793639462384675;de
Davos Clavadel;7272;00;Davos;3851;GR;9.829390814338032;46.75761830619322;de
Davos Frauenkirch;7276;00;Davos;3851;GR;9.792110915251952;46.76454894383764;de
Davos Glaris;7277;00;Davos;3851;GR;9.782384725135316;46.744779304461304;de
Davos Monstein;7278;00;Davos;3851;GR;9.773265330066922;46.71195628770759;de
Landquart;7302;00;Landquart;3955;GR;9.563534026003202;46.96251237676212;de
Landquart;7302;00;Zizers;3947;GR;9.55377393967473;46.96265700681327;de
Landquart;7302;00;Maienfeld;3953;GR;9.55368169742691;46.97032536272666;de
Mastrils;7303;00;Landquart;3955;GR;9.543689383985573;46.966595089707766;de
Maienfeld;7304;00;Maienfeld;3953;GR;9.533371806261941;47.007384627217725;de
Maienfeld;7304;00;Fläsch;3951;GR;9.57647059662592;47.041769201001216;de
Fläsch;7306;00;Fläsch;3951;GR;9.513229003041728;47.026692091528986;de
Jenins;7307;00;Jenins;3952;GR;9.557569203504727;47.000542142238736;de
Bad Ragaz;7310;00;Bad Ragaz;3291;SG;9.501327924556568;47.00705677123701;de
Pfäfers;7312;00;Pfäfers;3294;SG;9.50104197382006;46.99003731511461;de
St. Margrethenberg;7313;00;Pfäfers;3294;SG;9.509638173439043;46.97834655219005;de
St. Margrethenberg;7313;00;Landquart;3955;GR;9.521227752619831;46.96022086430934;de
Vadura;7314;00;Pfäfers;3294;SG;9.48622949339884;46.957153516421144;de
Vättis;7315;00;Pfäfers;3294;SG;9.440074829791842;46.9113139498564;de
Vättis;7315;00;Tamins;3733;GR;9.411352400862537;46.872877803574255;de
Valens;7317;00;Pfäfers;3294;SG;9.4785299189978;46.97138206305909;de
Valens;7317;00;Bad Ragaz;3291;SG;9.482305955012622;46.99529490567852;de
Vasön;7317;03;Pfäfers;3294;SG;9.474866455051183;46.953468850972484;de
Sargans;7320;00;Sargans;3296;SG;9.439865637882036;47.04922173386994;de
Sargans;7320;00;Wartau;3276;SG;9.47158421299689;47.06775793181965;de
Wangs;7323;00;Vilters-Wangs;3297;SG;9.431649787828599;47.02971326144423;de
Vilters;7324;00;Vilters-Wangs;3297;SG;9.451827090864445;47.02630158296075;de
Schwendi im Weisstannental;7325;00;Mels;3293;SG;9.363898923107518;47.010490460325286;de
Weisstannen;7326;00;Mels;3293;SG;9.334822297013226;46.9895064073676;de
Bonaduz;7402;00;Bonaduz;3721;GR;9.397552200992331;46.81136077920193;de
Bonaduz;7402;00;Safiental;3672;GR;9.359333694440728;46.775315521772654;de
Rhäzüns;7403;00;Rhäzüns;3723;GR;9.396918197416671;46.7986122231758;rm
Feldis/Veulden;7404;00;Domleschg;3673;GR;9.432777477563544;46.79496830442225;multiple
Rothenbrunnen;7405;00;Rothenbrunnen;3637;GR;9.426849625963813;46.768193740904834;rm
Rothenbrunnen;7405;00;Cazis;3661;GR;9.418617102450087;46.76582631813891;rm
Trans;7407;00;Domleschg;3673;GR;9.466098361775817;46.761942298485074;rm
Cazis;7408;00;Cazis;3661;GR;9.428811998714544;46.72665018654922;rm
Sils im Domleschg;7411;00;Sils im Domleschg;3640;GR;9.45467174195701;46.703258962166245;de
Scharans;7412;00;Scharans;3638;GR;9.458826474311646;46.71710604670321;rm
Fürstenaubruck;7413;00;Fürstenau;3633;GR;9.450692179180026;46.71369547756973;rm
Fürstenau;7414;00;Fürstenau;3633;GR;9.4486535078785;46.72077720524435;rm
Rodels;7415;00;Domleschg;3673;GR;9.443783596987377;46.736547157192064;rm
Rodels;7415;00;Cazis;3661;GR;9.433318869718583;46.73458000862223;rm
Pratval;7415;02;Domleschg;3673;GR;9.446023188943462;46.732017563772104;rm
Almens;7416;00;Domleschg;3673;GR;9.456132776491009;46.73708529049742;rm
Paspels;7417;00;Domleschg;3673;GR;9.444179121697406;46.74858905288858;rm
Tumegl/Tomils;7418;00;Domleschg;3673;GR;9.442638330451224;46.76207769385134;multiple
Scheid;7419;00;Domleschg;3673;GR;9.450437051967027;46.78157495472543;rm
Summaprada;7421;00;Cazis;3661;GR;9.431994681123467;46.71362794030957;de
Summaprada;7421;00;Masein;3663;GR;9.429594336581859;46.710268488265775;de
Tartar;7422;00;Cazis;3661;GR;9.419487784556749;46.71861501637561;rm
Sarn;7423;00;Cazis;3661;GR;9.403805937120433;46.72056001482106;rm
Portein;7423;02;Cazis;3661;GR;9.389785721631162;46.712765298038896;rm
Präz;7424;00;Cazis;3661;GR;9.404115026085325;46.74125075198071;rm
Dalin;7424;01;Cazis;3661;GR;9.404163204181739;46.73503210958479;rm
Masein;7425;00;Masein;3663;GR;9.428782677957013;46.701032318122465;de
Flerden;7426;00;Flerden;3662;GR;9.40654714103431;46.70209319487838;rm
Urmein;7427;00;Urmein;3670;GR;9.39138245825761;46.696882999367574;de
Tschappina;7428;00;Tschappina;3669;GR;9.376350533492648;46.68909507810343;de
Thusis;7430;00;Thusis;3668;GR;9.438100717208648;46.6972968961395;de
Rongellen;7430;02;Rongellen;3711;GR;9.44611241340826;46.675352831751276;rm
Mutten;7431;01;Thusis;3668;GR;9.499761299751594;46.67831840051458;de
Obermutten;7431;02;Thusis;3668;GR;9.487136916585351;46.67329087759071;de
Zillis;7432;00;Zillis-Reischen;3712;GR;9.44781913361468;46.63761009105502;rm
Donat;7433;00;Muntogna da Schons;3715;GR;9.427970099420584;46.62968003364609;rm
Lohn GR;7433;03;Muntogna da Schons;3715;GR;9.425785318882276;46.65196231433287;rm
Mathon;7433;04;Muntogna da Schons;3715;GR;9.410870003252406;46.638220076328494;rm
Wergenstein;7433;05;Muntogna da Schons;3715;GR;9.397714230374728;46.6256065224807;rm
Sufers;7434;00;Sufers;3695;GR;9.367000891904613;46.57197918843512;de
Splügen;7435;00;Rheinwald;3714;GR;9.322518983932403;46.552451785192666;de
Medels im Rheinwald;7436;00;Rheinwald;3714;GR;9.294357334655638;46.54821792817914;de
Nufenen;7437;00;Rheinwald;3714;GR;9.244277337599145;46.54120513576381;de
Hinterrhein;7438;00;Rheinwald;3714;GR;9.196980839039;46.53195896483865;de
Andeer;7440;00;Andeer;3701;GR;9.425229579397124;46.601328779294434;rm
Clugin;7442;00;Andeer;3701;GR;9.423972885942998;46.615811223585546;rm
Pignia;7443;00;Andeer;3701;GR;9.438476433508244;46.61285776700188;rm
Ausserferrera;7444;00;Ferrera;3713;GR;9.443715248209477;46.55872045860476;rm
Innerferrera;7445;00;Ferrera;3713;GR;9.446661948892011;46.52001964388898;rm
Avers;7447;00;Avers;3681;GR;9.517422310707794;46.46539311786299;de
Avers;7447;00;Bregaglia;3792;GR;9.50267597352001;46.4061264268035;de
Juf;7448;00;Avers;3681;GR;9.579612229596183;46.44540208590135;de
Tiefencastel;7450;00;Albula/Alvra;3542;GR;9.575227987507784;46.66216118189836;rm
Tiefencastel;7450;00;Vaz/Obervaz;3506;GR;9.514675035612797;46.681953082526796;rm
Alvaschein;7451;00;Albula/Alvra;3542;GR;9.550687222224674;46.67534312712779;rm
Cunter;7452;00;Surses;3543;GR;9.592177737855469;46.6076863556629;rm
Tinizong;7453;00;Surses;3543;GR;9.625054098638653;46.582761913733044;rm
Rona;7454;00;Surses;3543;GR;9.625190565278748;46.56031555288723;rm
Mulegns;7455;00;Surses;3543;GR;9.614331830036388;46.52323170511114;rm
Sur;7456;00;Surses;3543;GR;9.637485278403037;46.52417183061948;rm
Marmorera;7456;02;Surses;3543;GR;9.669705937359314;46.5032341396982;rm
Bivio;7457;00;Surses;3543;GR;9.65110395237432;46.467572366640475;rm
Mon;7458;00;Albula/Alvra;3542;GR;9.561467665427033;46.65093593853847;rm
Stierva;7459;00;Albula/Alvra;3542;GR;9.539226443063207;46.66303772093511;rm
Savognin;7460;00;Surses;3543;GR;9.599028986951353;46.59745962506101;rm
Salouf;7462;00;Surses;3543;GR;9.573892820764264;46.62641567330115;rm
Riom;7463;00;Surses;3543;GR;9.581838760608763;46.609069406453806;rm
Parsonz;7464;00;Surses;3543;GR;9.571468777047311;46.59975239619137;rm
Surava;7472;00;Albula/Alvra;3542;GR;9.616460517556455;46.66590682419176;rm
Alvaneu Bad;7473;00;Albula/Alvra;3542;GR;9.64879696763362;46.66965759961527;rm
Filisur;7477;00;Bergün Filisur;3544;GR;9.686360023821925;46.671964413548;rm
Bergün/Bravuogn;7482;00;Bergün Filisur;3544;GR;9.751259532759521;46.628665016461085;multiple
Preda;7482;01;Bergün Filisur;3544;GR;9.770874576533513;46.5900887267592;rm
Stugl/Stuls;7482;02;Bergün Filisur;3544;GR;9.731535220265705;46.65270543038719;multiple
Latsch;7484;00;Bergün Filisur;3544;GR;9.751291302676902;46.63459502129358;rm
Alvaneu Dorf;7492;00;Albula/Alvra;3542;GR;9.645899903708965;46.67905482367168;rm
Schmitten (Albula);7493;00;Schmitten (GR);3514;GR;9.673272317122308;46.68709749636761;de
Davos Wiesen;7494;00;Davos;3851;GR;9.713108191005968;46.70453294517;de
Davos Wiesen;7494;00;Bergün Filisur;3544;GR;9.727004772526481;46.695372494729476;de
St. Moritz;7500;00;St. Moritz;3787;GR;9.833532039744224;46.48553273370204;rm
St. Moritz;7500;00;Celerina/Schlarigna;3782;GR;9.8668960341528;46.494032350580966;rm
Bever;7502;00;Bever;3781;GR;9.88857146264394;46.5522986256762;rm
Samedan;7503;00;Samedan;3786;GR;9.87149318380523;46.534278548842316;rm
Pontresina;7504;00;Pontresina;3784;GR;9.901154408715666;46.493697306616404;rm
Pontresina;7504;00;Samedan;3786;GR;9.867384455209857;46.43459291381241;rm
Pontresina;7504;00;Celerina/Schlarigna;3782;GR;9.895185950265208;46.492548586303236;rm
Celerina/Schlarigna;7505;00;Celerina/Schlarigna;3782;GR;9.857887710296191;46.5123212598961;multiple
Champfèr;7512;00;Silvaplana;3790;GR;9.810677968987745;46.47704796331243;rm
Champfèr;7512;00;St. Moritz;3787;GR;9.813536923487623;46.47926512504612;rm
Silvaplana;7513;00;Silvaplana;3790;GR;9.795105034619931;46.459849889868956;rm
Silvaplana-Surlej;7513;02;Silvaplana;3790;GR;9.811154143828224;46.458174502972454;rm
Silvaplana-Surlej;7513;02;Samedan;3786;GR;9.821471499662083;46.4179721540934;rm
Sils/Segl Maria;7514;00;Sils im Engadin/Segl;3789;GR;9.765120894767986;46.43181382354255;multiple
Fex;7514;02;Sils im Engadin/Segl;3789;GR;9.764735123478767;46.414326481902116;rm
Sils/Segl Baselgia;7515;00;Sils im Engadin/Segl;3789;GR;9.757144630700932;46.43278712132462;multiple
Maloja;7516;00;Bregaglia;3792;GR;9.698524423476092;46.403849299190064;it
Plaun da Lej;7517;00;Sils im Engadin/Segl;3789;GR;9.717579377272436;46.42296964849671;rm
La Punt Chamues-ch;7522;00;La Punt Chamues-ch;3785;GR;9.928540646546669;46.576324496567935;rm
Madulain;7523;00;Madulain;3783;GR;9.939536841083672;46.587756416238605;rm
Zuoz;7524;00;Zuoz;3791;GR;9.95835602038227;46.60136342625404;rm
S-chanf;7525;00;S-chanf;3788;GR;9.986085848174476;46.61288732850805;rm
Cinuos-chel;7526;00;S-chanf;3788;GR;10.023239284259502;46.64118396823204;rm
Chapella;7526;01;S-chanf;3788;GR;10.004420016007517;46.634823356888276;rm
Brail;7527;00;Zernez;3746;GR;10.03289043660381;46.65493319484619;rm
Zernez;7530;00;Zernez;3746;GR;10.093378697265633;46.69946962303594;rm
Tschierv;7532;00;Val Müstair;3847;GR;10.336447382817624;46.6275837822737;rm
Fuldera;7533;00;Val Müstair;3847;GR;10.369619935350302;46.60970278902689;rm
Lü;7534;00;Val Müstair;3847;GR;10.374209102222363;46.61963957913961;rm
Valchava;7535;00;Val Müstair;3847;GR;10.405746732550874;46.60106961414531;rm
Sta. Maria Val Müstair;7536;00;Val Müstair;3847;GR;10.424016769088224;46.602932141965674;rm
Müstair;7537;00;Val Müstair;3847;GR;10.446975509766949;46.625643012608144;rm
Susch;7542;00;Zernez;3746;GR;10.078586395081246;46.7503424443668;rm
Lavin;7543;00;Zernez;3746;GR;10.110769356569788;46.76743247369542;rm
Guarda;7545;00;Scuol;3762;GR;10.153249769766148;46.77549366943382;rm
Ardez;7546;00;Scuol;3762;GR;10.19955862735866;46.7759219893221;rm
Scuol;7550;00;Scuol;3762;GR;10.29959354106571;46.79742889281741;rm
Ftan;7551;00;Scuol;3762;GR;10.24839999524782;46.79397456122018;rm
Vulpera;7552;00;Scuol;3762;GR;10.28742577565315;46.78719256867857;rm
Tarasp;7553;00;Scuol;3762;GR;10.261077371232105;46.77853978033697;rm
Sent;7554;00;Scuol;3762;GR;10.33905519401187;46.817289812016426;rm
Ramosch;7556;00;Valsot;3764;GR;10.381800452411067;46.83452377897782;rm
Vnà;7557;00;Valsot;3764;GR;10.36311730072871;46.84336601646316;rm
Vnà;7557;00;Scuol;3762;GR;10.330220488620386;46.87104545121268;rm
Strada;7558;00;Valsot;3764;GR;10.434917862712037;46.86408260656925;rm
Tschlin;7559;00;Valsot;3764;GR;10.425088152119507;46.870236027113364;rm
Martina;7560;00;Valsot;3764;GR;10.461411728838486;46.88828456082755;rm
Samnaun-Compatsch;7562;00;Samnaun;3752;GR;10.399355350656892;46.959994564188335;de
Samnaun Dorf;7563;00;Samnaun;3752;GR;10.3654575599355;46.948839984092395;de
Casaccia;7602;00;Bregaglia;3792;GR;9.664954247711119;46.38814386240298;it
Vicosoprano;7603;00;Bregaglia;3792;GR;9.623946324526136;46.3531883939715;it
Borgonovo;7604;00;Bregaglia;3792;GR;9.603970471143786;46.34764167190491;it
Stampa;7605;00;Bregaglia;3792;GR;9.583379237034517;46.344172938445226;it
Promontogno;7606;00;Bregaglia;3792;GR;9.5561423537406;46.33781033989678;it
Bondo;7606;01;Bregaglia;3792;GR;9.552568981841263;46.33312567787369;de
Castasegna;7608;00;Bregaglia;3792;GR;9.516918152530803;46.334415636295205;it
Soglio;7610;00;Bregaglia;3792;GR;9.539341806368434;46.342145792235485;it
Ospizio Bernina;7710;00;Poschiavo;3561;GR;10.0434947435334;46.409533218656975;it
Alp Grüm;7710;02;Poschiavo;3561;GR;10.033240772192466;46.3738919981953;it
S. Carlo (Poschiavo);7741;00;Poschiavo;3561;GR;10.064265402622155;46.34535594852388;it
Poschiavo;7742;00;Poschiavo;3561;GR;10.057358617647909;46.32530034768807;it
Sfazù;7742;02;Poschiavo;3561;GR;10.099857388420975;46.39109541166684;it
La Rösa;7742;03;Poschiavo;3561;GR;10.065985056065294;46.40184961032565;it
Brusio;7743;00;Brusio;3551;GR;10.122725965613524;46.26173448947709;it
Miralago;7743;02;Poschiavo;3561;GR;10.100524907186154;46.2731954709529;it
Miralago;7743;02;Brusio;3551;GR;10.101581867720855;46.27304457119935;it
Campocologno;7744;00;Brusio;3551;GR;10.142108711283647;46.23291041609532;it
Li Curt;7745;00;Poschiavo;3561;GR;10.063568872659424;46.31078234402987;it
Le Prese;7746;00;Poschiavo;3561;GR;10.079171169090777;46.29587406222464;it
Viano;7747;00;Brusio;3551;GR;10.14428007916653;46.252840708411696;it
Campascio;7748;00;Brusio;3551;GR;10.128485059222186;46.2443607606519;it
Zürich;8001;00;Zürich;261;ZH;8.5424538453222;47.372308632286455;de
Zürich;8002;00;Zürich;261;ZH;8.529867196295243;47.3609504218015;de
Zürich;8003;00;Zürich;261;ZH;8.517103053587112;47.371963427775945;de
Zürich;8004;00;Zürich;261;ZH;8.523288111181186;47.377239616426685;de
Zürich;8005;00;Zürich;261;ZH;8.525754535611838;47.385842732133355;de
Zürich;8006;00;Zürich;261;ZH;8.545292735904063;47.3865927297997;de
Zürich;8008;00;Zürich;261;ZH;8.559099121707222;47.356604656672566;de
Zürich;8032;00;Zürich;261;ZH;8.562336125374006;47.36698965669534;de
Zürich;8037;00;Zürich;261;ZH;8.526694079505303;47.3942352901801;de
Zürich;8038;00;Zürich;261;ZH;8.530262854441931;47.34083343753426;de
Zürich;8041;00;Zürich;261;ZH;8.515783495285486;47.33221711661239;de
Zürich;8041;00;Adliswil;131;ZH;8.513352510950293;47.32254292467264;de
Zürich;8044;00;Zürich;261;ZH;8.56041200501164;47.37999739769531;de
Gockhausen;8044;01;Dübendorf;191;ZH;8.59756308699573;47.382599078628544;de
Zürich;8045;00;Zürich;261;ZH;8.51269370636912;47.358161016748944;de
Zürich;8046;00;Zürich;261;ZH;8.514283311235731;47.41727077652821;de
Zürich;8047;00;Zürich;261;ZH;8.490075627658973;47.37453333892833;de
Zürich;8048;00;Zürich;261;ZH;8.4838609958064;47.38714680891942;de
Zürich;8049;00;Zürich;261;ZH;8.496391704095883;47.4032148079863;de
Zürich;8050;00;Zürich;261;ZH;8.552983133629779;47.410427776326664;de
Zürich;8051;00;Zürich;261;ZH;8.579836325238634;47.40395014528243;de
Zürich;8051;00;Dübendorf;191;ZH;8.589022233520566;47.39350648665631;de
Zürich;8052;00;Zürich;261;ZH;8.545080457142905;47.423573472425346;de
Zürich;8052;00;Rümlang;97;ZH;8.543828484947309;47.432859288063504;de
Zürich;8052;00;Opfikon;66;ZH;8.562018170699973;47.417441315355546;de
Zürich;8053;00;Zürich;261;ZH;8.590330707242238;47.358645136311964;de
Zürich;8055;00;Zürich;261;ZH;8.50617879969707;47.36665885167751;de
Zürich;8057;00;Zürich;261;ZH;8.541669998048656;47.399697242503784;de
Zürich;8064;00;Zürich;261;ZH;8.48848543767767;47.39733221161798;de
Oberengstringen;8102;00;Oberengstringen;245;ZH;8.462934204566507;47.40920095736719;de
Unterengstringen;8103;00;Unterengstringen;249;ZH;8.449535149334235;47.41323169210607;de
Weiningen ZH;8104;00;Weiningen (ZH);251;ZH;8.43593698739105;47.41947530299078;de
Regensdorf;8105;00;Regensdorf;96;ZH;8.467371520224733;47.4324493464671;de
Watt;8105;02;Regensdorf;96;ZH;8.478224603312734;47.445160977410296;de
Adlikon b. Regensdorf;8106;02;Regensdorf;96;ZH;8.46538890843657;47.45131114568056;de
Buchs ZH;8107;00;Buchs (ZH);83;ZH;8.437663267261238;47.4571036579032;de
Buchs ZH;8107;00;Otelfingen;94;ZH;8.411158323458322;47.45526068938554;de
Dällikon;8108;00;Dällikon;84;ZH;8.440586452274122;47.43907982514193;de
Kloster Fahr;8109;00;Würenlos;4048;AG;8.438676414649272;47.40797417779076;de
Otelfingen;8112;00;Otelfingen;94;ZH;8.38938258847736;47.46045170798499;de
Boppelsen;8113;00;Boppelsen;82;ZH;8.403015292016095;47.47061081409797;de
Dänikon ZH;8114;00;Dänikon;85;ZH;8.407851363240333;47.44552915984574;de
Hüttikon;8115;00;Hüttikon;87;ZH;8.38651895764088;47.44487840747412;de
Fällanden;8117;00;Fällanden;193;ZH;8.639122971856176;47.372018970552325;de
Pfaffhausen;8118;00;Fällanden;193;ZH;8.624183437669986;47.365327866563405;de
Benglen;8121;00;Fällanden;193;ZH;8.63518015671045;47.359772273083216;de
Binz;8122;00;Maur;195;ZH;8.62606205199051;47.357536608560466;de
Ebmatingen;8123;00;Maur;195;ZH;8.640368270572795;47.35090294042811;de
Maur;8124;00;Maur;195;ZH;8.669606874381838;47.339422546844155;de
Zollikerberg;8125;00;Zollikon;161;ZH;8.60034899999689;47.34575346114228;de
Zollikerberg;8125;00;Zürich;261;ZH;8.602155710261098;47.35091656701878;de
Zumikon;8126;00;Zumikon;160;ZH;8.622123872353901;47.33159844486466;de
Forch;8127;00;Maur;195;ZH;8.65518906527097;47.32753050885014;de
Forch;8127;00;Küsnacht (ZH);154;ZH;8.640664801047196;47.321781702294636;de
Forch;8127;00;Egg;192;ZH;8.661321248439423;47.305300782813575;de
Egg b. Zürich;8132;00;Egg;192;ZH;8.690238796995176;47.29829790902622;de
Hinteregg;8132;02;Egg;192;ZH;8.68258985802025;47.307691082865794;de
Hinteregg;8132;02;Maur;195;ZH;8.683737632591207;47.317204988981906;de
Esslingen;8133;00;Egg;192;ZH;8.711015365207633;47.288427223837346;de
Adliswil;8134;00;Adliswil;131;ZH;8.52565794335939;47.312928661736564;de
Adliswil;8134;00;Zürich;261;ZH;8.529149258757256;47.327144222697626;de
Adliswil;8134;00;Stallikon;13;ZH;8.505747597888279;47.312044091570286;de
Langnau am Albis;8135;00;Langnau am Albis;136;ZH;8.536110402376988;47.28608658373035;de
Sihlbrugg Station;8135;02;Horgen;295;ZH;8.577121118034412;47.239704022969114;de
Sihlwald;8135;03;Horgen;295;ZH;8.556841239942026;47.26850826617097;de
Gattikon;8136;00;Thalwil;141;ZH;8.54876476918805;47.28431930079755;de
Uitikon Waldegg;8142;00;Uitikon;248;ZH;8.458749447539471;47.36780709731432;de
Uitikon Waldegg;8142;00;Zürich;261;ZH;8.46866652188974;47.36576715892095;de
Uitikon Waldegg;8142;00;Birmensdorf (ZH);242;ZH;8.466344280220852;47.35587528412222;de
Stallikon;8143;00;Stallikon;13;ZH;8.487368143664211;47.333837068821296;de
Uetliberg;8143;02;Stallikon;13;ZH;8.489684716285732;47.35000726926198;de
Uetliberg;8143;02;Zürich;261;ZH;8.492029625639969;47.34965256342063;de
Uetliberg;8143;02;Uitikon;248;ZH;8.486669054803487;47.35347981229964;de
Glattbrugg;8152;00;Opfikon;66;ZH;8.564263167744372;47.431915592673086;de
Glattbrugg;8152;00;Rümlang;97;ZH;8.554458727793081;47.432793181999614;de
Glattbrugg;8152;00;Zürich;261;ZH;8.555286368540505;47.4299067909736;de
Opfikon;8152;01;Opfikon;66;ZH;8.57748959197288;47.428044144838346;de
Glattpark (Opfikon);8152;02;Opfikon;66;ZH;8.561966633723975;47.42171057644;de
Rümlang;8153;00;Rümlang;97;ZH;8.529688011490135;47.44987706152734;de
Oberglatt ZH;8154;00;Oberglatt;92;ZH;8.517300291356307;47.47593439083712;de
Niederhasli;8155;00;Niederhasli;90;ZH;8.489161084534873;47.48064563352431;de
Niederhasli;8155;00;Niederglatt;89;ZH;8.479838943538338;47.491766391482116;de
Niederhasli;8155;00;Steinmaur;101;ZH;8.474938749311441;47.49091988161336;de
Nassenwil;8155;01;Niederhasli;90;ZH;8.470064172319828;47.46538238812973;de
Oberhasli;8156;00;Niederhasli;90;ZH;8.500990984843272;47.467756059792656;de
Dielsdorf;8157;00;Dielsdorf;86;ZH;8.453483023168392;47.479947538170926;de
Regensberg;8158;00;Regensberg;95;ZH;8.437804340114376;47.482278639151424;de
Regensberg;8158;00;Boppelsen;82;ZH;8.400999378063974;47.48163703414717;de
Steinmaur;8162;00;Steinmaur;101;ZH;8.451477170181352;47.49584970676928;de
Steinmaur;8162;00;Neerach;88;ZH;8.456907336746792;47.51083460255063;de
Sünikon;8162;01;Steinmaur;101;ZH;8.436627023355632;47.49024906966836;de
Bachs;8164;00;Bachs;81;ZH;8.437244882250193;47.52527768992532;de
Bachs;8164;00;Neerach;88;ZH;8.460516304825074;47.51385850153901;de
Schöfflisdorf;8165;00;Schöfflisdorf;99;ZH;8.416503643957082;47.50078256569635;de
Oberweningen;8165;02;Oberweningen;93;ZH;8.40614338830752;47.50184100100273;de
Schleinikon;8165;03;Schleinikon;98;ZH;8.394553729853838;47.498771163352515;de
Niederweningen;8166;00;Niederweningen;91;ZH;8.375553192013774;47.506625763296405;de
Niederglatt ZH;8172;00;Niederglatt;89;ZH;8.49975110504282;47.492718935976534;de
Neerach;8173;00;Neerach;88;ZH;8.471963434142523;47.50990723823472;de
Stadel b. Niederglatt;8174;00;Stadel;100;ZH;8.464832960481857;47.52908416097084;de
Stadel b. Niederglatt;8174;00;Neerach;88;ZH;8.471188888208465;47.51992516160897;de
Windlach;8175;00;Stadel;100;ZH;8.469760662435023;47.542127487991074;de
Bülach;8180;00;Bülach;53;ZH;8.540648256332245;47.5200227293722;de
Bülach;8180;00;Winkel;72;ZH;8.566410073879602;47.506984189443145;de
Bülach;8180;00;Bachenbülach;51;ZH;8.56505168300937;47.50991172290245;de
Höri;8181;00;Höri;60;ZH;8.505819974243611;47.506802857350486;de
Hochfelden;8182;00;Hochfelden;59;ZH;8.515625161554146;47.522290889900134;de
Bachenbülach;8184;00;Bachenbülach;51;ZH;8.5477199504018;47.50448426258323;de
Winkel;8185;00;Winkel;72;ZH;8.55717761649456;47.48838252076712;de
Weiach;8187;00;Weiach;102;ZH;8.4364679083729;47.556747107900996;de
Glattfelden;8192;00;Glattfelden;58;ZH;8.502524690797634;47.558390308126214;de
Glattfelden;8192;00;Bülach;53;ZH;8.524359547863686;47.54879750760325;de
Glattfelden;8192;00;Hochfelden;59;ZH;8.498254479942984;47.53949588069966;de
Zweidlen;8192;01;Glattfelden;58;ZH;8.472128571969362;47.57030412995362;de
Eglisau;8193;00;Eglisau;55;ZH;8.522793406259206;47.57556196415768;de
Eglisau;8193;00;Glattfelden;58;ZH;8.495209601454546;47.578083188377796;de
Hüntwangen;8194;00;Hüntwangen;61;ZH;8.49267608531438;47.59576229714056;de
Wasterkingen;8195;00;Wasterkingen;70;ZH;8.471041880202192;47.59029040114662;de
Wil ZH;8196;00;Wil (ZH);71;ZH;8.505881859945005;47.60511265355329;de
Wil ZH;8196;00;Wasterkingen;70;ZH;8.478083479524319;47.61040185387933;de
Rafz;8197;00;Rafz;67;ZH;8.539352297746579;47.61260709473465;de
Rafz;8197;00;Eglisau;55;ZH;8.541863671437454;47.59201294022289;de
Rafz;8197;00;Wil (ZH);71;ZH;8.534836401770077;47.59232241776096;de
Schaffhausen;8200;00;Schaffhausen;2939;SH;8.634552303105004;47.70355182691564;de
Schaffhausen;8200;00;Neuhausen am Rheinfall;2937;SH;8.623120980399447;47.691085929646945;de
Schaffhausen;8200;00;Büttenhardt;2914;SH;8.631214847300598;47.74705490526093;de
Schaffhausen;8203;00;Schaffhausen;2939;SH;8.655529802333389;47.69680422416681;de
Schaffhausen;8207;00;Schaffhausen;2939;SH;8.659880970328542;47.722572134096666;de
Schaffhausen;8208;00;Schaffhausen;2939;SH;8.636230449173876;47.71235789199157;de
Neuhausen am Rheinfall;8212;00;Neuhausen am Rheinfall;2937;SH;8.615204403554033;47.6837190988251;de
Neuhausen am Rheinfall;8212;00;Schaffhausen;2939;SH;8.620435374194507;47.6955024735787;de
Nohl;8212;04;Laufen-Uhwiesen;34;ZH;8.607334625865546;47.66992032539888;de
Neunkirch;8213;00;Neunkirch;2904;SH;8.498795036403866;47.68841021337539;de
Gächlingen;8214;00;Gächlingen;2901;SH;8.499239823914877;47.703974862301145;de
Hallau;8215;00;Hallau;2971;SH;8.458101221948695;47.69668905628841;de
Oberhallau;8216;00;Oberhallau;2972;SH;8.47707645925058;47.70642346634595;de
Wilchingen;8217;00;Wilchingen;2974;SH;8.466551699192113;47.670127148604884;de
Wilchingen;8217;00;Trasadingen;2973;SH;8.447015687962887;47.65812036839007;de
Wilchingen;8217;00;Neunkirch;2904;SH;8.46560552691262;47.68245739932415;de
Osterfingen;8218;00;Wilchingen;2974;SH;8.48749148888327;47.66243885958889;de
Trasadingen;8219;00;Trasadingen;2973;SH;8.43065735694574;47.66751613848512;de
Beringen;8222;00;Beringen;2932;SH;8.579549139805787;47.69797073177601;de
Beringen;8222;00;Schaffhausen;2939;SH;8.605183225901476;47.69437939745575;de
Guntmadingen;8223;00;Beringen;2932;SH;8.557874686890385;47.68544574991224;de
Guntmadingen;8223;00;Neunkirch;2904;SH;8.539212374027208;47.687296926557615;de
Guntmadingen;8223;00;Löhningen;2903;SH;8.55660999185532;47.69178982212793;de
Löhningen;8224;00;Löhningen;2903;SH;8.551934116635643;47.70192613075268;de
Löhningen;8224;00;Neunkirch;2904;SH;8.525770943312038;47.698908931164986;de
Siblingen;8225;00;Siblingen;2953;SH;8.521612714749002;47.715128045601936;de
Siblingen;8225;00;Gächlingen;2901;SH;8.495778215076964;47.72680613101122;de
Schleitheim;8226;00;Schleitheim;2952;SH;8.484089121547509;47.74914466586827;de
Schleitheim;8226;00;Beggingen;2951;SH;8.510301504106742;47.76336827563964;de
Schleitheim;8226;00;Gächlingen;2901;SH;8.509532513974396;47.73921782990925;de
Beggingen;8228;00;Beggingen;2951;SH;8.535503326813208;47.76613740844577;de
Hemmental;8231;00;Schaffhausen;2939;SH;8.584077214734036;47.73362384542852;de
Merishausen;8232;00;Merishausen;2936;SH;8.609006618464;47.75949434508541;de
Bargen SH;8233;00;Bargen (SH);2931;SH;8.608624050221794;47.792254096714316;de
Stetten SH;8234;00;Stetten (SH);2919;SH;8.661238409427177;47.73863948880207;de
Lohn SH;8235;00;Lohn (SH);2917;SH;8.670896629063694;47.75545555558999;de
Büttenhardt;8236;00;Büttenhardt;2914;SH;8.652810806988539;47.756032458285055;de
Opfertshofen SH;8236;02;Thayngen;2920;SH;8.660682515464352;47.77634856914651;de
Dörflingen;8239;00;Dörflingen;2915;SH;8.721684524692762;47.70753352495361;de
Thayngen;8240;00;Thayngen;2920;SH;8.707752320402705;47.748943281863006;de
Barzheim;8241;00;Thayngen;2920;SH;8.720933646883886;47.76016740664481;de
Bibern SH;8242;00;Thayngen;2920;SH;8.678069792306458;47.7729987955268;de
Hofen SH;8242;01;Thayngen;2920;SH;8.67633606649985;47.782721819548335;de
Altdorf SH;8243;00;Thayngen;2920;SH;8.658660236644572;47.78469823072486;de
Feuerthalen;8245;00;Feuerthalen;27;ZH;8.644726502498346;47.69043195656504;de
Langwiesen;8246;00;Feuerthalen;27;ZH;8.660549885560746;47.684564216872545;de
Flurlingen;8247;00;Flurlingen;29;ZH;8.629255601550993;47.684871136376195;de
Uhwiesen;8248;00;Laufen-Uhwiesen;34;ZH;8.634754877414233;47.67122420357356;de
Schlatt TG;8252;00;Schlatt (TG);4546;TG;8.69986681744312;47.66262028046731;de
Schlatt TG;8252;00;Diessenhofen;4545;TG;8.707800459440957;47.67700599718541;de
Diessenhofen;8253;00;Diessenhofen;4545;TG;8.750988621867409;47.687139648794464;de
Willisdorf;8253;02;Diessenhofen;4545;TG;8.736242194746193;47.68113505565211;de
Basadingen;8254;00;Basadingen-Schlattingen;4536;TG;8.747116848770077;47.66898735666537;de
Schlattingen;8255;00;Basadingen-Schlattingen;4536;TG;8.770326717763652;47.6652786037159;de
Kaltenbach;8259;00;Wagenhausen;4871;TG;8.840221927828587;47.651314650888814;de
Etzwilen;8259;02;Wagenhausen;4871;TG;8.818172116412244;47.659799966833575;de
Rheinklingen;8259;03;Wagenhausen;4871;TG;8.809384391199027;47.67316223408722;de
Wagenhausen;8259;04;Wagenhausen;4871;TG;8.846980760816555;47.65969698256733;de
Stein am Rhein;8260;00;Stein am Rhein;2964;SH;8.857864369283098;47.65992425765279;de
Hemishofen;8261;00;Hemishofen;2962;SH;8.831750768472093;47.6769617253487;de
Ramsen;8262;00;Ramsen;2963;SH;8.813557325548441;47.707211549529745;de
Buch SH;8263;00;Buch (SH);2961;SH;8.78346098722141;47.7174396426478;de
Eschenz;8264;00;Eschenz;4806;TG;8.871885409229524;47.648157638170055;de
Eschenz;8264;00;Mammern;4826;TG;8.901379752185642;47.63356866738748;de
Mammern;8265;00;Mammern;4826;TG;8.915005447751092;47.644037235722145;de
Steckborn;8266;00;Steckborn;4864;TG;8.982007772338383;47.66317080351342;de
Berlingen;8267;00;Berlingen;4801;TG;9.023572586955057;47.67277540706328;de
Mannenbach-Salenstein;8268;00;Salenstein;4851;TG;9.05129050874287;47.67288854530925;de
Salenstein;8268;02;Salenstein;4851;TG;9.058116424430489;47.66963623146015;de
Fruthwilen;8269;00;Salenstein;4851;TG;9.06736755593057;47.661698950996964;de
Ermatingen;8272;00;Ermatingen;4646;TG;9.082084452862112;47.669542364084684;de
Triboltingen;8273;00;Ermatingen;4646;TG;9.108223704623967;47.6610106758703;de
Tägerwilen;8274;00;Tägerwilen;4696;TG;9.132984366863989;47.65458902703057;de
Gottlieben;8274;02;Gottlieben;4651;TG;9.1334751881981;47.66410804329446;de
Kreuzlingen;8280;00;Kreuzlingen;4671;TG;9.173753268399587;47.64490127056567;de
Kreuzlingen;8280;00;Tägerwilen;4696;TG;9.159171428030783;47.654149879509134;de
Kreuzlingen;8280;00;Bottighofen;4643;TG;9.204470741840725;47.639949130372145;de
Kloten;8302;00;Kloten;62;ZH;8.584012479603757;47.45398432942412;de
Bassersdorf;8303;00;Bassersdorf;52;ZH;8.629546610744107;47.443009265811355;de
Wallisellen;8304;00;Wallisellen;69;ZH;8.594772212328419;47.41634090953309;de
Dietlikon;8305;00;Dietlikon;54;ZH;8.616531979624156;47.42230089323011;de
Brüttisellen;8306;00;Wangen-Brüttisellen;200;ZH;8.63112110746428;47.42332969307668;de
Effretikon;8307;00;Illnau-Effretikon;296;ZH;8.689704934520112;47.42727114630571;de
Effretikon;8307;00;Volketswil;199;ZH;8.68258016988421;47.41223599279445;de
Ottikon b. Kemptthal;8307;02;Illnau-Effretikon;296;ZH;8.71816008478371;47.43537031775472;de
Illnau;8308;00;Illnau-Effretikon;296;ZH;8.721935821666813;47.40886423475368;de
Illnau;8308;00;Fehraltorf;172;ZH;8.746854950518832;47.40485174415817;de
Agasul;8308;02;Illnau-Effretikon;296;ZH;8.742341593139193;47.42507939134031;de
Agasul;8308;02;Weisslingen;180;ZH;8.746565895940766;47.427073621394044;de
Nürensdorf;8309;00;Nürensdorf;64;ZH;8.643323992909066;47.454776090405545;de
Nürensdorf;8309;00;Kloten;62;ZH;8.626911471525764;47.463356214647554;de
Kemptthal;8310;00;Lindau;176;ZH;8.70369948898488;47.44945404675467;de
Kemptthal;8310;00;Winterthur;230;ZH;8.712147432268727;47.46167577483002;de
Grafstal;8310;01;Lindau;176;ZH;8.699506124400182;47.44373390693183;de
Brütten;8311;00;Brütten;213;ZH;8.676500386870046;47.472784856355275;de
Winterberg ZH;8312;00;Lindau;176;ZH;8.694770062925967;47.45486752363361;de
Kyburg;8314;00;Illnau-Effretikon;296;ZH;8.742890392223309;47.4539751370211;de
Lindau;8315;00;Lindau;176;ZH;8.673794145224667;47.44250917981201;de
Tagelswangen;8317;00;Lindau;176;ZH;8.67224354553565;47.4305261465958;de
Fehraltorf;8320;00;Fehraltorf;172;ZH;8.75396248159598;47.38844431045454;de
Madetswil;8322;00;Russikon;178;ZH;8.79187837370324;47.41215035043042;de
Madetswil;8322;00;Wildberg;182;ZH;8.804734111191866;47.418403903156985;de
Gündisau;8322;02;Russikon;178;ZH;8.807981159588806;47.398818200003;de
Pfäffikon ZH;8330;00;Pfäffikon;177;ZH;8.785902262009516;47.36816903398733;de
Auslikon;8331;00;Pfäffikon;177;ZH;8.808229672125838;47.34458959385365;de
Russikon;8332;00;Russikon;178;ZH;8.77510803656293;47.39498422768425;de
Rumlikon;8332;02;Russikon;178;ZH;8.7610153051389;47.408432673178;de
Hittnau;8335;00;Hittnau;173;ZH;8.82571970767903;47.36620432638786;de
Hinwil;8340;00;Hinwil;117;ZH;8.845717086325877;47.29965425174118;de
Hinwil;8340;00;Dürnten;113;ZH;8.851085233584975;47.28413362404625;de
Hinwil;8340;00;Bäretswil;111;ZH;8.851503983044887;47.32318064449313;de
Hinwil;8340;00;Fischenthal;114;ZH;8.891286316713703;47.314635104695164;de
Wernetshausen;8342;00;Hinwil;117;ZH;8.86649129004119;47.2971499203098;de
Bäretswil;8344;00;Bäretswil;111;ZH;8.85769274095725;47.33675042942894;de
Adetswil;8345;00;Bäretswil;111;ZH;8.841504248467656;47.33910734517627;de
Adetswil;8345;00;Wetzikon (ZH);121;ZH;8.830212773344302;47.33493507440078;de
Elsau;8352;00;Elsau;219;ZH;8.801226016232151;47.50142753962839;de
Ricketwil (Winterthur);8352;02;Winterthur;230;ZH;8.800261401506942;47.486569726009385;de
Elgg;8353;00;Elgg;294;ZH;8.866743984577694;47.494368047016636;de
Hofstetten ZH;8354;00;Elgg;294;ZH;8.857858158153368;47.47075644370366;de
Hofstetten ZH;8354;00;Schlatt (ZH);226;ZH;8.8413287671726;47.47229834022467;de
Dickbuch;8354;01;Elgg;294;ZH;8.83076006765401;47.49631763416065;de
Aadorf;8355;00;Aadorf;4551;TG;8.903193007810433;47.491079014637265;de
Aadorf;8355;00;Elgg;294;ZH;8.89206766645808;47.4933781685032;de
Ettenhausen TG;8356;00;Aadorf;4551;TG;8.898917127446422;47.47987968857543;de
Guntershausen b. Aadorf;8357;00;Aadorf;4551;TG;8.918455396730122;47.47533159420546;de
Eschlikon TG;8360;00;Eschlikon;4724;TG;8.967646451003343;47.46447288091079;de
Eschlikon TG;8360;00;Münchwilen (TG);4746;TG;8.968739548162455;47.47295935364639;de
Wallenwil;8360;02;Eschlikon;4724;TG;8.955841959841246;47.45755770308324;de
Balterswil;8362;00;Bichelsee-Balterswil;4721;TG;8.936195879948697;47.454638277137065;de
Bichelsee;8363;00;Bichelsee-Balterswil;4721;TG;8.922309264656892;47.44939288250618;de
Bichelsee;8363;00;Turbenthal;228;ZH;8.915900762991113;47.43447017231032;de
Sirnach;8370;00;Sirnach;4761;TG;8.994558981559392;47.46345732407716;de
Sirnach;8370;00;Eschlikon;4724;TG;8.98368004545946;47.460211751129975;de
Busswil TG;8371;00;Sirnach;4761;TG;9.014320598813624;47.45258373989008;de
Wiezikon b. Sirnach;8372;00;Sirnach;4761;TG;8.98507513204872;47.450252785517456;de
Wiezikon b. Sirnach;8372;00;Fischingen;4726;TG;8.979962525624217;47.44361018914258;de
Dussnang;8374;00;Fischingen;4726;TG;8.957394693217331;47.430640068766216;de
Oberwangen TG;8374;02;Fischingen;4726;TG;8.97307647198944;47.43013611767334;de
Fischingen;8376;00;Fischingen;4726;TG;8.968616266466244;47.4151722072151;de
Fischingen;8376;00;Kirchberg (SG);3392;SG;8.983899315671984;47.40885166018677;de
Au TG;8376;02;Fischingen;4726;TG;8.94883150683198;47.39562362055513;de
Au TG;8376;02;Mosnang;3394;SG;8.957749533195164;47.38361412281839;de
Winterthur;8400;00;Winterthur;230;ZH;8.725998786330608;47.50075033840072;de
Winterthur;8404;00;Winterthur;230;ZH;8.756470901428175;47.509132764502;de
Reutlingen (Winterthur);8404;02;Winterthur;230;ZH;8.751050901964096;47.527814156021556;de
Stadel (Winterthur);8404;03;Winterthur;230;ZH;8.762531002463314;47.53496951580311;de
Winterthur;8405;00;Winterthur;230;ZH;8.767723318419899;47.482360394324466;de
Winterthur;8405;00;Schlatt (ZH);226;ZH;8.79978522498834;47.4726326089852;de
Winterthur;8406;00;Winterthur;230;ZH;8.705290875195214;47.488457607819626;de
Winterthur;8408;00;Winterthur;230;ZH;8.69254159622494;47.508880240666194;de
Winterthur;8409;00;Winterthur;230;ZH;8.775139457643164;47.505536598580015;de
Aesch (Neftenbach);8412;00;Neftenbach;223;ZH;8.679098132377183;47.541514735417934;de
Riet (Neftenbach);8412;01;Neftenbach;223;ZH;8.68769935344259;47.536709000239206;de
Hünikon (Neftenbach);8412;02;Neftenbach;223;ZH;8.668065800923458;47.55212930615186;de
Neftenbach;8413;00;Neftenbach;223;ZH;8.66600657406764;47.52568823737116;de
Buch am Irchel;8414;00;Buch am Irchel;24;ZH;8.620708837697736;47.55134475943118;de
Berg am Irchel;8415;00;Berg am Irchel;23;ZH;8.595862380788963;47.56957587778093;de
Gräslikon;8415;01;Berg am Irchel;23;ZH;8.605955387814728;47.557124991773186;de
Flaach;8416;00;Flaach;28;ZH;8.606816895616166;47.57575327760086;de
Schlatt ZH;8418;00;Schlatt (ZH);226;ZH;8.821309723544939;47.47386162490062;de
Dättlikon;8421;00;Dättlikon;215;ZH;8.62268027306103;47.5253476743128;de
Pfungen;8422;00;Pfungen;224;ZH;8.642961696835771;47.51494737701738;de
Embrach;8424;00;Embrach;56;ZH;8.59460494554503;47.50693103199945;de
Oberembrach;8425;00;Oberembrach;65;ZH;8.623510492774402;47.489323640151326;de
Lufingen;8426;00;Lufingen;63;ZH;8.59298592757174;47.48494571918606;de
Freienstein;8427;02;Freienstein-Teufen;57;ZH;8.585048610216546;47.53224742153419;de
Rorbas;8427;03;Rorbas;68;ZH;8.575297785514527;47.53151598390821;de
Teufen ZH;8428;00;Freienstein-Teufen;57;ZH;8.567745246959122;47.54984906383931;de
Teufen ZH;8428;00;Rorbas;68;ZH;8.571305583679083;47.54360799319648;de
Hettlingen;8442;00;Hettlingen;221;ZH;8.707864641868351;47.54680702192454;de
Henggart;8444;00;Henggart;31;ZH;8.682381766403264;47.56375078606687;de
Dachsen;8447;00;Dachsen;25;ZH;8.617147631046597;47.66569277113356;de
Dachsen;8447;00;Laufen-Uhwiesen;34;ZH;8.614725859206008;47.67596186329692;de
Andelfingen;8450;00;Andelfingen;291;ZH;8.677314399441956;47.59319991567474;de
Kleinandelfingen;8451;00;Kleinandelfingen;33;ZH;8.68519377702222;47.599753592199974;de
Adlikon b. Andelfingen;8452;00;Andelfingen;291;ZH;8.70497537486465;47.57685826938058;de
Alten;8453;00;Kleinandelfingen;33;ZH;8.646134095509353;47.59906943118912;de
Buchberg;8454;00;Buchberg;2933;SH;8.560544260407942;47.5731161055668;de
Rüdlingen;8455;00;Rüdlingen;2938;SH;8.568780760401923;47.58041166817497;de
Rüdlingen;8455;00;Buchberg;2933;SH;8.553017451966355;47.591919544472425;de
Humlikon;8457;00;Andelfingen;291;ZH;8.669653430425788;47.57648833526234;de
Dorf;8458;00;Dorf;26;ZH;8.647139059656881;47.57195799139609;de
Volken;8459;00;Volken;43;ZH;8.625511464724019;47.574816859850216;de
Marthalen;8460;00;Marthalen;35;ZH;8.651061513364652;47.627899673422704;de
Oerlingen;8461;00;Kleinandelfingen;33;ZH;8.675586366261639;47.62460070222422;de
Rheinau;8462;00;Rheinau;38;ZH;8.602646374011952;47.64077169009619;de
Benken ZH;8463;00;Benken (ZH);22;ZH;8.654205612444441;47.653618055225245;de
Ellikon am Rhein;8464;00;Marthalen;35;ZH;8.59808284102462;47.604920424458335;de
Ellikon am Rhein;8464;00;Rheinau;38;ZH;8.607957080473215;47.60398482539297;de
Rudolfingen;8465;00;Trüllikon;40;ZH;8.673939975895946;47.64016985021397;de
Wildensbuch;8465;01;Trüllikon;40;ZH;8.676375870528043;47.65216059015047;de
Trüllikon;8466;00;Trüllikon;40;ZH;8.691082745298914;47.637971372257525;de
Trüllikon;8466;00;Ossingen;37;ZH;8.691246820246675;47.624072936178464;de
Truttikon;8467;00;Truttikon;41;ZH;8.727089139751808;47.62953605156677;de
Waltalingen;8468;00;Stammheim;292;ZH;8.777600112888944;47.621669500048625;de
Guntalingen;8468;02;Stammheim;292;ZH;8.768577799014626;47.63379026174701;de
Rutschwil (Dägerlen);8471;00;Dägerlen;214;ZH;8.730906997138295;47.55686953436795;de
Dägerlen;8471;02;Dägerlen;214;ZH;8.722005913071094;47.56079127672578;de
Oberwil (Dägerlen);8471;03;Dägerlen;214;ZH;8.716482561756832;47.57313929159806;de
Berg (Dägerlen);8471;04;Dägerlen;214;ZH;8.732814435259298;47.563711373451646;de
Bänk (Dägerlen);8471;05;Dägerlen;214;ZH;8.7387191032611;47.54813801028392;de
Seuzach;8472;00;Seuzach;227;ZH;8.733993011457658;47.535211180779235;de
Unterohringen;8472;01;Seuzach;227;ZH;8.713680685209885;47.53451004168584;de
Oberohringen;8472;02;Seuzach;227;ZH;8.71316027535023;47.52721184669884;de
Dinhard;8474;00;Dinhard;216;ZH;8.765166822478161;47.55911302217561;de
Ossingen;8475;00;Ossingen;37;ZH;8.726014054659085;47.612107250222074;de
Unterstammheim;8476;00;Stammheim;292;ZH;8.789964637111161;47.638571298132796;de
Unterstammheim;8476;00;Basadingen-Schlattingen;4536;TG;8.776126345874765;47.649750111928206;de
Oberstammheim;8477;00;Stammheim;292;ZH;8.7984785076075;47.63272419238383;de
Thalheim an der Thur;8478;00;Thalheim an der Thur;39;ZH;8.746634364631218;47.58146510014713;de
Altikon;8479;00;Altikon;211;ZH;8.782308281366182;47.57329452233605;de
Sennhof (Winterthur);8482;00;Winterthur;230;ZH;8.758416265907679;47.46824544145839;de
Sennhof (Winterthur);8482;00;Illnau-Effretikon;296;ZH;8.755741945920922;47.46685466692637;de
Kollbrunn;8483;00;Zell (ZH);231;ZH;8.778685131201582;47.45818957490362;de
Kollbrunn;8483;00;Illnau-Effretikon;296;ZH;8.76596505212043;47.4475328582823;de
Weisslingen;8484;00;Weisslingen;180;ZH;8.767236250036172;47.43099378746502;de
Neschwil;8484;02;Weisslingen;180;ZH;8.788567345717967;47.42947833434797;de
Theilingen;8484;03;Weisslingen;180;ZH;8.767733674037082;47.421183086160944;de
Rikon im Tösstal;8486;00;Zell (ZH);231;ZH;8.79714339286184;47.44607337985194;de
Rikon im Tösstal;8486;00;Weisslingen;180;ZH;8.786061800716288;47.44780420129599;de
Zell ZH;8487;00;Zell (ZH);231;ZH;8.821115390297237;47.44545645941978;de
Rämismühle;8487;01;Zell (ZH);231;ZH;8.818939869489594;47.440822803965105;de
Turbenthal;8488;00;Turbenthal;228;ZH;8.848686625923358;47.4385658338869;de
Turbenthal;8488;00;Wildberg;182;ZH;8.832244214022738;47.43951180268487;de
Wildberg;8489;00;Wildberg;182;ZH;8.81748833271761;47.42624946231802;de
Schalchen;8489;01;Wildberg;182;ZH;8.826687969960002;47.40694287913798;de
Ehrikon;8489;02;Wildberg;182;ZH;8.8095161801394;47.418824046428554;de
Wila;8492;00;Wila;181;ZH;8.8465811967167;47.41811762232978;de
Wila;8492;00;Turbenthal;228;ZH;8.870591904401255;47.41153469076621;de
Saland;8493;00;Bauma;297;ZH;8.857231009684464;47.3875461441297;de
Saland;8493;00;Wila;181;ZH;8.855472238112467;47.3986144089805;de
Bauma;8494;00;Bauma;297;ZH;8.87903050111602;47.36831331167661;de
Bauma;8494;00;Fischenthal;114;ZH;8.921103428681963;47.35993640054152;de
Schmidrüti;8495;00;Turbenthal;228;ZH;8.9036633846179;47.41422368987531;de
Schmidrüti;8495;00;Fischingen;4726;TG;8.91843340782828;47.42542409745411;de
Steg im Tösstal;8496;00;Fischenthal;114;ZH;8.937694419000174;47.35106806527078;de
Steg im Tösstal;8496;00;Mosnang;3394;SG;8.961398986627845;47.354631913348015;de
Fischenthal;8497;00;Fischenthal;114;ZH;8.92320599204978;47.3332274322816;de
Fischenthal;8497;00;Wald (ZH);120;ZH;8.932298277703145;47.31438038736537;de
Gibswil;8498;00;Fischenthal;114;ZH;8.913275851509498;47.31340168360745;de
Gibswil;8498;00;Bäretswil;111;ZH;8.901873683163966;47.32739167141704;de
Gibswil;8498;00;Hinwil;117;ZH;8.897059371189831;47.31052223976007;de
Sternenberg;8499;00;Bauma;297;ZH;8.911509188071143;47.3888368806795;de
Sternenberg;8499;00;Fischingen;4726;TG;8.917555907126827;47.4005171242644;de
Frauenfeld;8500;00;Frauenfeld;4566;TG;8.898416328614706;47.55589700956406;de
Frauenfeld;8500;00;Gachnang;4571;TG;8.862503162775571;47.55358232050453;de
Frauenfeld;8500;00;Matzingen;4591;TG;8.935547209551485;47.54471882667757;de
Frauenfeld;8500;00;Thundorf;4611;TG;8.946062032052325;47.55897509829171;de
Frauenfeld;8500;00;Felben-Wellhausen;4561;TG;8.94323432674112;47.56564141145783;de
Gerlikon;8500;04;Frauenfeld;4566;TG;8.877719923009222;47.538480213662694;de
Gerlikon;8500;04;Hagenbuch;220;ZH;8.874955215945038;47.527117494299276;de
Pfyn;8505;00;Pfyn;4841;TG;8.955345231330666;47.596454388309624;de
Dettighofen;8505;02;Pfyn;4841;TG;8.951303838603529;47.61702524592353;de
Lanzenneunforn;8506;00;Herdern;4811;TG;8.936808276357093;47.623806774695765;de
Hörhausen;8507;00;Homburg;4816;TG;8.96925550382975;47.63610244143166;de
Hörhausen;8507;00;Mammern;4826;TG;8.931599830276973;47.6415492363486;de
Homburg;8508;00;Homburg;4816;TG;8.997085659275138;47.62893166383407;de
Homburg;8508;00;Pfyn;4841;TG;8.961284539412304;47.61249602502641;de
Thundorf;8512;00;Thundorf;4611;TG;8.962860704142242;47.54744812968913;de
Lustdorf;8512;02;Thundorf;4611;TG;8.988099571600731;47.551377195321386;de
Wetzikon TG;8512;03;Thundorf;4611;TG;9.000566200463622;47.53793241483229;de
Amlikon-Bissegg;8514;00;Amlikon-Bissegg;4881;TG;9.045061407535135;47.56320424771545;de
Amlikon-Bissegg;8514;00;Affeltrangen;4711;TG;9.033033710869471;47.54550515309903;de
Häuslenen;8522;00;Aadorf;4551;TG;8.902776193883081;47.5270299957856;de
Aawangen;8522;02;Aadorf;4551;TG;8.900143920623645;47.51293149660371;de
Hagenbuch ZH;8523;00;Hagenbuch;220;ZH;8.883261343695118;47.518531584625244;de
Hagenbuch ZH;8523;00;Elgg;294;ZH;8.892959325870951;47.501714734154135;de
Uesslingen;8524;00;Uesslingen-Buch;4616;TG;8.829611978349492;47.582307313970816;de
Buch b. Frauenfeld;8524;02;Uesslingen-Buch;4616;TG;8.840561102030698;47.59719714469261;de
Niederneunforn;8525;00;Neunforn;4601;TG;8.783044413739322;47.59553945917102;de
Wilen b. Neunforn;8525;02;Neunforn;4601;TG;8.797079136838795;47.60147447061134;de
Wilen b. Neunforn;8525;02;Stammheim;292;ZH;8.797853449867791;47.603147446602165;de
Oberneunforn;8526;00;Neunforn;4601;TG;8.767825158707797;47.606418754939654;de
Warth;8532;00;Warth-Weiningen;4621;TG;8.875911789680705;47.58408133442155;de
Weiningen TG;8532;02;Warth-Weiningen;4621;TG;8.887021868287606;47.5882967266288;de
Weiningen TG;8532;02;Herdern;4811;TG;8.901700810933093;47.59745840019066;de
Herdern;8535;00;Herdern;4811;TG;8.909661540572765;47.60638881337226;de
Herdern;8535;00;Hüttwilen;4821;TG;8.909683807588884;47.62445966604106;de
Hüttwilen;8536;00;Hüttwilen;4821;TG;8.87117650557213;47.60911925294739;de
Hüttwilen;8536;00;Herdern;4811;TG;8.890538755305524;47.60360740490628;de
Hüttwilen;8536;00;Warth-Weiningen;4621;TG;8.875494994656467;47.597660107154226;de
Nussbaumen TG;8537;00;Hüttwilen;4821;TG;8.829150267306833;47.62557861750116;de
Uerschhausen;8537;02;Hüttwilen;4821;TG;8.817088636399598;47.608416351594975;de
Wiesendangen;8542;00;Wiesendangen;298;ZH;8.787462804414622;47.52348297352761;de
Wiesendangen;8542;00;Winterthur;230;ZH;8.780872676780815;47.532284797304705;de
Bertschikon;8543;00;Wiesendangen;298;ZH;8.831484666026265;47.52600229753884;de
Gundetswil;8543;01;Wiesendangen;298;ZH;8.822817804710537;47.53996777578686;de
Kefikon ZH;8543;02;Wiesendangen;298;ZH;8.830996345396349;47.54791144608216;de
Attikon;8544;00;Wiesendangen;298;ZH;8.797032325004196;47.536270161104156;de
Rickenbach ZH;8545;00;Rickenbach (ZH);225;ZH;8.79613149809985;47.55195916823433;de
Rickenbach Sulz;8545;01;Rickenbach (ZH);225;ZH;8.788554027288292;47.53977840930074;de
Rickenbach Sulz;8545;01;Winterthur;230;ZH;8.781412141272922;47.534185506162096;de
Islikon;8546;00;Gachnang;4571;TG;8.843602346122188;47.545312586776696;de
Kefikon TG;8546;02;Gachnang;4571;TG;8.83366272850633;47.549273622831684;de
Menzengrüt;8546;03;Wiesendangen;298;ZH;8.821465812344213;47.54926690791511;de
Gachnang;8547;00;Gachnang;4571;TG;8.851698758966208;47.54003288348392;de
Ellikon an der Thur;8548;00;Ellikon an der Thur;218;ZH;8.82587502025553;47.562931752239805;de
Felben-Wellhausen;8552;00;Felben-Wellhausen;4561;TG;8.943347233309057;47.5766592011378;de
Harenwilen;8553;02;Hüttlingen;4590;TG;9.000999352381994;47.57072414303642;de
Mettendorf TG;8553;03;Hüttlingen;4590;TG;8.970070911376121;47.5777125149788;de
Hüttlingen;8553;04;Hüttlingen;4590;TG;8.979480887891997;47.57810055738845;de
Eschikofen;8553;05;Hüttlingen;4590;TG;9.005795595829674;47.58055437164063;de
Müllheim-Wigoltingen;8554;00;Wigoltingen;4951;TG;9.013781925635428;47.58938758454996;de
Bonau;8554;03;Wigoltingen;4951;TG;9.036198606757074;47.58402543326444;de
Bonau;8554;03;Amlikon-Bissegg;4881;TG;9.02429164072007;47.578881576862344;de
Müllheim Dorf;8555;00;Müllheim;4831;TG;9.002130354191937;47.60235467479513;de
Wigoltingen;8556;00;Wigoltingen;4951;TG;9.032081588118702;47.59834886442573;de
Engwang;8556;02;Wigoltingen;4951;TG;9.052762170320083;47.60054560439743;de
Illhart;8556;03;Wigoltingen;4951;TG;9.039371912943803;47.61914477841678;de
Lamperswil TG;8556;04;Wigoltingen;4951;TG;9.038426469433059;47.61206046873854;de
Raperswilen;8558;00;Raperswilen;4846;TG;9.04769318714771;47.63644467032931;de
Raperswilen;8558;00;Wäldi;4701;TG;9.059345016218563;47.63100225262933;de
Märstetten;8560;00;Märstetten;4941;TG;9.066826278246767;47.58991420798353;de
Märstetten;8560;00;Wigoltingen;4951;TG;9.07447009005038;47.60278715935413;de
Ottoberg;8561;00;Märstetten;4941;TG;9.084987353128412;47.586392360334685;de
Hefenhausen;8564;00;Wäldi;4701;TG;9.065167637895286;47.61692392465284;de
Engwilen;8564;02;Wäldi;4701;TG;9.094815936726269;47.61757489514419;de
Engwilen;8564;02;Wigoltingen;4951;TG;9.086938353289543;47.609393245444274;de
Sonterswil;8564;03;Wäldi;4701;TG;9.078675768332904;47.62137539488817;de
Wäldi;8564;04;Wäldi;4701;TG;9.093762338191912;47.633691825477555;de
Lipperswil;8564;05;Wäldi;4701;TG;9.056415324024707;47.615670012560756;de
Wagerswil;8564;06;Wigoltingen;4951;TG;9.064415474142931;47.60801098537449;de
Hattenhausen;8564;07;Wäldi;4701;TG;9.066824125740414;47.624079036064934;de
Gunterswilen;8564;08;Wäldi;4701;TG;9.077227074588938;47.63563561781343;de
Hugelshofen;8565;00;Kemmental;4666;TG;9.11635987658637;47.598788383076524;de
Neuwilen;8566;00;Kemmental;4666;TG;9.134705581064361;47.621010571831505;de
Dotnacht;8566;02;Kemmental;4666;TG;9.143541958039261;47.59664676771045;de
Ellighausen;8566;04;Kemmental;4666;TG;9.136379695299395;47.61345676438043;de
Lippoldswilen;8566;05;Kemmental;4666;TG;9.112762815080593;47.61123628774948;de
Weinfelden;8570;00;Weinfelden;4946;TG;9.11021858963303;47.56638475985471;de
Weinfelden;8570;00;Berg (TG);4891;TG;9.140136260647239;47.56882802269928;de
Berg TG;8572;00;Berg (TG);4891;TG;9.168550787064582;47.578896511882704;de
Andhausen;8572;02;Berg (TG);4891;TG;9.17788566215611;47.57854991991015;de
Graltshausen;8572;03;Berg (TG);4891;TG;9.181410501556513;47.59682145449633;de
Guntershausen b. Berg;8572;04;Berg (TG);4891;TG;9.1881035997635;47.57313356926255;de
Siegershausen;8573;00;Kemmental;4666;TG;9.16826398368058;47.61088970803614;de
Alterswilen;8573;02;Kemmental;4666;TG;9.154896591840622;47.61012573704552;de
Altishausen;8573;03;Kemmental;4666;TG;9.171037800101754;47.6009170272518;de
Illighausen;8574;01;Lengwil;4683;TG;9.207397767872429;47.60401145207772;de
Oberhofen TG;8574;02;Lengwil;4683;TG;9.193943069944945;47.617862460211555;de
Lengwil;8574;03;Lengwil;4683;TG;9.19371173275534;47.62454079444286;de
Dettighofen (Lengwil);8574;04;Lengwil;4683;TG;9.201666361467387;47.62046205559844;de
Bürglen TG;8575;00;Bürglen (TG);4911;TG;9.15315468416415;47.55088737702046;de
Bürglen TG;8575;00;Bussnang;4921;TG;9.134816774184868;47.535882357451506;de
Bürglen TG;8575;00;Weinfelden;4946;TG;9.136355475614367;47.56116508972936;de
Istighofen;8575;01;Bürglen (TG);4911;TG;9.147123365181988;47.53977661875289;de
Mauren TG;8576;00;Berg (TG);4891;TG;9.15586960691541;47.56622107194101;de
Schönholzerswilen;8577;00;Schönholzerswilen;4756;TG;9.139911359812222;47.51577373741475;de
Amriswil;8580;00;Amriswil;4461;TG;9.297391700186271;47.546980654453044;de
Amriswil;8580;00;Salmsach;4441;TG;9.326853993706958;47.54336443347385;de
Sommeri;8580;03;Sommeri;4446;TG;9.286346940431214;47.569422909260936;de
Hagenwil b. Amriswil;8580;05;Amriswil;4461;TG;9.30790263661962;47.52888187421725;de
Hagenwil b. Amriswil;8580;05;Muolen;3202;SG;9.314908075786406;47.528282775490666;de
Hefenhofen;8580;07;Hefenhofen;4416;TG;9.313677267858788;47.55889015589053;de
Biessenhofen;8580;08;Amriswil;4461;TG;9.259941363525973;47.54600118820656;de
Schocherswil;8581;00;Amriswil;4461;TG;9.267915760671091;47.53758104751837;de
Dozwil;8582;00;Dozwil;4406;TG;9.319463148524857;47.57627608279191;de
Sulgen;8583;00;Sulgen;4506;TG;9.186646272259233;47.539780650097015;de
Götighofen;8583;01;Sulgen;4506;TG;9.215892179265708;47.53557524081206;de
Donzhausen;8583;02;Sulgen;4506;TG;9.196540102173458;47.55412345427731;de
Leimbach TG;8584;00;Bürglen (TG);4911;TG;9.18746153347472;47.56090883571668;de
Opfershofen TG;8584;01;Bürglen (TG);4911;TG;9.174754095326858;47.562476291394134;de
Opfershofen TG;8584;01;Berg (TG);4891;TG;9.171692390868804;47.568027590979376;de
Mattwil;8585;01;Birwinken;4901;TG;9.206862750754873;47.57798556558936;de
Happerswil;8585;02;Birwinken;4901;TG;9.223659518131727;47.577755103961906;de
Langrickenbach;8585;04;Langrickenbach;4681;TG;9.246454973087893;47.58580407970142;de
Zuben;8585;05;Langrickenbach;4681;TG;9.236905350931163;47.60730893794161;de
Schönenbaumgarten;8585;07;Langrickenbach;4681;TG;9.230686162374214;47.61379226622948;de
Herrenhof;8585;08;Langrickenbach;4681;TG;9.244511016880704;47.597448168113395;de
Birwinken;8585;09;Birwinken;4901;TG;9.198605197490005;47.582348299651386;de
Klarsreuti;8585;10;Birwinken;4901;TG;9.21281796481751;47.58671056224155;de
Erlen;8586;00;Erlen;4476;TG;9.228179785057927;47.5501576015379;de
Andwil TG;8586;02;Birwinken;4901;TG;9.215403391512103;47.56544054628507;de
Kümmertshausen;8586;03;Erlen;4476;TG;9.242393997679901;47.56608510783627;de
Kümmertshausen;8586;03;Langrickenbach;4681;TG;9.256432183507131;47.571965087616526;de
Riedt b. Erlen;8586;05;Erlen;4476;TG;9.215488970139367;47.54456849009262;de
Buchackern;8586;07;Erlen;4476;TG;9.23198003451311;47.538745774393384;de
Engishofen;8586;08;Erlen;4476;TG;9.250698282681896;47.55742726925077;de
Ennetaach;8586;09;Erlen;4476;TG;9.217198027001361;47.54958004498498;de
Buch b. Kümmertshausen;8586;10;Birwinken;4901;TG;9.23566251130274;47.570624725330894;de
Oberaach;8587;00;Amriswil;4461;TG;9.268212729157149;47.55738592884177;de
Zihlschlacht;8588;00;Zihlschlacht-Sitterdorf;4511;TG;9.257325884972397;47.52123079323523;de
Sitterdorf;8589;00;Zihlschlacht-Sitterdorf;4511;TG;9.247298010482488;47.50481681978127;de
Sitterdorf;8589;00;Bischofszell;4471;TG;9.240312033769543;47.49916680234668;de
Romanshorn;8590;00;Romanshorn;4436;TG;9.369448827679514;47.56560312066388;de
Romanshorn;8590;00;Uttwil;4451;TG;9.354837486112118;47.576560287788546;de
Uttwil;8592;00;Uttwil;4451;TG;9.342762736301358;47.58314663739373;de
Kesswil;8593;00;Kesswil;4426;TG;9.319947859638804;47.59332499012133;de
Güttingen;8594;00;Güttingen;4656;TG;9.28960626127313;47.60532830229823;de
Altnau;8595;00;Altnau;4641;TG;9.260673628693477;47.61265038575672;de
Scherzingen;8596;00;Münsterlingen;4691;TG;9.225509026414114;47.63071229470004;de
Münsterlingen;8596;01;Münsterlingen;4691;TG;9.23387587558737;47.63138376714902;de
Landschlacht;8597;00;Münsterlingen;4691;TG;9.246893029865687;47.6271424978776;de
Bottighofen;8598;00;Bottighofen;4643;TG;9.208480944664073;47.63687447783072;de
Bottighofen;8598;00;Kreuzlingen;4671;TG;9.20240964550319;47.635608564896444;de
Salmsach;8599;00;Salmsach;4441;TG;9.369195321036461;47.55351617161294;de
Dübendorf;8600;00;Dübendorf;191;ZH;8.620639952945096;47.39718940737184;de
Dübendorf;8600;00;Schwerzenbach;197;ZH;8.650007066370089;47.391227244910574;de
Dübendorf;8600;00;Dietlikon;54;ZH;8.625491120842481;47.40800589041103;de
Wangen b. Dübendorf;8602;00;Wangen-Brüttisellen;200;ZH;8.645573219559893;47.41068538575868;de
Schwerzenbach;8603;00;Schwerzenbach;197;ZH;8.65588060353735;47.382188200670996;de
Schwerzenbach;8603;00;Dübendorf;191;ZH;8.646763005898698;47.386025958428036;de
Volketswil;8604;00;Volketswil;199;ZH;8.680264734483467;47.390222390348434;de
Gutenswil;8605;00;Volketswil;199;ZH;8.717443694552339;47.38513022838664;de
Gutenswil;8605;00;Uster;198;ZH;8.714997050092592;47.37698944064458;de
Nänikon;8606;00;Uster;198;ZH;8.69103284064701;47.36989353357396;de
Greifensee;8606;02;Greifensee;194;ZH;8.680634025020913;47.36742415580016;de
Aathal-Seegräben;8607;00;Seegräben;119;ZH;8.765819129741681;47.33586450876485;de
Aathal-Seegräben;8607;00;Mönchaltorf;196;ZH;8.75944845977101;47.32975759102335;de
Bubikon;8608;00;Bubikon;112;ZH;8.817509174459195;47.26890521569806;de
Bubikon;8608;00;Dürnten;113;ZH;8.830136526723871;47.26760197542951;de
Uster;8610;00;Uster;198;ZH;8.718129000422069;47.34858303872134;de
Bertschikon (Gossau ZH);8614;00;Gossau (ZH);115;ZH;8.758028424129304;47.32156080214947;de
Sulzbach;8614;02;Uster;198;ZH;8.745375428336866;47.32834357945706;de
Wermatswil;8615;00;Uster;198;ZH;8.742466528211772;47.36306341469869;de
Freudwil;8615;02;Uster;198;ZH;8.733255390668866;47.37520302532365;de
Riedikon;8616;00;Uster;198;ZH;8.712846317136542;47.33190078413634;de
Mönchaltorf;8617;00;Mönchaltorf;196;ZH;8.72104847234507;47.30982468506503;de
Mönchaltorf;8617;00;Gossau (ZH);115;ZH;8.735574920329533;47.3095955422479;de
Mönchaltorf;8617;00;Uster;198;ZH;8.73499651400837;47.32701235403846;de
Oetwil am See;8618;00;Oetwil am See;157;ZH;8.722574122717008;47.27208883601898;de
Oetwil am See;8618;00;Männedorf;155;ZH;8.712404129853798;47.26573374655526;de
Wetzikon ZH;8620;00;Wetzikon (ZH);121;ZH;8.7931783023605;47.32467081384858;de
Wetzikon ZH;8623;00;Wetzikon (ZH);121;ZH;8.814942241662688;47.33237450283442;de
Wetzikon ZH;8623;00;Pfäffikon;177;ZH;8.81554336847053;47.33823255650269;de
Grüt (Gossau ZH);8624;00;Gossau (ZH);115;ZH;8.783546436606548;47.310489278125665;de
Gossau ZH;8625;00;Gossau (ZH);115;ZH;8.760350929092462;47.3053059905048;de
Ottikon (Gossau ZH);8626;00;Gossau (ZH);115;ZH;8.786275604732309;47.29286169357037;de
Grüningen;8627;00;Grüningen;116;ZH;8.762653630301456;47.28084712648987;de
Grüningen;8627;00;Gossau (ZH);115;ZH;8.737271403615246;47.28839537973129;de
Grüningen;8627;00;Hombrechtikon;153;ZH;8.778039947140996;47.26606016911303;de
Rüti ZH;8630;00;Rüti (ZH);118;ZH;8.854846693508689;47.256487783204506;de
Rüti ZH;8630;00;Rapperswil-Jona;3340;SG;8.85099905303676;47.249895943258124;de
Rüti ZH;8630;00;Dürnten;113;ZH;8.85395514463673;47.26373153166013;de
Tann;8632;00;Dürnten;113;ZH;8.849812487043284;47.26699390258562;de
Wolfhausen;8633;00;Bubikon;112;ZH;8.798607439587986;47.25687738685992;de
Wolfhausen;8633;00;Rapperswil-Jona;3340;SG;8.8186239163945;47.24913678215154;de
Hombrechtikon;8634;00;Hombrechtikon;153;ZH;8.770784011100325;47.251202157670214;de
Hombrechtikon;8634;00;Stäfa;158;ZH;8.754515739350929;47.24243821904705;de
Dürnten;8635;00;Dürnten;113;ZH;8.855068250425056;47.277796578715105;de
Wald ZH;8636;00;Wald (ZH);120;ZH;8.914067323499625;47.27840592424023;de
Wald ZH;8636;00;Eschenbach (SG);3342;SG;8.944919677383462;47.287272927396934;de
Wald ZH;8636;00;Rüti (ZH);118;ZH;8.904697505819717;47.26838688373685;de
Wald ZH;8636;00;Dürnten;113;ZH;8.890849891468193;47.270937163410046;de
Laupen ZH;8637;00;Wald (ZH);120;ZH;8.92973508661842;47.2652678610888;de
Laupen ZH;8637;00;Eschenbach (SG);3342;SG;8.938733577658809;47.2619214489854;de
Goldingen;8638;00;Eschenbach (SG);3342;SG;8.967149773224277;47.270364340339796;de
Rapperswil SG;8640;00;Rapperswil-Jona;3340;SG;8.823352596036129;47.22820031754744;de
Hurden;8640;03;Freienbach;1322;SZ;8.797427408576825;47.21327764970418;de
Jona;8645;00;Rapperswil-Jona;3340;SG;8.832885761989578;47.233698829599795;de
Wagen;8646;00;Rapperswil-Jona;3340;SG;8.883671531553784;47.2337655590649;de
Küsnacht ZH;8700;00;Küsnacht (ZH);154;ZH;8.58823991478681;47.320004106259;de
Zollikon;8702;00;Zollikon;161;ZH;8.575045244993081;47.3408420293117;de
Erlenbach ZH;8703;00;Erlenbach (ZH);151;ZH;8.598787470167744;47.303176078646096;de
Erlenbach ZH;8703;00;Herrliberg;152;ZH;8.604056295740776;47.29374071327229;de
Herrliberg;8704;00;Herrliberg;152;ZH;8.61464750425042;47.289558245191586;de
Meilen;8706;00;Meilen;156;ZH;8.644485975388102;47.272527337695216;de
Uetikon am See;8707;00;Uetikon am See;159;ZH;8.681229661079495;47.266883659762634;de
Männedorf;8708;00;Männedorf;155;ZH;8.69626917376449;47.25623155408006;de
Stäfa;8712;00;Stäfa;158;ZH;8.726845237415931;47.24258902581812;de
Uerikon;8713;00;Stäfa;158;ZH;8.755197863580086;47.2374197289787;de
Feldbach;8714;00;Hombrechtikon;153;ZH;8.789124580456477;47.24241553448312;de
Feldbach;8714;00;Rapperswil-Jona;3340;SG;8.80425104854884;47.246600259039774;de
Bollingen;8715;00;Rapperswil-Jona;3340;SG;8.891089949606743;47.2204838619784;de
Schmerikon;8716;00;Schmerikon;3338;SG;8.946053789313826;47.22677653686924;de
Schmerikon;8716;00;Uznach;3339;SG;8.961042511450653;47.2286125246425;de
Benken SG;8717;00;Benken (SG);3312;SG;9.006149726489346;47.19503534677562;de
Benken SG;8717;00;Kaltbrunn;3313;SG;9.006906636832083;47.20644157448197;de
Schänis;8718;00;Schänis;3315;SG;9.048662512070548;47.159514503350024;de
Kaltbrunn;8722;00;Kaltbrunn;3313;SG;9.026422501698047;47.213686115442314;de
Kaltbrunn;8722;00;Schänis;3315;SG;9.052272906385275;47.20225189905043;de
Rufi;8723;00;Schänis;3315;SG;9.053439921780159;47.182326028812575;de
Maseltrangen;8723;02;Schänis;3315;SG;9.056308087453592;47.192514906387856;de
Ernetschwil;8725;00;Gommiswald;3341;SG;9.000380847769694;47.23792780530527;de
Ernetschwil;8725;00;Uznach;3339;SG;8.988710633411333;47.23406408062228;de
Gebertingen;8725;02;Gommiswald;3341;SG;9.006100684472544;47.253692735684055;de
Gebertingen;8725;02;Eschenbach (SG);3342;SG;8.996353826642775;47.25037663256724;de
Ricken SG;8726;00;Gommiswald;3341;SG;9.036465658817859;47.2599059764167;de
Ricken SG;8726;00;Wattwil;3379;SG;9.054456215368162;47.2683726484671;de
Walde SG;8727;00;Eschenbach (SG);3342;SG;9.01635497601107;47.27071782702946;de
Uznach;8730;00;Uznach;3339;SG;8.983929982982719;47.22586966072278;de
Uznach;8730;00;Tuggen;1347;SZ;8.969603676912142;47.215814172802816;de
Uznach;8730;00;Gommiswald;3341;SG;9.005246079483129;47.22996289013186;de
Uznach;8730;00;Schmerikon;3338;SG;8.956150516134931;47.233299836362804;de
Neuhaus SG;8732;00;Eschenbach (SG);3342;SG;8.943318046577389;47.244058158245274;de
Eschenbach SG;8733;00;Eschenbach (SG);3342;SG;8.921229047310984;47.24164569838171;de
Ermenswil;8734;00;Eschenbach (SG);3342;SG;8.88545191207514;47.245861000055804;de
Ermenswil;8734;00;Rapperswil-Jona;3340;SG;8.882667285033902;47.24010243236517;de
St. Gallenkappel;8735;00;Eschenbach (SG);3342;SG;8.966980671070719;47.24598671929308;de
Rüeterswil;8735;02;Eschenbach (SG);3342;SG;8.985525157094349;47.26318303809409;de
Gommiswald;8737;00;Gommiswald;3341;SG;9.022886208767392;47.2329153065806;de
Uetliburg SG;8738;00;Gommiswald;3341;SG;9.033116170105835;47.23712841551971;de
Rieden SG;8739;00;Gommiswald;3341;SG;9.050943011744037;47.22293563417083;de
Glarus;8750;00;Glarus;1632;GL;9.06483217772077;47.04186032008847;de
Glarus;8750;00;Glarus Süd;1631;GL;9.075948900179933;47.02835070732501;de
Riedern;8750;02;Glarus;1632;GL;9.050843691187852;47.04936319752339;de
Klöntal;8750;03;Glarus;1632;GL;8.940459350701927;47.02065886338876;de
Klöntal;8750;03;Muotathal;1367;SZ;8.89643745070082;47.018590748612596;de
Urnerboden;8751;00;Spiringen;1218;UR;8.9083704456735;46.892349121063454;de
Näfels;8752;00;Glarus Nord;1630;GL;9.059036610281888;47.09832576265725;de
Mollis;8753;00;Glarus Nord;1630;GL;9.075328812132303;47.09297556602268;de
Netstal;8754;00;Glarus;1632;GL;9.055531690767882;47.0616499915407;de
Netstal;8754;00;Glarus Nord;1630;GL;9.066516049788687;47.070014818424774;de
Ennenda;8755;00;Glarus;1632;GL;9.07823101303607;47.03585759870889;de
Ennenda;8755;00;Glarus Süd;1631;GL;9.076678099754236;47.029392946770315;de
Mitlödi;8756;00;Glarus Süd;1631;GL;9.079584157535217;47.01126739873886;de
Filzbach;8757;00;Glarus Nord;1630;GL;9.129200922950085;47.12023885010946;de
Obstalden;8758;00;Glarus Nord;1630;GL;9.154853991598213;47.114586337555835;de
Schwanden GL;8762;00;Glarus Süd;1631;GL;9.07146870617071;46.994423821350296;de
Schwändi b. Schwanden;8762;02;Glarus Süd;1631;GL;9.067121696645865;47.006739603384105;de
Sool;8762;03;Glarus Süd;1631;GL;9.086913353781247;46.99979000011645;de
Engi;8765;00;Glarus Süd;1631;GL;9.152676487377109;46.9831525096974;de
Matt;8766;00;Glarus Süd;1631;GL;9.175817130836855;46.96085959220632;de
Elm;8767;00;Glarus Süd;1631;GL;9.163749303211326;46.919015240548696;de
Nidfurn;8772;00;Glarus Süd;1631;GL;9.055053015344464;46.98639718045827;de
Haslen GL;8773;00;Glarus Süd;1631;GL;9.058805214425597;46.9804691424659;de
Leuggelbach;8774;00;Glarus Süd;1631;GL;9.044942866418861;46.97674155653737;de
Luchsingen;8775;01;Glarus Süd;1631;GL;9.035035820683381;46.967163217830425;de
Hätzingen;8775;02;Glarus Süd;1631;GL;9.037010723872905;46.96109868754836;de
Diesbach GL;8777;00;Glarus Süd;1631;GL;9.031442841887051;46.951486432477175;de
Betschwanden;8777;02;Glarus Süd;1631;GL;9.026511870777707;46.94602172401659;de
Rüti GL;8782;00;Glarus Süd;1631;GL;9.01468303662574;46.935550630351315;de
Linthal;8783;00;Glarus Süd;1631;GL;8.994990858048894;46.914137204667675;de
Braunwald;8784;00;Glarus Süd;1631;GL;8.997578442878673;46.94269441470419;de
Thalwil;8800;00;Thalwil;141;ZH;8.561947051042743;47.29323201811087;de
Kilchberg ZH;8802;00;Kilchberg (ZH);135;ZH;8.54393681539057;47.32377423814546;de
Rüschlikon;8803;00;Rüschlikon;139;ZH;8.552674210397198;47.30695892516176;de
Rüschlikon;8803;00;Kilchberg (ZH);135;ZH;8.554265541444769;47.315390164342695;de
Au ZH;8804;00;Wädenswil;293;ZH;8.647027355461955;47.24290512516442;de
Richterswil;8805;00;Richterswil;138;ZH;8.698593511650586;47.20744904124209;de
Bäch SZ;8806;00;Freienbach;1322;SZ;8.734798111652822;47.20450129172266;de
Bäch SZ;8806;00;Wollerau;1323;SZ;8.720014154029597;47.20010587957085;de
Freienbach;8807;00;Freienbach;1322;SZ;8.75583152678972;47.204721346768395;de
Pfäffikon SZ;8808;00;Freienbach;1322;SZ;8.776861793260712;47.19953100257124;de
Horgen;8810;00;Horgen;295;ZH;8.600782862939596;47.25512906742931;de
Horgenberg;8815;00;Horgen;295;ZH;8.585750659480597;47.247291640378386;de
Hirzel;8816;00;Horgen;295;ZH;8.60768284712102;47.21602732739508;de
Wädenswil;8820;00;Wädenswil;293;ZH;8.6682260280581;47.226146698734325;de
Schönenberg ZH;8824;00;Wädenswil;293;ZH;8.644666190968985;47.19506368036665;de
Hütten;8825;00;Wädenswil;293;ZH;8.664150043672675;47.176236541078374;de
Wollerau;8832;00;Wollerau;1323;SZ;8.713196107605539;47.19536877398697;de
Wollerau;8832;00;Feusisberg;1321;SZ;8.714450311643619;47.18598114947381;de
Wollerau;8832;00;Freienbach;1322;SZ;8.751857769814402;47.19610364478431;de
Wilen b. Wollerau;8832;02;Freienbach;1322;SZ;8.734278909581695;47.197238436138676;de
Samstagern;8833;00;Richterswil;138;ZH;8.680431747460073;47.19391874645251;de
Samstagern;8833;00;Wollerau;1323;SZ;8.694602562582743;47.19546520826327;de
Schindellegi;8834;00;Feusisberg;1321;SZ;8.713575029904648;47.178047452477365;de
Schindellegi;8834;00;Wollerau;1323;SZ;8.691864336087782;47.176612721221865;de
Feusisberg;8835;00;Feusisberg;1321;SZ;8.747167596258013;47.18565877100084;de
Bennau;8836;00;Einsiedeln;1301;SZ;8.726046139766142;47.14857269178256;de
Bennau;8836;00;Oberägeri;1706;ZG;8.691004415062272;47.148896657584544;de
Bennau;8836;00;Feusisberg;1321;SZ;8.72194093039085;47.15554549550631;de
Einsiedeln;8840;00;Einsiedeln;1301;SZ;8.746302124950978;47.13028902600922;de
Trachslau;8840;02;Einsiedeln;1301;SZ;8.726795220512043;47.10299023900266;de
Gross;8841;00;Einsiedeln;1301;SZ;8.772980886381024;47.11488690092706;de
Unteriberg;8842;00;Unteriberg;1375;SZ;8.803426116142099;47.05865340649268;de
Unteriberg;8842;00;Oberiberg;1368;SZ;8.8240585755633;47.01462527131463;de
Unteriberg;8842;00;Schwyz;1372;SZ;8.776108061429431;47.000003869002065;de
Oberiberg;8843;00;Oberiberg;1368;SZ;8.778757700999476;47.0397638747176;de
Oberiberg;8843;00;Schwyz;1372;SZ;8.733485417658846;47.01293493807687;de
Euthal;8844;00;Einsiedeln;1301;SZ;8.814674401880852;47.095808933618684;de
Euthal;8844;00;Unteriberg;1375;SZ;8.852982754611963;47.07082849344718;de
Studen SZ;8845;00;Unteriberg;1375;SZ;8.842704425091295;47.06953320437326;de
Willerzell;8846;00;Einsiedeln;1301;SZ;8.797278244926995;47.130858370520606;de
Willerzell;8846;00;Altendorf;1341;SZ;8.826715130821048;47.149704649977856;de
Egg SZ;8847;00;Einsiedeln;1301;SZ;8.778184723854787;47.159609145922296;de
Egg SZ;8847;00;Feusisberg;1321;SZ;8.755693156221362;47.172310397594806;de
Alpthal;8849;00;Alpthal;1361;SZ;8.70919398899714;47.055803624739376;de
Altendorf;8852;00;Altendorf;1341;SZ;8.825835459893153;47.18902850673272;de
Lachen SZ;8853;00;Lachen;1344;SZ;8.855402054479535;47.19174500324142;de
Lachen SZ;8853;00;Wangen (SZ);1349;SZ;8.862444674887396;47.202354315817146;de
Lachen SZ;8853;00;Galgenen;1342;SZ;8.862109289922472;47.185381162403495;de
Siebnen;8854;00;Schübelbach;1346;SZ;8.903802110191926;47.17409999896339;de
Siebnen;8854;00;Galgenen;1342;SZ;8.892458407796473;47.174189930032064;de
Siebnen;8854;00;Wangen (SZ);1349;SZ;8.896934379538516;47.18012481349576;de
Galgenen;8854;02;Galgenen;1342;SZ;8.873411698903848;47.17729884612128;de
Wangen SZ;8855;00;Wangen (SZ);1349;SZ;8.89173974882146;47.19290225559695;de
Wangen SZ;8855;00;Tuggen;1347;SZ;8.912796131054279;47.19263446568122;de
Wangen SZ;8855;00;Schübelbach;1346;SZ;8.910085751086354;47.18382578996203;de
Tuggen;8856;00;Tuggen;1347;SZ;8.941825487911254;47.201813074884384;de
Vorderthal;8857;00;Vorderthal;1348;SZ;8.898427207989913;47.125561002956935;de
Innerthal;8858;00;Innerthal;1343;SZ;8.920686896043545;47.055070812487465;de
Schübelbach;8862;00;Schübelbach;1346;SZ;8.929378930225257;47.17392435510337;de
Buttikon SZ;8863;00;Schübelbach;1346;SZ;8.951063771742769;47.17421708503374;de
Buttikon SZ;8863;00;Benken (SG);3312;SG;8.962384385737025;47.17979843008086;de
Reichenburg;8864;00;Reichenburg;1345;SZ;8.979535726013626;47.16919705746698;de
Bilten;8865;00;Glarus Nord;1630;GL;9.023042845270963;47.15045084693299;de
Ziegelbrücke;8866;00;Glarus Nord;1630;GL;9.060002659507857;47.133723506417375;de
Ziegelbrücke;8866;00;Schänis;3315;SG;9.061697646977505;47.13657854800661;de
Niederurnen;8867;00;Glarus Nord;1630;GL;9.053741735803849;47.12590350460122;de
Oberurnen;8868;00;Glarus Nord;1630;GL;9.059672055807155;47.11496989423344;de
Weesen;8872;00;Weesen;3316;SG;9.097606652462412;47.13554411108329;de
Weesen;8872;00;Amden;3311;SG;9.108715819548554;47.14161760417766;de
Weesen;8872;00;Glarus Nord;1630;GL;9.091161952899997;47.12879035025495;de
Amden;8873;00;Amden;3311;SG;9.152726298489897;47.14940044117567;de
Mühlehorn;8874;00;Glarus Nord;1630;GL;9.17642175289294;47.113965263615675;de
Murg;8877;00;Quarten;3295;SG;9.213247073880567;47.110847196110896;de
Quinten;8878;00;Quarten;3295;SG;9.216842596682282;47.130225495486656;de
Quinten;8878;00;Walenstadt;3298;SG;9.252105083382341;47.13051125334588;de
Walenstadt;8880;00;Walenstadt;3298;SG;9.315243818258935;47.12378428291908;de
Walenstadtberg;8881;01;Walenstadt;3298;SG;9.285214708141577;47.137541807216;de
Tscherlach;8881;06;Walenstadt;3298;SG;9.335640888910168;47.11868970478337;de
Unterterzen;8882;00;Quarten;3295;SG;9.250107733301837;47.11239528312661;de
Quarten;8883;00;Quarten;3295;SG;9.239173702962068;47.1066559595818;de
Oberterzen;8884;00;Quarten;3295;SG;9.259075730020546;47.100170146822016;de
Mols;8885;00;Quarten;3295;SG;9.280702124696809;47.111782871352325;de
Mädris-Vermol;8886;00;Mels;3293;SG;9.379973982091947;47.04648054682753;de
Mels;8887;00;Mels;3293;SG;9.420647182398135;47.045704205719716;de
Heiligkreuz (Mels);8888;00;Mels;3293;SG;9.41402009137811;47.058406478998506;de
Heiligkreuz (Mels);8888;00;Sargans;3296;SG;9.420633835351637;47.05602499312402;de
Heiligkreuz (Mels);8888;00;Flums;3292;SG;9.391513582515564;47.07308908462736;de
Plons;8889;00;Mels;3293;SG;9.394997761590274;47.05849836779667;de
Flums;8890;00;Flums;3292;SG;9.343076074803967;47.09277975600849;de
Flums;8890;00;Walenstadt;3298;SG;9.347388462368368;47.10029311843132;de
Berschis;8892;00;Walenstadt;3298;SG;9.345405642392038;47.10677729672338;de
Berschis;8892;00;Flums;3292;SG;9.358366022108498;47.09959730782963;de
Flums Hochwiese;8893;00;Flums;3292;SG;9.369455200942902;47.08482625179541;de
Flums Hochwiese;8893;00;Walenstadt;3298;SG;9.37591839885873;47.087974549260906;de
Flumserberg Saxli;8894;00;Flums;3292;SG;9.351985161825086;47.07331380080147;de
Flumserberg Portels;8895;00;Flums;3292;SG;9.334342345482293;47.079409919996;de
Flumserberg Bergheim;8896;00;Flums;3292;SG;9.313564266455796;47.093895163591384;de
Flumserberg Bergheim;8896;00;Quarten;3295;SG;9.28781087760023;47.099720139703294;de
Flumserberg Bergheim;8896;00;Walenstadt;3298;SG;9.30668408749886;47.10439033948977;de
Flumserberg Tannenheim;8897;00;Flums;3292;SG;9.303239194708462;47.08682029808894;de
Flumserberg Tannenbodenalp;8898;00;Quarten;3295;SG;9.281856919187502;47.093643625739176;de
Flumserberg Tannenbodenalp;8898;00;Flums;3292;SG;9.254687290326604;47.06488379434734;de
Urdorf;8902;00;Urdorf;250;ZH;8.425360501603743;47.386527823728905;de
Urdorf;8902;00;Schlieren;247;ZH;8.4347326923711;47.39051312406258;de
Birmensdorf ZH;8903;00;Birmensdorf (ZH);242;ZH;8.443063046306618;47.35531555068662;de
Aesch ZH;8904;00;Aesch (ZH);241;ZH;8.440278853879056;47.33675592739432;de
Islisberg;8905;02;Islisberg;4084;AG;8.439331750001285;47.322947656349946;de
Arni AG;8905;03;Arni (AG);4061;AG;8.421918226521479;47.31768227776333;de
Bonstetten;8906;00;Bonstetten;3;ZH;8.470450840956111;47.319777178313906;de
Wettswil;8907;00;Wettswil am Albis;14;ZH;8.475541097709376;47.33530218651047;de
Hedingen;8908;00;Hedingen;5;ZH;8.448422480894276;47.29791586815656;de
Zwillikon;8909;00;Affoltern am Albis;2;ZH;8.434717211270677;47.288347202757194;de
Affoltern am Albis;8910;00;Affoltern am Albis;2;ZH;8.452783785022849;47.27831297281675;de
Affoltern am Albis;8910;00;Obfelden;10;ZH;8.438536491720061;47.27133115237576;de
Rifferswil;8911;00;Rifferswil;12;ZH;8.495607673910184;47.244159772425;de
Obfelden;8912;00;Obfelden;10;ZH;8.423058392749583;47.26404327168922;de
Ottenbach;8913;00;Ottenbach;11;ZH;8.406140080636142;47.28059375466214;de
Aeugst am Albis;8914;00;Aeugst am Albis;1;ZH;8.48552992199524;47.26848527517565;de
Aeugstertal;8914;02;Aeugst am Albis;1;ZH;8.487337785166174;47.2831581958877;de
Hausen am Albis;8915;00;Hausen am Albis;4;ZH;8.532423057416818;47.245480348326694;de
Jonen;8916;00;Jonen;4071;AG;8.393791148001045;47.29741867581671;de
Oberlunkhofen;8917;00;Oberlunkhofen;4073;AG;8.392583536804672;47.31197375482252;de
Unterlunkhofen;8918;00;Unterlunkhofen;4079;AG;8.381242316879163;47.32208745169949;de
Rottenschwil;8919;00;Rottenschwil;4238;AG;8.363278516484208;47.314479049262104;de
Ebertswil;8925;00;Hausen am Albis;4;ZH;8.550418837070056;47.226624433463705;de
Kappel am Albis;8926;00;Kappel am Albis;6;ZH;8.529015767208472;47.228043418203576;de
Hauptikon;8926;02;Kappel am Albis;6;ZH;8.495562159429415;47.23050513043636;de
Uerzlikon;8926;03;Kappel am Albis;6;ZH;8.498004109343093;47.221784098036125;de
Mettmenstetten;8932;00;Mettmenstetten;9;ZH;8.464268961345388;47.245909209902614;de
Maschwanden;8933;00;Maschwanden;8;ZH;8.426727405521866;47.23450731833674;de
Knonau;8934;00;Knonau;7;ZH;8.46182537841572;47.2231546274914;de
Oberrieden;8942;00;Oberrieden;137;ZH;8.576607979451524;47.275772072040084;de
Fahrweid;8951;00;Weiningen (ZH);251;ZH;8.414701370606513;47.40909657848346;de
Fahrweid;8951;00;Geroldswil;244;ZH;8.414372781366971;47.41285919981044;de
Fahrweid;8951;00;Unterengstringen;249;ZH;8.41469632802073;47.404482256606975;de
Schlieren;8952;00;Schlieren;247;ZH;8.445921193353719;47.3980078689809;de
Schlieren;8952;00;Zürich;261;ZH;8.467404927203745;47.40124570472009;de
Dietikon;8953;00;Dietikon;243;ZH;8.399256438974096;47.40201208933186;de
Dietikon;8953;00;Spreitenbach;4040;AG;8.381952495719943;47.40491601444031;de
Geroldswil;8954;00;Geroldswil;244;ZH;8.410492039186288;47.423127998549965;de
Oetwil an der Limmat;8955;00;Oetwil an der Limmat;246;ZH;8.396566898934399;47.42853312890028;de
Killwangen;8956;00;Killwangen;4030;AG;8.3498829438934;47.4316267970036;de
Spreitenbach;8957;00;Spreitenbach;4040;AG;8.366890548734725;47.41949255819539;de
Bergdietikon;8962;00;Bergdietikon;4023;AG;8.384547091188649;47.392850717653566;de
Rudolfstetten;8964;00;Rudolfstetten-Friedlisberg;4075;AG;8.378721380641041;47.36821628723677;de
Rudolfstetten;8964;00;Berikon;4062;AG;8.387525214355934;47.35924830442271;de
Berikon;8965;00;Berikon;4062;AG;8.370347099951466;47.3541980793086;de
Oberwil-Lieli;8966;00;Oberwil-Lieli;4074;AG;8.393394859716748;47.338844265079935;de
Widen;8967;00;Widen;4081;AG;8.359175347473446;47.367222354854924;de
Widen;8967;00;Bergdietikon;4023;AG;8.364980299315704;47.38509374861389;de
Widen;8967;00;Bellikon;4022;AG;8.354637222478916;47.37664908117458;de
St. Gallen;9000;00;St. Gallen;3203;SG;9.372802730396302;47.423445516924474;de
St. Gallen;9008;00;St. Gallen;3203;SG;9.389503058625285;47.438549441732086;de
St. Gallen;9008;00;Wittenbach;3204;SG;9.393811378193066;47.445008362260886;de
St. Gallen;9010;00;St. Gallen;3203;SG;9.377390201720178;47.439113098998725;de
St. Gallen;9011;00;St. Gallen;3203;SG;9.392220708945327;47.41685704815874;de
St. Gallen;9012;00;St. Gallen;3203;SG;9.3635189828254;47.40940351814659;de
St. Gallen;9012;00;Teufen (AR);3024;AR;9.369489942062671;47.40630792448899;de
St. Gallen;9014;00;St. Gallen;3203;SG;9.334023343780778;47.40658934629084;de
St. Gallen;9014;00;Stein (AR);3005;AR;9.326802962477755;47.40067074611156;de
St. Gallen;9015;00;St. Gallen;3203;SG;9.306510503300656;47.4046713073308;de
St. Gallen;9015;00;Gossau (SG);3443;SG;9.288724849871066;47.40614505864309;de
St. Gallen;9016;00;St. Gallen;3203;SG;9.409965529690332;47.43965979466483;de
Abtwil SG;9030;00;Gaiserwald;3442;SG;9.320958554338919;47.42426557817309;de
Abtwil SG;9030;00;St. Gallen;3203;SG;9.327642873431286;47.41911835192796;de
Abtwil SG;9030;00;Gossau (SG);3443;SG;9.29587732210321;47.42731636634391;de
St. Josefen;9030;03;Gaiserwald;3442;SG;9.335588790785751;47.42486305921566;de
Engelburg;9032;00;Gaiserwald;3442;SG;9.346437910503179;47.441274458304484;de
Engelburg;9032;00;Waldkirch;3444;SG;9.324957630493573;47.4536914300354;de
Untereggen;9033;00;Untereggen;3219;SG;9.44856948125524;47.452328563359536;de
Eggersriet;9034;00;Eggersriet;3212;SG;9.469253495109344;47.44203441747577;de
Eggersriet;9034;00;Rehetobel;3034;AR;9.466459354593916;47.436226376487795;de
Grub AR;9035;00;Grub (AR);3031;AR;9.507954964169494;47.44518991006647;de
Grub AR;9035;00;Eggersriet;3212;SG;9.498344509748621;47.44394898142853;de
Grub SG;9036;00;Eggersriet;3212;SG;9.512406225130219;47.4535674879101;de
Grub SG;9036;00;Heiden;3032;AR;9.528572022858844;47.45616452122849;de
Speicherschwendi;9037;00;Speicher;3023;AR;9.439031433099814;47.425844908509916;de
Speicherschwendi;9037;00;St. Gallen;3203;SG;9.431723495613717;47.42470259487779;de
Speicherschwendi;9037;00;Eggersriet;3212;SG;9.451690194485643;47.43209397913737;de
Speicherschwendi;9037;00;Rehetobel;3034;AR;9.452822866411633;47.4308416508291;de
Rehetobel;9038;00;Rehetobel;3034;AR;9.481845722837676;47.42667038366342;de
Rehetobel;9038;00;Grub (AR);3031;AR;9.513304201982509;47.431697199925615;de
Rehetobel;9038;00;Heiden;3032;AR;9.51754946605908;47.43039729306216;de
Speicher;9042;00;Speicher;3023;AR;9.443292071200498;47.412248509442364;de
Speicher;9042;00;St. Gallen;3203;SG;9.42748301357495;47.418720668788886;de
Speicher;9042;00;Teufen (AR);3024;AR;9.434716413396023;47.39527555472513;de
Trogen;9043;00;Trogen;3025;AR;9.465438840037752;47.40490732702356;de
Trogen;9043;00;Bühler;3021;AR;9.449034428318653;47.39022274725732;de
Trogen;9043;00;Wald (AR);3036;AR;9.496453210227878;47.40636540061719;de
Trogen;9043;00;Gais;3022;AR;9.466046146596764;47.38883669689888;de
Wald AR;9044;00;Wald (AR);3036;AR;9.49560306231076;47.415233817341715;de
Appenzell;9050;00;Appenzell;3101;AI;9.40576039231552;47.33129010814228;de
Appenzell;9050;00;Schwende-Rüte;3112;AI;9.418862287394592;47.32737708824251;de
Appenzell;9050;00;Gonten;3102;AI;9.389493014504954;47.34097734371796;de
Appenzell;9050;00;Schlatt-Haslen;3104;AI;9.390369314112496;47.3471975223955;de
Appenzell Eggerstanden;9050;02;Schwende-Rüte;3112;AI;9.466052671647544;47.33297244596145;de
Appenzell Enggenhütten;9050;03;Schlatt-Haslen;3104;AI;9.360843050757675;47.35143587795428;de
Appenzell Meistersrüte;9050;05;Appenzell;3101;AI;9.42903465869543;47.34748179275422;de
Appenzell Meistersrüte;9050;05;Schwende-Rüte;3112;AI;9.454217747949654;47.342170933826786;de
Appenzell Steinegg;9050;06;Schwende-Rüte;3112;AI;9.435764949444891;47.321831266839;de
Appenzell Schlatt;9050;07;Schlatt-Haslen;3104;AI;9.397302991152559;47.35468260393315;de
Appenzell Schlatt;9050;07;Appenzell;3101;AI;9.417174445526474;47.355000448726464;de
Niederteufen;9052;00;Teufen (AR);3024;AR;9.366100975962947;47.392131435311995;de
Niederteufen;9052;00;Schlatt-Haslen;3104;AI;9.362212485817148;47.38644723874287;de
Teufen AR;9053;00;Teufen (AR);3024;AR;9.39076152712075;47.390439681835225;de
Teufen AR;9053;00;Schlatt-Haslen;3104;AI;9.393728452731317;47.37706492030637;de
Haslen AI;9054;00;Schlatt-Haslen;3104;AI;9.373308632484509;47.367701126589324;de
Bühler;9055;00;Bühler;3021;AR;9.420383591011506;47.37472110437359;de
Bühler;9055;00;Schlatt-Haslen;3104;AI;9.400252772600938;47.37148550159906;de
Bühler;9055;00;Gais;3022;AR;9.439233121953468;47.375835568901735;de
Bühler;9055;00;Teufen (AR);3024;AR;9.401631359608025;47.37873923963394;de
Gais;9056;00;Gais;3022;AR;9.456326928481506;47.36274404446933;de
Gais;9056;00;Schlatt-Haslen;3104;AI;9.430987719968694;47.365379497160355;de
Gais;9056;00;Appenzell;3101;AI;9.45522067917491;47.350492998743626;de
Weissbad;9057;00;Schwende-Rüte;3112;AI;9.426615601781045;47.302141281911844;de
Schwende;9057;02;Schwende-Rüte;3112;AI;9.434653541919559;47.29885333650432;de
Wasserauen;9057;03;Schwende-Rüte;3112;AI;9.403037897100067;47.26852660623774;de
Brülisau;9058;00;Schwende-Rüte;3112;AI;9.461560296638021;47.299679987168716;de
Brülisau;9058;00;Altstätten;3251;SG;9.48564356600058;47.28377015481491;de
Lustmühle;9062;00;Teufen (AR);3024;AR;9.35706384461368;47.39834579119739;de
Stein AR;9063;00;Stein (AR);3005;AR;9.342901557874617;47.373955719709855;de
Stein AR;9063;00;Hundwil;3002;AR;9.344726196919257;47.3568404503534;de
Hundwil;9064;00;Hundwil;3002;AR;9.318495119320346;47.357891437038276;de
Herisau;9100;00;Herisau;3001;AR;9.279507979048814;47.38563595029056;de
Herisau;9100;00;Waldstatt;3007;AR;9.266295180147623;47.36037617453152;de
Herisau;9100;00;Gossau (SG);3443;SG;9.29083076881176;47.39998428876942;de
Herisau;9100;00;Schwellbrunn;3004;AR;9.244681063229002;47.36699143380666;de
Schwellbrunn;9103;00;Schwellbrunn;3004;AR;9.243118925061234;47.35083545729547;de
Schwellbrunn;9103;00;Urnäsch;3006;AR;9.273793540693669;47.339348703079345;de
Schwellbrunn;9103;00;Neckertal;3396;SG;9.19680789827718;47.34669208093984;de
Schwellbrunn;9103;00;Waldstatt;3007;AR;9.267105606925226;47.35428154608382;de
Waldstatt;9104;00;Waldstatt;3007;AR;9.284465802591148;47.3570641255507;de
Waldstatt;9104;00;Urnäsch;3006;AR;9.276824233647217;47.34126176570697;de
Schönengrund;9105;00;Neckertal;3396;SG;9.220792609534955;47.32924850935005;de
Schönengrund;9105;00;Schönengrund;3003;AR;9.227494637526984;47.32509626162561;de
Schönengrund;9105;00;Schwellbrunn;3004;AR;9.23580783134487;47.333450963447945;de
Urnäsch;9107;00;Urnäsch;3006;AR;9.276074495531683;47.31182703993792;de
Urnäsch;9107;00;Hundwil;3002;AR;9.305992530064126;47.32188190945694;de
Urnäsch;9107;00;Nesslau;3360;SG;9.303877357170682;47.253835702199694;de
Urnäsch;9107;00;Neckertal;3396;SG;9.218512112818994;47.29303588348677;de
Urnäsch;9107;00;Schwende-Rüte;3112;AI;9.32911573878867;47.28034845705146;de
Urnäsch;9107;00;Schönengrund;3003;AR;9.251215026261463;47.326921197400004;de
Urnäsch;9107;00;Wildhaus-Alt St. Johann;3359;SG;9.328683005001423;47.248671877017145;de
Gonten;9108;00;Gonten;3102;AI;9.34537926197892;47.32772440187229;de
Gonten;9108;00;Schwende-Rüte;3112;AI;9.355791861934668;47.29933693120816;de
Gonten;9108;00;Hundwil;3002;AR;9.328789459045465;47.33120034505342;de
Gonten;9108;00;Schlatt-Haslen;3104;AI;9.346817945939911;47.345001862346;de
Gontenbad;9108;02;Gonten;3102;AI;9.370792727105666;47.33191704807876;de
Jakobsbad;9108;03;Gonten;3102;AI;9.328429052566483;47.31580339754439;de
Schachen b. Herisau;9112;00;Herisau;3001;AR;9.241166926269564;47.38197635259629;de
Degersheim;9113;00;Degersheim;3401;SG;9.198968455039216;47.37444049161276;de
Degersheim;9113;00;Neckertal;3396;SG;9.178260888858256;47.37137165864033;de
Degersheim;9113;00;Schwellbrunn;3004;AR;9.198483454592465;47.35975654968252;de
Degersheim;9113;00;Flawil;3402;SG;9.219172637988569;47.38575424061957;de
Hoffeld;9114;00;Neckertal;3396;SG;9.171920843550787;47.358853959678655;de
Dicken;9115;00;Neckertal;3396;SG;9.192229843370832;47.33749525534919;de
Wolfertswil;9116;00;Degersheim;3401;SG;9.180704512660157;47.39467158457763;de
Wolfertswil;9116;00;Neckertal;3396;SG;9.163537126269636;47.38371972470507;de
Mogelsberg;9122;00;Neckertal;3396;SG;9.13610197828888;47.36118551140709;de
Ebersol;9122;02;Neckertal;3396;SG;9.149409404008187;47.347188524151086;de
Nassen;9123;00;Neckertal;3396;SG;9.141805590430012;47.376422344185215;de
Nassen;9123;00;Lütisburg;3393;SG;9.147932160448798;47.391526664544635;de
Brunnadern;9125;00;Neckertal;3396;SG;9.137019320609621;47.33055715395711;de
Necker;9126;00;Neckertal;3396;SG;9.129406336781955;47.34753728428071;de
St. Peterzell;9127;00;Neckertal;3396;SG;9.176661429707638;47.320304436121745;de
Gossau SG;9200;00;Gossau (SG);3443;SG;9.253427741444753;47.414882763578866;de
Gossau SG;9200;00;Niederbüren;3422;SG;9.234455261480823;47.44339203438236;de
Gossau SG;9200;00;Flawil;3402;SG;9.213802617044905;47.41183673862189;de
Gossau SG;9200;00;Herisau;3001;AR;9.232462649605441;47.39647939037197;de
Niederwil SG;9203;00;Oberbüren;3424;SG;9.19854558010453;47.43701705644852;de
Niederwil SG;9203;00;Niederbüren;3422;SG;9.214351761289155;47.446581377444446;de
Andwil SG;9204;00;Andwil (SG);3441;SG;9.272884523150207;47.4391091552422;de
Andwil SG;9204;00;Gossau (SG);3443;SG;9.269373847674414;47.428027103882116;de
Andwil SG;9204;00;Waldkirch;3444;SG;9.27229092946631;47.4511289006888;de
Waldkirch;9205;00;Waldkirch;3444;SG;9.28598347889994;47.46731156619545;de
Arnegg;9212;00;Gossau (SG);3443;SG;9.255626286502801;47.44163081270827;de
Arnegg;9212;00;Andwil (SG);3441;SG;9.262860331814558;47.446087104199705;de
Hauptwil;9213;00;Hauptwil-Gottshaus;4486;TG;9.251634424907026;47.48053992966792;de
Hauptwil;9213;00;Waldkirch;3444;SG;9.24126642467243;47.47534012767394;de
Kradolf;9214;02;Kradolf-Schönenberg;4501;TG;9.199922449474204;47.52629238115224;de
Kradolf;9214;02;Sulgen;4506;TG;9.204577572730766;47.52968497070838;de
Schönenberg an der Thur;9215;00;Kradolf-Schönenberg;4501;TG;9.198411900921906;47.52118758816867;de
Buhwil;9215;02;Kradolf-Schönenberg;4501;TG;9.163092479567357;47.52670275837452;de
Heldswil;9216;00;Hohentannen;4495;TG;9.224416021198612;47.52793237669383;de
Heldswil;9216;00;Erlen;4476;TG;9.22976547836509;47.5341380502144;de
Hohentannen;9216;02;Hohentannen;4495;TG;9.224192275031843;47.50863008751687;de
Neukirch an der Thur;9217;00;Kradolf-Schönenberg;4501;TG;9.174183323336027;47.51086599846655;de
Bischofszell;9220;00;Bischofszell;4471;TG;9.241269626135532;47.49422331027927;de
Bischofszell;9220;00;Zihlschlacht-Sitterdorf;4511;TG;9.288243477454952;47.50368396686904;de
Bischofszell;9220;00;Hauptwil-Gottshaus;4486;TG;9.26545127500607;47.50069031514424;de
Bischofszell;9220;00;Muolen;3202;SG;9.280655511045019;47.50769139147252;de
Schweizersholz;9223;00;Bischofszell;4471;TG;9.193270308005658;47.501420235457836;de
Schweizersholz;9223;00;Niederhelfenschwil;3423;SG;9.179543466106752;47.49493441457539;de
Halden;9223;01;Bischofszell;4471;TG;9.208197901937297;47.5039907823452;de
Wilen (Gottshaus);9225;00;Hauptwil-Gottshaus;4486;TG;9.282360981855335;47.49217250529139;de
St. Pelagiberg;9225;01;Hauptwil-Gottshaus;4486;TG;9.3021145089738;47.487699734474525;de
Flawil;9230;00;Flawil;3402;SG;9.184149570927936;47.413682928994206;de
Flawil;9230;00;Oberuzwil;3407;SG;9.163157644320561;47.416598051659435;de
Flawil;9230;00;Degersheim;3401;SG;9.153650290075424;47.40577305753087;de
Flawil;9230;00;Oberbüren;3424;SG;9.205536098436092;47.413593738262676;de
Egg (Flawil);9231;00;Flawil;3402;SG;9.223493313842008;47.39175121153776;de
Uzwil;9240;00;Uzwil;3408;SG;9.133411062559475;47.43686575255128;de
Niederglatt SG;9240;02;Oberuzwil;3407;SG;9.159087277255903;47.42927149832759;de
Niederglatt SG;9240;02;Oberbüren;3424;SG;9.177130657437345;47.43170941038662;de
Oberuzwil;9242;00;Oberuzwil;3407;SG;9.125116450511264;47.429511244120846;de
Oberuzwil;9242;00;Uzwil;3408;SG;9.139214694527885;47.43010535012423;de
Oberuzwil;9242;00;Jonschwil;3405;SG;9.103621551116323;47.43431345788227;de
Jonschwil;9243;00;Jonschwil;3405;SG;9.087598564767976;47.42352137978978;de
Jonschwil;9243;00;Lütisburg;3393;SG;9.084105546192749;47.41300973560521;de
Niederuzwil;9244;00;Uzwil;3408;SG;9.141069065744247;47.445803385466455;de
Niederuzwil;9244;00;Oberuzwil;3407;SG;9.14929584161036;47.436874688118465;de
Oberbüren;9245;00;Oberbüren;3424;SG;9.161337707617802;47.45128773701038;de
Oberbüren;9245;00;Niederhelfenschwil;3423;SG;9.151748200925194;47.459922573635204;de
Sonnental;9245;02;Oberbüren;3424;SG;9.137068350210372;47.459230473962236;de
Sonnental;9245;02;Niederhelfenschwil;3423;SG;9.124641888846266;47.46265987584818;de
Niederbüren;9246;00;Niederbüren;3422;SG;9.207470052947137;47.463770836156286;de
Niederbüren;9246;00;Waldkirch;3444;SG;9.23903142121328;47.474385336672974;de
Henau;9247;00;Uzwil;3408;SG;9.115554422097444;47.453804918856875;de
Bichwil;9248;00;Oberuzwil;3407;SG;9.135351772268745;47.42038323870548;de
Algetshausen;9249;00;Uzwil;3408;SG;9.107950333671456;47.446906996434436;de
Niederstetten;9249;01;Uzwil;3408;SG;9.08384330179158;47.45127372557182;de
Oberstetten;9249;02;Uzwil;3408;SG;9.089819014832937;47.448525731382645;de
Wittenbach;9300;00;Wittenbach;3204;SG;9.38671846597446;47.46064756234772;de
Wittenbach;9300;00;St. Gallen;3203;SG;9.398275836277586;47.45135651792443;de
Wittenbach;9300;00;Berg (SG);3211;SG;9.390508752680823;47.475365324197085;de
Wittenbach;9300;00;Waldkirch;3444;SG;9.357489054429712;47.45500948849385;de
Wittenbach;9300;00;Gaiserwald;3442;SG;9.362020780104338;47.451209557290525;de
Bernhardzell;9304;00;Waldkirch;3444;SG;9.340410956647208;47.46892152124391;de
Berg SG;9305;00;Berg (SG);3211;SG;9.408065546612784;47.48685351572158;de
Berg SG;9305;00;Steinach;3217;SG;9.420020575626646;47.49245232606085;de
Freidorf TG;9306;00;Roggwil (TG);4431;TG;9.394561837336777;47.48598497977527;de
Freidorf TG;9306;00;Berg (SG);3211;SG;9.382306735207438;47.48295269491344;de
Lömmenschwil;9308;00;Häggenschwil;3201;SG;9.350816503383323;47.49706226723461;de
Lömmenschwil;9308;00;Wittenbach;3204;SG;9.360860791565768;47.492154664314135;de
Lömmenschwil;9308;00;Muolen;3202;SG;9.330120724094572;47.50601200782028;de
Lömmenschwil;9308;00;Roggwil (TG);4431;TG;9.370606183301707;47.48893351334226;de
Häggenschwil;9312;00;Häggenschwil;3201;SG;9.34262903562931;47.4934457021834;de
Muolen;9313;00;Muolen;3202;SG;9.326208876657114;47.51885980854108;de
Muolen;9313;00;Zihlschlacht-Sitterdorf;4511;TG;9.30662769414571;47.51075678113268;de
Steinebrunn;9314;00;Egnach;4411;TG;9.346249289517347;47.533663376266425;de
Neukirch (Egnach);9315;00;Egnach;4411;TG;9.37167919951091;47.528662474278846;de
Neukirch (Egnach);9315;00;Roggwil (TG);4431;TG;9.389225536173672;47.52503050692118;de
Winden;9315;02;Egnach;4411;TG;9.365497277403247;47.51003176760601;de
Winden;9315;02;Häggenschwil;3201;SG;9.357757867753248;47.50878683646823;de
Arbon;9320;00;Arbon;4401;TG;9.425093302400386;47.51346272947866;de
Frasnacht;9320;02;Arbon;4401;TG;9.405771324584265;47.5267208491264;de
Frasnacht;9320;02;Roggwil (TG);4431;TG;9.405493519426914;47.52065284529507;de
Stachen;9320;03;Arbon;4401;TG;9.410001060216134;47.50790887158663;de
Stachen;9320;03;Roggwil (TG);4431;TG;9.407278324307185;47.513623115071894;de
Egnach;9322;00;Egnach;4411;TG;9.380212669423239;47.54408367714424;de
Egnach;9322;00;Salmsach;4441;TG;9.333479271840318;47.544722648596135;de
Steinach;9323;00;Steinach;3217;SG;9.437950100384333;47.500465973993016;de
Roggwil TG;9325;00;Roggwil (TG);4431;TG;9.398872201873743;47.50317669934756;de
Horn;9326;00;Horn;4421;TG;9.461003129167215;47.49328178271647;de
Horn;9326;00;Tübach;3218;SG;9.452238796743393;47.491446319703144;de
Tübach;9327;00;Tübach;3218;SG;9.45227895339411;47.485147810008876;de
Tübach;9327;00;Mörschwil;3214;SG;9.443269304179678;47.483801790702074;de
Rorschach;9400;00;Rorschach;3215;SG;9.49271513015647;47.47573685198732;de
Rorschach;9400;00;Goldach;3213;SG;9.483094670131727;47.47436879710295;de
Mörschwil;9402;00;Mörschwil;3214;SG;9.424078221439549;47.46675084232029;de
Goldach;9403;00;Goldach;3213;SG;9.470118931095492;47.47616288024217;de
Rorschacherberg;9404;00;Rorschacherberg;3216;SG;9.504544585107578;47.471099627008904;de
Rorschacherberg;9404;00;Untereggen;3219;SG;9.47853007654607;47.456734253037006;de
Rorschacherberg;9404;00;Thal;3237;SG;9.531813283356836;47.47279566600154;de
Wienacht-Tobel;9405;00;Lutzenberg;3033;AR;9.536316845006237;47.465525330771776;de
Wienacht-Tobel;9405;00;Rorschacherberg;3216;SG;9.530121603732324;47.465547562306746;de
Wienacht-Tobel;9405;00;Eggersriet;3212;SG;9.52821066031246;47.464187543389535;de
Heiden;9410;00;Heiden;3032;AR;9.532641684158728;47.44261304239393;de
Heiden;9410;00;Wolfhalden;3038;AR;9.552700479671625;47.438765990434426;de
Reute AR;9411;00;Reute (AR);3035;AR;9.574204817696636;47.412853986529164;de
Reute AR;9411;00;Berneck;3233;SG;9.594457212654033;47.42035068489135;de
Schachen b. Reute;9411;01;Reute (AR);3035;AR;9.560124508028391;47.42507094193718;de
Oberegg;9413;00;Oberegg;3111;AI;9.55237712326329;47.42194686519948;de
Oberegg;9413;00;Heiden;3032;AR;9.544559658930767;47.43177072869499;de
Staad SG;9422;00;Thal;3237;SG;9.541090103997313;47.47920435049044;de
Staad SG;9422;00;Rorschacherberg;3216;SG;9.529273229911745;47.47974240974663;de
Altenrhein;9423;00;Thal;3237;SG;9.555164109926492;47.49069803578422;de
Rheineck;9424;00;Rheineck;3235;SG;9.584919186381908;47.46720679223265;de
Rheineck;9424;00;St. Margrethen;3236;SG;9.596209997117343;47.461301362629875;de
Thal;9425;00;Thal;3237;SG;9.567537183116443;47.46852675741315;de
Thal;9425;00;Wolfhalden;3038;AR;9.560929225636121;47.46320485529214;de
Thal;9425;00;Rheineck;3235;SG;9.575861089925255;47.46764445634281;de
Lutzenberg;9426;00;Lutzenberg;3033;AR;9.575639793274346;47.46048668029362;de
Lutzenberg;9426;00;Rheineck;3235;SG;9.57716337092106;47.46274383635415;de
Wolfhalden;9427;00;Wolfhalden;3038;AR;9.55689409785153;47.45316589625665;de
Wolfhalden;9427;00;Heiden;3032;AR;9.546571018581087;47.46179397635411;de
Wolfhalden;9427;00;Walzenhausen;3037;AR;9.56603865304209;47.44002383636764;de
Wolfhalden;9427;00;Oberegg;3111;AI;9.566493223328925;47.43812602291826;de
Wolfhalden;9427;00;Lutzenberg;3033;AR;9.563520983346777;47.456245705404456;de
Walzenhausen;9428;00;Walzenhausen;3037;AR;9.604067391382767;47.44606578945503;de
Walzenhausen;9428;00;St. Margrethen;3236;SG;9.631386448508707;47.44243768439667;de
Walzenhausen;9428;00;Oberegg;3111;AI;9.583721281657898;47.4338993188438;de
Walzenhausen;9428;00;Wolfhalden;3038;AR;9.572799851999145;47.44459583408004;de
St. Margrethen SG;9430;00;St. Margrethen;3236;SG;9.63601310654693;47.45105946695083;de
Au SG;9434;00;Au (SG);3231;SG;9.634761682373716;47.43231431127363;de
Au SG;9434;00;Berneck;3233;SG;9.628221256236351;47.43320320021832;de
Heerbrugg;9435;00;Au (SG);3231;SG;9.628787901134695;47.414108543036775;de
Heerbrugg;9435;00;Balgach;3232;SG;9.617374130819742;47.40825995987819;de
Heerbrugg;9435;00;Berneck;3233;SG;9.624560687296052;47.415754184917596;de
Heerbrugg;9435;00;Widnau;3238;SG;9.624784062625343;47.40542413573119;de
Balgach;9436;00;Balgach;3232;SG;9.606056859182889;47.405044768581405;de
Balgach;9436;00;Oberriet (SG);3254;SG;9.621119017337683;47.3770753276599;de
Balgach;9436;00;Diepoldsau;3234;SG;9.624119939394859;47.38274110774719;de
Marbach SG;9437;00;Marbach (SG);3253;SG;9.56828068564349;47.39233212528753;de
Marbach SG;9437;00;Rebstein;3255;SG;9.570166225511196;47.3990544640617;de
Marbach SG;9437;00;Reute (AR);3035;AR;9.557013598321454;47.396876119941346;de
Berneck;9442;00;Berneck;3233;SG;9.614284855013507;47.42542257971354;de
Berneck;9442;00;Oberegg;3111;AI;9.600230217624325;47.41462837217455;de
Büriswilen;9442;02;Oberegg;3111;AI;9.605874917373997;47.43411025120897;de
Büriswilen;9442;02;Berneck;3233;SG;9.614437857042393;47.43467816880073;de
Widnau;9443;00;Widnau;3238;SG;9.638468323150496;47.404899957686204;de
Widnau;9443;00;Diepoldsau;3234;SG;9.632482687789643;47.396654944486194;de
Diepoldsau;9444;00;Diepoldsau;3234;SG;9.656862253110132;47.38545491527714;de
Rebstein;9445;00;Rebstein;3255;SG;9.584974396025011;47.39887921354531;de
Rebstein;9445;00;Balgach;3232;SG;9.5878787654482;47.40747183815339;de
Altstätten SG;9450;00;Altstätten;3251;SG;9.544628389500621;47.377218253331755;de
Altstätten SG;9450;00;Gais;3022;AR;9.503183992282755;47.38820573520403;de
Lüchingen;9450;02;Altstätten;3251;SG;9.553767467442343;47.38687644900403;de
Lüchingen;9450;02;Oberegg;3111;AI;9.550963227315242;47.39567330468619;de
Kriessern;9451;00;Oberriet (SG);3254;SG;9.609459048768139;47.36496831224408;de
Hinterforst;9452;00;Altstätten;3251;SG;9.530939650493409;47.36223444033169;de
Hinterforst;9452;00;Eichberg;3252;SG;9.528710847684819;47.35706528208468;de
Eichberg;9453;00;Eichberg;3252;SG;9.525506849426224;47.3428712330038;de
Eichberg;9453;00;Altstätten;3251;SG;9.540203710696892;47.34597856269398;de
Montlingen;9462;00;Oberriet (SG);3254;SG;9.58565039546346;47.33413769023037;de
Oberriet SG;9463;00;Oberriet (SG);3254;SG;9.56301469230076;47.32043940479339;de
Oberriet SG;9463;00;Altstätten;3251;SG;9.53646869394865;47.33348594389106;de
Oberriet SG;9463;00;Rüthi (SG);3256;SG;9.546255071757638;47.305504866782066;de
Rüthi (Rheintal);9464;00;Rüthi (SG);3256;SG;9.538089353698014;47.290951653946934;de
Rüthi (Rheintal);9464;00;Altstätten;3251;SG;9.520947916714602;47.2891931276727;de
Lienz;9464;02;Altstätten;3251;SG;9.516688731204074;47.27795995979753;de
Lienz;9464;02;Rüthi (SG);3256;SG;9.522211430786921;47.28666894959493;de
Salez;9465;00;Sennwald;3274;SG;9.499379939498489;47.23715149661943;de
Sennwald;9466;00;Sennwald;3274;SG;9.500960006558557;47.260625153329066;de
Frümsen;9467;00;Sennwald;3274;SG;9.471102675397404;47.243943397787724;de
Frümsen;9467;00;Schwende-Rüte;3112;AI;9.453015528299854;47.26078063134676;de
Sax;9468;00;Sennwald;3274;SG;9.454298080674755;47.229986575951415;de
Haag (Rheintal);9469;00;Sennwald;3274;SG;9.49171465838875;47.212328774248114;de
Haag (Rheintal);9469;00;Buchs (SG);3271;SG;9.48228553164154;47.19780329217897;de
Haag (Rheintal);9469;00;Grabs;3273;SG;9.476035622833065;47.19557471364556;de
Buchs SG;9470;00;Buchs (SG);3271;SG;9.47602859214089;47.16144630348597;de
Buchs SG;9470;00;Sevelen;3275;SG;9.445792574698679;47.14627861061865;de
Buchs SG;9470;00;Grabs;3273;SG;9.466600447853635;47.17547851712504;de
Werdenberg;9470;05;Grabs;3273;SG;9.461431214660797;47.1710346820655;de
Grabs;9472;00;Grabs;3273;SG;9.445802285825927;47.18070208093631;de
Grabserberg;9472;02;Grabs;3273;SG;9.408992552513137;47.17952095595951;de
Gams;9473;00;Gams;3272;SG;9.441019409187259;47.20557391225843;de
Gams;9473;00;Sennwald;3274;SG;9.471943618724081;47.21952696522305;de
Sevelen;9475;00;Sevelen;3275;SG;9.486566386823194;47.12346801917225;de
Weite;9476;00;Wartau;3276;SG;9.496125378444596;47.091948291268295;de
Weite;9476;00;Sevelen;3275;SG;9.492296140873222;47.10994081516451;de
Fontnas;9476;02;Wartau;3276;SG;9.489276294453369;47.09028019731734;de
Trübbach;9477;00;Wartau;3276;SG;9.47997835902135;47.07343066875677;de
Azmoos;9478;00;Wartau;3276;SG;9.474781429808914;47.07981254985128;de
Oberschan;9479;00;Wartau;3276;SG;9.474132948023017;47.09880072928356;de
Malans SG;9479;01;Wartau;3276;SG;9.477227378326678;47.091475503188114;de
Gretschins;9479;02;Wartau;3276;SG;9.485516376036836;47.09704177278017;de
Nendeln;9485;00;Eschen;7007;;9.543432763659672;47.19742985932665;de
Nendeln;9485;00;Gamprin;7009;;9.547856273789934;47.195783215908754;de
Schaanwald;9486;00;Mauren;7008;;9.561911603814776;47.2119729950269;de
Gamprin-Bendern;9487;00;Gamprin;7009;;9.511399170551297;47.22005598108489;de
Gamprin-Bendern;9487;00;Eschen;7007;;9.503241330613807;47.19681682132635;de
Gamprin-Bendern;9487;00;Vaduz;7001;;9.508388885447923;47.193143735537255;de
Schellenberg;9488;00;Schellenberg;7011;;9.544027977059766;47.23030626650041;de
Vaduz;9490;00;Vaduz;7001;;9.517532561031839;47.14313943072252;de
Ruggell;9491;00;Ruggell;7010;;9.525919969084757;47.23881495360203;de
Eschen;9492;00;Eschen;7007;;9.52168393751384;47.21217719853713;de
Mauren FL;9493;00;Mauren;7008;;9.543665721882018;47.21910154941779;de
Mauren FL;9493;00;Eschen;7007;;9.539750280238252;47.222637260738665;de
Schaan;9494;00;Schaan;7005;;9.51164530539939;47.16648740006891;de
Schaan;9494;00;Vaduz;7001;;9.50951919409121;47.18552021863961;de
Triesen;9495;00;Triesen;7002;;9.527915474142812;47.10912755432852;de
Balzers;9496;00;Balzers;7003;;9.502601345455883;47.06511684580261;de
Triesenberg;9497;00;Triesenberg;7004;;9.548247224645182;47.11871689302485;de
Triesenberg;9497;00;Schaan;7005;;9.594649318205724;47.122669570005385;de
Triesenberg;9497;00;Vaduz;7001;;9.598778481789651;47.107384920036885;de
Planken;9498;00;Planken;7006;;9.545227661216956;47.18535775796638;de
Wil SG;9500;00;Wil (SG);3427;SG;9.048134082566618;47.46596277257329;de
Wil SG;9500;00;Kirchberg (SG);3392;SG;9.053756605359304;47.440983671853786;de
Wil SG;9500;00;Zuzwil (SG);3426;SG;9.072799036893688;47.467362162278796;de
Wil SG;9500;00;Münchwilen (TG);4746;TG;9.027828974861539;47.46702615140357;de
Braunau;9502;00;Braunau;4723;TG;9.070207587602479;47.50311235368093;de
Stehrenberg;9503;00;Bussnang;4921;TG;9.089693466742549;47.5226898605706;de
Lanterswil;9503;02;Bussnang;4921;TG;9.096640956049356;47.52062050820059;de
Friltschen;9504;00;Bussnang;4921;TG;9.08520212628909;47.537605823422936;de
Lommis;9506;00;Lommis;4741;TG;8.994470136163768;47.516658981125346;de
Stettfurt;9507;00;Stettfurt;4606;TG;8.954113668370473;47.525398093835555;de
Weingarten-Kalthäusern;9508;00;Lommis;4741;TG;8.983125460478341;47.52471795905954;de
Rossrüti;9512;00;Wil (SG);3427;SG;9.06254275349005;47.47688031914826;de
Wuppenau;9514;00;Wuppenau;4791;TG;9.10497195335573;47.49620303680807;de
Wuppenau;9514;00;Wil (SG);3427;SG;9.088258259912688;47.484163061211206;de
Hosenruck;9515;00;Wuppenau;4791;TG;9.127595186964943;47.49133213305326;de
Hosenruck;9515;00;Zuzwil (SG);3426;SG;9.115690734646748;47.48000839725673;de
Mettlen;9517;00;Bussnang;4921;TG;9.123425230857837;47.53188354270925;de
Züberwangen;9523;00;Zuzwil (SG);3426;SG;9.091598636047415;47.46568268113043;de
Zuzwil SG;9524;00;Zuzwil (SG);3426;SG;9.110176415503506;47.47513140268019;de
Zuzwil SG;9524;00;Wil (SG);3427;SG;9.095377235573665;47.48051695138912;de
Zuzwil SG;9524;00;Niederhelfenschwil;3423;SG;9.122447228371874;47.46540865695709;de
Lenggenwil;9525;00;Niederhelfenschwil;3423;SG;9.148034113931294;47.47519895284796;de
Zuckenriet;9526;00;Niederhelfenschwil;3423;SG;9.161303294701588;47.48504178729831;de
Niederhelfenschwil;9527;00;Niederhelfenschwil;3423;SG;9.186285735472149;47.476336700829506;de
Rickenbach b. Wil;9532;00;Rickenbach (TG);4751;TG;9.0494252177215;47.44858269868814;de
Rickenbach b. Wil;9532;00;Kirchberg (SG);3392;SG;9.052396693440642;47.443800404024174;de
Rickenbach b. Wil;9532;00;Jonschwil;3405;SG;9.063887972508905;47.43493132799629;de
Kirchberg SG;9533;00;Kirchberg (SG);3392;SG;9.04023678701169;47.41251956014497;de
Dietschwil;9533;01;Kirchberg (SG);3392;SG;9.01632216095816;47.42213235169115;de
Gähwil;9534;00;Kirchberg (SG);3392;SG;9.002601589610698;47.39545694489293;de
Wilen b. Wil;9535;00;Wilen (TG);4786;TG;9.034620463772107;47.45152272898897;de
Wilen b. Wil;9535;00;Rickenbach (TG);4751;TG;9.038006219022591;47.44812048095696;de
Schwarzenbach SG;9536;00;Jonschwil;3405;SG;9.075016354651996;47.441116539937134;de
Schwarzenbach SG;9536;00;Wil (SG);3427;SG;9.062678578410269;47.447002946724226;de
Schwarzenbach SG;9536;00;Rickenbach (TG);4751;TG;9.060297882274279;47.44547106080402;de
Schwarzenbach SG;9536;00;Uzwil;3408;SG;9.071767017743973;47.44714482246342;de
Münchwilen TG;9542;00;Münchwilen (TG);4746;TG;8.994712701234729;47.4782352589915;de
St. Margarethen TG;9543;00;Münchwilen (TG);4746;TG;9.002308998061993;47.48747940403101;de
St. Margarethen TG;9543;00;Wil (SG);3427;SG;9.00742597249861;47.48323613307768;de
Wängi;9545;00;Wängi;4781;TG;8.957544465805658;47.499535976348014;de
Tuttwil;9546;00;Wängi;4781;TG;8.945277435775246;47.481678164317515;de
Wittenwil;9547;00;Aadorf;4551;TG;8.922124319512534;47.50269397812099;de
Matzingen;9548;00;Matzingen;4591;TG;8.930958538655801;47.5204184580144;de
Matzingen;9548;00;Frauenfeld;4566;TG;8.916011660621741;47.534948766558685;de
Matzingen;9548;00;Stettfurt;4606;TG;8.943725073782543;47.537846311964536;de
Bronschhofen;9552;00;Wil (SG);3427;SG;9.033512007156574;47.47825568912072;de
Bettwiesen;9553;00;Bettwiesen;4716;TG;9.024157939820743;47.496969483898255;de
Tägerschen;9554;00;Tobel-Tägerschen;4776;TG;9.028987321953897;47.50798595777478;de
Tobel;9555;00;Tobel-Tägerschen;4776;TG;9.032915173302285;47.51544334438284;de
Tobel;9555;00;Affeltrangen;4711;TG;9.021759769865389;47.518511003632455;de
Affeltrangen;9556;00;Affeltrangen;4711;TG;9.032005347266754;47.52672744444655;de
Zezikon;9556;02;Affeltrangen;4711;TG;9.020014087523956;47.53570750470556;de
Märwil;9562;00;Affeltrangen;4711;TG;9.072944835940852;47.53255290130931;de
Märwil;9562;00;Bussnang;4921;TG;9.075038787867085;47.54662861288826;de
Buch b. Märwil;9562;02;Affeltrangen;4711;TG;9.055697975343293;47.537598676741354;de
Bussnang;9565;00;Bussnang;4921;TG;9.080740332916083;47.5578555143614;de
Oberbussnang;9565;02;Bussnang;4921;TG;9.08754796868505;47.548556240830344;de
Oppikon;9565;03;Bussnang;4921;TG;9.057183797676041;47.54974005366434;de
Schmidshof;9565;04;Bussnang;4921;TG;9.054536109882834;47.54569299191831;de
Rothenhausen;9565;05;Bussnang;4921;TG;9.102948691527972;47.54944249993607;de
Littenheid;9573;00;Sirnach;4761;TG;9.008990292789536;47.44094365137128;de
Lütisburg Station;9601;00;Bütschwil-Ganterschwil;3395;SG;9.066761830568804;47.37934900288977;de
Lütisburg Station;9601;00;Lütisburg;3393;SG;9.070776445249043;47.38847742291435;de
Lütisburg Station;9601;00;Mosnang;3394;SG;9.059374416193236;47.38641593321102;de
Lütisburg Station;9601;00;Kirchberg (SG);3392;SG;9.060034252917994;47.38981620644061;de
Bazenheid;9602;00;Kirchberg (SG);3392;SG;9.06534595275568;47.41192592780151;de
Bazenheid;9602;00;Lütisburg;3393;SG;9.07876297808804;47.40994604506967;de
Müselbach;9602;02;Kirchberg (SG);3392;SG;9.042262975882855;47.39002831338856;de
Lütisburg;9604;00;Lütisburg;3393;SG;9.089232289646509;47.39712138017112;de
Oberrindal;9604;01;Oberuzwil;3407;SG;9.133476838281359;47.40520710525588;de
Oberrindal;9604;01;Jonschwil;3405;SG;9.117800272838476;47.40855769205269;de
Oberrindal;9604;01;Lütisburg;3393;SG;9.120780235084299;47.404726935872475;de
Unterrindal;9604;02;Lütisburg;3393;SG;9.090245520719092;47.40843306771134;de
Bütschwil;9606;00;Bütschwil-Ganterschwil;3395;SG;9.072103146205324;47.35959885804457;de
Mosnang;9607;00;Mosnang;3394;SG;9.045237167277019;47.3621439573821;de
Ganterschwil;9608;00;Bütschwil-Ganterschwil;3395;SG;9.091563124252813;47.37915861155864;de
Ganterschwil;9608;00;Lütisburg;3393;SG;9.118234253450314;47.3803031458926;de
Dreien;9612;00;Mosnang;3394;SG;9.011480755068101;47.362797700619716;de
Mühlrüti;9613;00;Mosnang;3394;SG;8.98738284427475;47.36960961661415;de
Mühlrüti;9613;00;Kirchberg (SG);3392;SG;8.983997706696721;47.37799426109926;de
Libingen;9614;00;Mosnang;3394;SG;9.021607252152956;47.328392925075356;de
Libingen;9614;00;Bütschwil-Ganterschwil;3395;SG;9.051361408394275;47.343130542253824;de
Dietfurt;9615;00;Bütschwil-Ganterschwil;3395;SG;9.077837896812182;47.34244263589318;de
Dietfurt;9615;00;Mosnang;3394;SG;9.046856577623902;47.334197170352695;de
Dietfurt;9615;00;Wattwil;3379;SG;9.051612403729676;47.33436468934735;de
Lichtensteig;9620;00;Lichtensteig;3374;SG;9.087213795000823;47.32677239230019;de
Lichtensteig;9620;00;Wattwil;3379;SG;9.082449014624231;47.31814089807929;de
Lichtensteig;9620;00;Neckertal;3396;SG;9.115020292049618;47.32614677692033;de
Lichtensteig;9620;00;Bütschwil-Ganterschwil;3395;SG;9.080405345634967;47.33512811925295;de
Oberhelfenschwil;9621;00;Neckertal;3396;SG;9.10862251134702;47.354236299822084;de
Oberhelfenschwil;9621;00;Bütschwil-Ganterschwil;3395;SG;9.092627811166267;47.33708569931003;de
Krinau;9622;00;Wattwil;3379;SG;9.0533782233682;47.31794876019154;de
Wattwil;9630;00;Wattwil;3379;SG;9.08922172807024;47.29930464862053;de
Wattwil;9630;00;Neckertal;3396;SG;9.149095474035432;47.30522442963644;de
Wattwil;9630;00;Mosnang;3394;SG;9.014337889700847;47.298660944317305;de
Ulisbach;9631;00;Wattwil;3379;SG;9.105095146531177;47.285446640572694;de
Hemberg;9633;00;Neckertal;3396;SG;9.17386568591768;47.297809986572986;de
Hemberg;9633;00;Wattwil;3379;SG;9.142036865854347;47.292931639080585;de
Hemberg;9633;00;Nesslau;3360;SG;9.210442151359834;47.27301639336445;de
Hemberg;9633;00;Ebnat-Kappel;3352;SG;9.164367690135917;47.27687337556239;de
Bächli (Hemberg);9633;02;Neckertal;3396;SG;9.200167153725605;47.304941399666106;de
Ebnat-Kappel;9642;00;Ebnat-Kappel;3352;SG;9.127600854047696;47.2617189413488;de
Ebnat-Kappel;9642;00;Wattwil;3379;SG;9.091878263934097;47.262487891524934;de
Krummenau;9643;00;Nesslau;3360;SG;9.171945711633683;47.24847392262976;de
Krummenau;9643;00;Ebnat-Kappel;3352;SG;9.154033350398736;47.24186951471619;de
Nesslau;9650;00;Nesslau;3360;SG;9.195676367171165;47.222797221201404;de
Ennetbühl;9651;00;Nesslau;3360;SG;9.222210790538949;47.24464765089621;de
Neu St. Johann;9652;00;Nesslau;3360;SG;9.193254550487275;47.2330995863019;de
Stein SG;9655;00;Nesslau;3360;SG;9.225956797823738;47.20024350849388;de
Alt St. Johann;9656;00;Wildhaus-Alt St. Johann;3359;SG;9.27323034130545;47.1902775179527;de
Unterwasser;9657;00;Wildhaus-Alt St. Johann;3359;SG;9.310688327056765;47.19895933557185;de
Wildhaus;9658;00;Wildhaus-Alt St. Johann;3359;SG;9.344015672023144;47.20178634727224;de
Wildhaus;9658;00;Grabs;3273;SG;9.338929672071323;47.17309690196358;de
Wildhaus;9658;00;Gams;3272;SG;9.39182193497006;47.201209124643384;de
